{
    "metadata": {
        "run_id": "e245c844",
        "timestamp": "2026-03-23T01:09:45.805876",
        "description": "Batch automated calculation of ns and r from exact MS equations."
    },
    "model_parameters": {
        "name": "Higgs Inflation",
        "xi": 1000,
        "lambda": 0.13,
        "phi0": 5.657894736842105,
        "yi": -0.17894736842105263,
        "S": 5e-05
    },
    "numerical_settings": {
        "delta_finite_difference": 1e-05,
        "k_start_factor": 100.0
    },
    "background_info": {
        "total_efolds": 71.7434426858706,
        "exit_N_simulation": 11.325991709405866
    },
    "observables": {
        "n_s": 0.9686910200591056,
        "r": 0.0029670607915101076,
        "n_s_SR": 0.9675864555354134,
        "r_SR": 0.0030381564614587837,
        "P_S_pivot": 7.222271650401635e-07,
        "P_T_pivot": 2.1428919039541686e-09
    },
    "spectrum_scan": [
        {
            "label": "k_minus",
            "k_code": 1.706305303266494,
            "P_S": 7.222273917385331e-07,
            "P_T": 2.1428918631813067e-09
        },
        {
            "label": "k_pivot",
            "k_code": 1.706322366490159,
            "P_S": 7.222271650401635e-07,
            "P_T": 2.1428919039541686e-09
        },
        {
            "label": "k_plus",
            "k_code": 1.706339429713824,
            "P_S": 7.222269394946161e-07,
            "P_T": 2.1428919467172333e-09
        }
    ]
}