{
    "metadata": {
        "run_id": "6ed57b4f",
        "timestamp": "2026-03-23T01:12:35.437670",
        "description": "Batch automated calculation of ns and r from exact MS equations."
    },
    "model_parameters": {
        "name": "Higgs Inflation",
        "xi": 1000,
        "lambda": 0.13,
        "phi0": 5.721052631578948,
        "yi": -0.17894736842105263,
        "S": 5e-05
    },
    "numerical_settings": {
        "delta_finite_difference": 1e-05,
        "k_start_factor": 100.0
    },
    "background_info": {
        "total_efolds": 75.75315020802051,
        "exit_N_simulation": 15.448620681014578
    },
    "observables": {
        "n_s": 0.9680928591610669,
        "r": 0.002986888930329305,
        "n_s_SR": 0.9674750014348645,
        "r_SR": 0.003058709577014213,
        "P_S_pivot": 7.173745449041035e-07,
        "P_T_pivot": 2.1427180870740895e-09
    },
    "spectrum_scan": [
        {
            "label": "k_minus",
            "k_code": 105.3111530137556,
            "P_S": 7.173747736176111e-07,
            "P_T": 2.1427180556038095e-09
        },
        {
            "label": "k_pivot",
            "k_code": 105.31220613581695,
            "P_S": 7.173745449041035e-07,
            "P_T": 2.1427180870740895e-09
        },
        {
            "label": "k_plus",
            "k_code": 105.31325925787831,
            "P_S": 7.173743158301987e-07,
            "P_T": 2.1427181173805255e-09
        }
    ]
}