{
    "metadata": {
        "run_id": "24a47c1e",
        "timestamp": "2026-03-23T01:14:02.239068",
        "description": "Batch automated calculation of ns and r from exact MS equations."
    },
    "model_parameters": {
        "name": "Higgs Inflation",
        "xi": 1000,
        "lambda": 0.13,
        "phi0": 5.752631578947368,
        "yi": -0.1736842105263158,
        "S": 5e-05
    },
    "numerical_settings": {
        "delta_finite_difference": 1e-05,
        "k_start_factor": 100.0
    },
    "background_info": {
        "total_efolds": 77.83038296324415,
        "exit_N_simulation": 17.510984512715655
    },
    "observables": {
        "n_s": 0.9681636996500936,
        "r": 0.0029843761000141428,
        "n_s_SR": 0.9674891075452265,
        "r_SR": 0.0030561046562891433,
        "P_S_pivot": 7.179859377378048e-07,
        "P_T_pivot": 2.1427400727309472e-09
    },
    "spectrum_scan": [
        {
            "label": "k_minus",
            "k_code": 828.2277922590257,
            "P_S": 7.179861660642741e-07,
            "P_T": 2.1427400404462095e-09
        },
        {
            "label": "k_pivot",
            "k_code": 828.2360746197719,
            "P_S": 7.179859377378048e-07,
            "P_T": 2.1427400727309472e-09
        },
        {
            "label": "k_plus",
            "k_code": 828.2443569805182,
            "P_S": 7.179857089039547e-07,
            "P_T": 2.142740105897212e-09
        }
    ]
}