{
    "metadata": {
        "run_id": "746a6d6f",
        "timestamp": "2026-03-23T01:14:19.113504",
        "description": "Batch automated calculation of ns and r from exact MS equations."
    },
    "model_parameters": {
        "name": "Higgs Inflation",
        "xi": 1000,
        "lambda": 0.13,
        "phi0": 5.752631578947368,
        "yi": -0.13157894736842107,
        "S": 5e-05
    },
    "numerical_settings": {
        "delta_finite_difference": 1e-05,
        "k_start_factor": 100.0
    },
    "background_info": {
        "total_efolds": 78.48667888306865,
        "exit_N_simulation": 18.540644169124675
    },
    "observables": {
        "n_s": 0.9661479527030592,
        "r": 0.0030407027226504795,
        "n_s_SR": 0.9671742497731391,
        "r_SR": 0.003114504266979879,
        "P_S_pivot": 7.04524740295793e-07,
        "P_T_pivot": 2.1422502959920397e-09
    },
    "spectrum_scan": [
        {
            "label": "k_minus",
            "k_code": 2318.8689407952315,
            "P_S": 7.04524980799105e-07,
            "P_T": 2.1422503034189863e-09
        },
        {
            "label": "k_pivot",
            "k_code": 2318.8921297165284,
            "P_S": 7.04524740295793e-07,
            "P_T": 2.1422502959920397e-09
        },
        {
            "label": "k_plus",
            "k_code": 2318.9153186378257,
            "P_S": 7.045245038070066e-07,
            "P_T": 2.1422502936025684e-09
        }
    ]
}