{
    "metadata": {
        "run_id": "6a877a06",
        "timestamp": "2026-03-23T01:08:06.236366",
        "description": "Batch automated calculation of ns and r from exact MS equations."
    },
    "model_parameters": {
        "name": "Higgs Inflation",
        "xi": 1000,
        "lambda": 0.13,
        "phi0": 5.610526315789474,
        "yi": -0.1105263157894737,
        "S": 5e-05
    },
    "numerical_settings": {
        "delta_finite_difference": 1e-05,
        "k_start_factor": 100.0
    },
    "background_info": {
        "total_efolds": 69.62958276477632,
        "exit_N_simulation": 9.265015011543294
    },
    "observables": {
        "n_s": 0.9685353023094798,
        "r": 0.0029765656725334873,
        "n_s_SR": 0.967532985092854,
        "r_SR": 0.00304800879548786,
        "P_S_pivot": 7.198928958830705e-07,
        "P_T_pivot": 2.1428084817862715e-09
    },
    "spectrum_scan": [
        {
            "label": "k_minus",
            "k_code": 0.2172589078352219,
            "P_S": 7.198931235799389e-07,
            "P_T": 2.1428084450838682e-09
        },
        {
            "label": "k_pivot",
            "k_code": 0.21726108044602635,
            "P_S": 7.198928958830705e-07,
            "P_T": 2.1428084817862715e-09
        },
        {
            "label": "k_plus",
            "k_code": 0.21726325305683084,
            "P_S": 7.198926705556918e-07,
            "P_T": 2.142808521368539e-09
        }
    ]
}