{
    "metadata": {
        "run_id": "f4d36065",
        "timestamp": "2026-03-23T01:11:02.487906",
        "description": "Batch automated calculation of ns and r from exact MS equations."
    },
    "model_parameters": {
        "name": "Higgs Inflation",
        "xi": 1000,
        "lambda": 0.13,
        "phi0": 5.689473684210526,
        "yi": -0.2,
        "S": 5e-05
    },
    "numerical_settings": {
        "delta_finite_difference": 1e-05,
        "k_start_factor": 100.0
    },
    "background_info": {
        "total_efolds": 73.61610173497337,
        "exit_N_simulation": 13.386606097508693
    },
    "observables": {
        "n_s": 0.9675693238126868,
        "r": 0.0029991629554374814,
        "n_s_SR": 0.967406182774509,
        "r_SR": 0.003071433895985536,
        "P_S_pivot": 7.144029588715544e-07,
        "P_T_pivot": 2.1426108895024926e-09
    },
    "spectrum_scan": [
        {
            "label": "k_minus",
            "k_code": 13.394980277109463,
            "P_S": 7.144031903044751e-07,
            "P_T": 2.142610865656547e-09
        },
        {
            "label": "k_pivot",
            "k_code": 13.395114228251744,
            "P_S": 7.144029588715544e-07,
            "P_T": 2.1426108895024926e-09
        },
        {
            "label": "k_plus",
            "k_code": 13.395248179394027,
            "P_S": 7.14402726933055e-07,
            "P_T": 2.1426109100681394e-09
        }
    ]
}