{
    "metadata": {
        "run_id": "bc4a167a",
        "timestamp": "2026-03-23T01:10:19.982190",
        "description": "Batch automated calculation of ns and r from exact MS equations."
    },
    "model_parameters": {
        "name": "Higgs Inflation",
        "xi": 1000,
        "lambda": 0.13,
        "phi0": 5.673684210526316,
        "yi": -0.2,
        "S": 5e-05
    },
    "numerical_settings": {
        "delta_finite_difference": 1e-05,
        "k_start_factor": 100.0
    },
    "background_info": {
        "total_efolds": 72.62189401451256,
        "exit_N_simulation": 12.356059219880628
    },
    "observables": {
        "n_s": 0.9678599294851743,
        "r": 0.002993300640349709,
        "n_s_SR": 0.9674390351062138,
        "r_SR": 0.003065356387964297,
        "P_S_pivot": 7.158191932559906e-07,
        "P_T_pivot": 2.1426620495477687e-09
    },
    "spectrum_scan": [
        {
            "label": "k_minus",
            "k_code": 4.779543078224959,
            "P_S": 7.15819424062953e-07,
            "P_T": 2.142662024301435e-09
        },
        {
            "label": "k_pivot",
            "k_code": 4.7795908741337,
            "P_S": 7.158191932559906e-07,
            "P_T": 2.1426620495477687e-09
        },
        {
            "label": "k_plus",
            "k_code": 4.779638670042442,
            "P_S": 7.15818963933366e-07,
            "P_T": 2.1426620759946015e-09
        }
    ]
}