{
    "metadata": {
        "run_id": "ad8e065c",
        "timestamp": "2026-03-23T01:12:05.808246",
        "description": "Batch automated calculation of ns and r from exact MS equations."
    },
    "model_parameters": {
        "name": "Higgs Inflation",
        "xi": 1000,
        "lambda": 0.13,
        "phi0": 5.705263157894737,
        "yi": -0.1473684210526316,
        "S": 5e-05
    },
    "numerical_settings": {
        "delta_finite_difference": 1e-05,
        "k_start_factor": 100.0
    },
    "background_info": {
        "total_efolds": 75.3083398814101,
        "exit_N_simulation": 15.446950181142512
    },
    "observables": {
        "n_s": 0.9655388633907702,
        "r": 0.0030520661719239503,
        "n_s_SR": 0.9671110628601275,
        "r_SR": 0.00312628914030971,
        "P_S_pivot": 7.0186952728528e-07,
        "P_T_pivot": 2.142152241331657e-09
    },
    "spectrum_scan": [
        {
            "label": "k_minus",
            "k_code": 105.12163911423966,
            "P_S": 7.018697693071334e-07,
            "P_T": 2.1421522549415385e-09
        },
        {
            "label": "k_pivot",
            "k_code": 105.12269034114307,
            "P_S": 7.0186952728528e-07,
            "P_T": 2.142152241331657e-09
        },
        {
            "label": "k_plus",
            "k_code": 105.12374156804648,
            "P_S": 7.018692855627004e-07,
            "P_T": 2.1421522291663863e-09
        }
    ]
}