{
    "metadata": {
        "run_id": "f1b4d7e6",
        "timestamp": "2026-03-23T01:13:51.710925",
        "description": "Batch automated calculation of ns and r from exact MS equations."
    },
    "model_parameters": {
        "name": "Higgs Inflation",
        "xi": 1000,
        "lambda": 0.13,
        "phi0": 5.752631578947368,
        "yi": -0.2,
        "S": 5e-05
    },
    "numerical_settings": {
        "delta_finite_difference": 1e-05,
        "k_start_factor": 100.0
    },
    "background_info": {
        "total_efolds": 77.66623196291849,
        "exit_N_simulation": 17.510310959966716
    },
    "observables": {
        "n_s": 0.9672396547206784,
        "r": 0.003010602457562377,
        "n_s_SR": 0.9673421622962453,
        "r_SR": 0.0030832940993830433,
        "P_S_pivot": 7.116553168926903e-07,
        "P_T_pivot": 2.1425112459744654e-09
    },
    "spectrum_scan": [
        {
            "label": "k_minus",
            "k_code": 827.6264474374508,
            "P_S": 7.116555506825687e-07,
            "P_T": 2.1425112329649567e-09
        },
        {
            "label": "k_pivot",
            "k_code": 827.6347237846886,
            "P_S": 7.116553168926903e-07,
            "P_T": 2.1425112459744654e-09
        },
        {
            "label": "k_plus",
            "k_code": 827.6430001319266,
            "P_S": 7.116550844010895e-07,
            "P_T": 2.1425112635283394e-09
        }
    ]
}