{
    "metadata": {
        "run_id": "5e71f60d",
        "timestamp": "2026-03-23T01:05:03.196714",
        "description": "Batch automated calculation of ns and r from exact MS equations."
    },
    "model_parameters": {
        "name": "Higgs Inflation",
        "xi": 1000,
        "lambda": 0.13,
        "phi0": 5.5473684210526315,
        "yi": -0.1368421052631579,
        "S": 5e-05
    },
    "numerical_settings": {
        "delta_finite_difference": 1e-05,
        "k_start_factor": 100.0
    },
    "background_info": {
        "total_efolds": 66.06180969042072,
        "exit_N_simulation": 6.174380362111974
    },
    "observables": {
        "n_s": 0.9657561684091831,
        "r": 0.003048605711522719,
        "n_s_SR": 0.9671304152609472,
        "r_SR": 0.003122701006314268,
        "P_S_pivot": 7.026760024692616e-07,
        "P_T_pivot": 2.142182074477743e-09
    },
    "spectrum_scan": [
        {
            "label": "k_minus",
            "k_code": 0.009878004435068432,
            "P_S": 7.026762429499737e-07,
            "P_T": 2.1421820874288432e-09
        },
        {
            "label": "k_pivot",
            "k_code": 0.009878103216100593,
            "P_S": 7.026760024692616e-07,
            "P_T": 2.142182074477743e-09
        },
        {
            "label": "k_plus",
            "k_code": 0.009878201997132754,
            "P_S": 7.026757617035996e-07,
            "P_T": 2.142182065642472e-09
        }
    ]
}