{
    "metadata": {
        "run_id": "26256f5d",
        "timestamp": "2026-03-23T01:07:08.937350",
        "description": "Batch automated calculation of ns and r from exact MS equations."
    },
    "model_parameters": {
        "name": "Higgs Inflation",
        "xi": 1000,
        "lambda": 0.13,
        "phi0": 5.594736842105263,
        "yi": -0.1473684210526316,
        "S": 5e-05
    },
    "numerical_settings": {
        "delta_finite_difference": 1e-05,
        "k_start_factor": 100.0
    },
    "background_info": {
        "total_efolds": 68.46862608523908,
        "exit_N_simulation": 8.234637261238035
    },
    "observables": {
        "n_s": 0.9676789446584153,
        "r": 0.0029984460935325434,
        "n_s_SR": 0.9674101983186474,
        "r_SR": 0.0030706911113206423,
        "P_S_pivot": 7.145758412640441e-07,
        "P_T_pivot": 2.142617139770904e-09
    },
    "spectrum_scan": [
        {
            "label": "k_minus",
            "k_code": 0.07753022927556011,
            "P_S": 7.145760722683114e-07,
            "P_T": 2.1426171170514876e-09
        },
        {
            "label": "k_pivot",
            "k_code": 0.07753100458560597,
            "P_S": 7.145758412640441e-07,
            "P_T": 2.142617139770904e-09
        },
        {
            "label": "k_plus",
            "k_code": 0.07753177989565183,
            "P_S": 7.145756103514051e-07,
            "P_T": 2.1426171650160344e-09
        }
    ]
}