{
    "metadata": {
        "run_id": "81c40c05",
        "timestamp": "2026-03-23T01:13:07.196867",
        "description": "Batch automated calculation of ns and r from exact MS equations."
    },
    "model_parameters": {
        "name": "Higgs Inflation",
        "xi": 1000,
        "lambda": 0.13,
        "phi0": 5.721052631578948,
        "yi": -0.1,
        "S": 5e-05
    },
    "numerical_settings": {
        "delta_finite_difference": 1e-05,
        "k_start_factor": 100.0
    },
    "background_info": {
        "total_efolds": 76.6535674115921,
        "exit_N_simulation": 16.479040628139575
    },
    "observables": {
        "n_s": 0.96737179772687,
        "r": 0.003007760758466312,
        "n_s_SR": 0.9673580546581361,
        "r_SR": 0.003080347722211203,
        "P_S_pivot": 7.123359025182875e-07,
        "P_T_pivot": 2.1425359744411893e-09
    },
    "spectrum_scan": [
        {
            "label": "k_minus",
            "k_code": 295.0949820316943,
            "P_S": 7.123361353754412e-07,
            "P_T": 2.142535956966764e-09
        },
        {
            "label": "k_pivot",
            "k_code": 295.0979330110244,
            "P_S": 7.123359025182875e-07,
            "P_T": 2.1425359744411893e-09
        },
        {
            "label": "k_plus",
            "k_code": 295.10088399035453,
            "P_S": 7.123356705306431e-07,
            "P_T": 2.1425359951175365e-09
        }
    ]
}