{
    "metadata": {
        "run_id": "dfd9ede1",
        "timestamp": "2026-03-23T01:12:31.222058",
        "description": "Batch automated calculation of ns and r from exact MS equations."
    },
    "model_parameters": {
        "name": "Higgs Inflation",
        "xi": 1000,
        "lambda": 0.13,
        "phi0": 5.721052631578948,
        "yi": -0.18947368421052632,
        "S": 5e-05
    },
    "numerical_settings": {
        "delta_finite_difference": 1e-05,
        "k_start_factor": 100.0
    },
    "background_info": {
        "total_efolds": 75.69083238702284,
        "exit_N_simulation": 15.448385447316841
    },
    "observables": {
        "n_s": 0.9676913883919112,
        "r": 0.002997090628903421,
        "n_s_SR": 0.9674177926997706,
        "r_SR": 0.0030692854717392823,
        "P_S_pivot": 7.149029609830811e-07,
        "P_T_pivot": 2.1426289649377004e-09
    },
    "spectrum_scan": [
        {
            "label": "k_minus",
            "k_code": 105.28421995326539,
            "P_S": 7.149031920496428e-07,
            "P_T": 2.142628941265361e-09
        },
        {
            "label": "k_pivot",
            "k_code": 105.28527280599344,
            "P_S": 7.149029609830811e-07,
            "P_T": 2.1426289649377004e-09
        },
        {
            "label": "k_plus",
            "k_code": 105.28632565872151,
            "P_S": 7.149027300992e-07,
            "P_T": 2.1426289887140256e-09
        }
    ]
}