{
    "metadata": {
        "run_id": "78deea5f",
        "timestamp": "2026-03-23T02:10:47.936268",
        "description": "Batch automated calculation of ns and r from exact MS equations."
    },
    "model_parameters": {
        "name": "Higgs Inflation",
        "xi": 1000,
        "lambda": 0.13,
        "phi0": 5.5285714285714285,
        "yi": -0.17142857142857143,
        "S": 5e-05
    },
    "numerical_settings": {
        "delta_finite_difference": 1e-05,
        "k_start_factor": 100.0
    },
    "background_info": {
        "total_efolds": 64.46522188281266,
        "exit_N_simulation": 4.5275773630504315
    },
    "observables": {
        "n_s": 0.958156753712047,
        "r": 0.003018510404501798,
        "n_s_SR": 0.9673214301900965,
        "r_SR": 0.0030915386777883892,
        "P_S_pivot": 7.098815508672788e-07,
        "P_T_pivot": 2.1427848472567533e-09
    },
    "spectrum_scan": [
        {
            "label": "k_minus",
            "k_code": 0.0019032589918843163,
            "P_S": 7.09881849475115e-07,
            "P_T": 2.1427850417768613e-09
        },
        {
            "label": "k_pivot",
            "k_code": 0.001903278024664563,
            "P_S": 7.098815508672788e-07,
            "P_T": 2.1427848472567533e-09
        },
        {
            "label": "k_plus",
            "k_code": 0.0019032970574448097,
            "P_S": 7.09881255400143e-07,
            "P_T": 2.142784661924773e-09
        }
    ]
}