{
    "metadata": {
        "run_id": "7ae6fb36",
        "timestamp": "2026-03-23T02:12:04.095107",
        "description": "Batch automated calculation of ns and r from exact MS equations."
    },
    "model_parameters": {
        "name": "Higgs Inflation",
        "xi": 1000,
        "lambda": 0.13,
        "phi0": 5.578571428571428,
        "yi": -0.17142857142857143,
        "S": 5e-05
    },
    "numerical_settings": {
        "delta_finite_difference": 1e-05,
        "k_start_factor": 100.0
    },
    "background_info": {
        "total_efolds": 67.19322441273772,
        "exit_N_simulation": 7.204618880276672
    },
    "observables": {
        "n_s": 0.9581141561412033,
        "r": 0.0030092927044775273,
        "n_s_SR": 0.9673493909981962,
        "r_SR": 0.003081955445323529,
        "P_S_pivot": 7.120822889206561e-07,
        "P_T_pivot": 2.1428640370365895e-09
    },
    "spectrum_scan": [
        {
            "label": "k_minus",
            "k_code": 0.027677718265277273,
            "P_S": 7.120825880077728e-07,
            "P_T": 2.1428642251447027e-09
        },
        {
            "label": "k_pivot",
            "k_code": 0.027677995045227725,
            "P_S": 7.120822889206561e-07,
            "P_T": 2.1428640370365895e-09
        },
        {
            "label": "k_plus",
            "k_code": 0.02767827182517818,
            "P_S": 7.120819914844207e-07,
            "P_T": 2.1428638477440797e-09
        }
    ]
}