{
    "metadata": {
        "run_id": "bf8a9aea",
        "timestamp": "2026-03-23T01:02:38.524461",
        "description": "Batch automated calculation of ns and r from exact MS equations."
    },
    "model_parameters": {
        "name": "Higgs Inflation",
        "xi": 1000,
        "lambda": 0.13,
        "phi0": 5.5,
        "yi": -0.1736842105263158,
        "S": 5e-05
    },
    "numerical_settings": {
        "delta_finite_difference": 1e-05,
        "k_start_factor": 100.0
    },
    "background_info": {
        "total_efolds": 63.11412574200338,
        "exit_N_simulation": 3.0865901187479956
    },
    "observables": {
        "n_s": 0.9823102458060964,
        "r": 0.003029328744208202,
        "n_s_SR": 0.9690689978611937,
        "r_SR": 0.0031046526602343015,
        "P_S_pivot": 7.088502987027457e-07,
        "P_T_pivot": 2.1473405852007974e-09
    },
    "spectrum_scan": [
        {
            "label": "k_minus",
            "k_code": 0.0004504801376550436,
            "P_S": 7.088504242231193e-07,
            "P_T": 2.147340377742314e-09
        },
        {
            "label": "k_pivot",
            "k_code": 0.0004504846425014686,
            "P_S": 7.088502987027457e-07,
            "P_T": 2.1473405852007974e-09
        },
        {
            "label": "k_plus",
            "k_code": 0.00045048914734789364,
            "P_S": 7.088501734353686e-07,
            "P_T": 2.1473407931074907e-09
        }
    ]
}