{
    "metadata": {
        "run_id": "5da14810",
        "timestamp": "2026-03-23T02:05:07.643998",
        "description": "Batch automated calculation of ns and r from exact MS equations."
    },
    "model_parameters": {
        "name": "Higgs Inflation",
        "xi": 1000,
        "lambda": 0.13,
        "phi0": 5.6,
        "yi": -0.13333333333333336,
        "S": 5e-05
    },
    "numerical_settings": {
        "delta_finite_difference": 1e-05,
        "k_start_factor": 100.0
    },
    "background_info": {
        "total_efolds": 69.09518042706388,
        "exit_N_simulation": 9.263763735995301
    },
    "observables": {
        "n_s": 0.9653762644782817,
        "r": 0.0030560159439691204,
        "n_s_SR": 0.9670891254474909,
        "r_SR": 0.0031303857947154166,
        "P_S_pivot": 7.009512581062825e-07,
        "P_T_pivot": 2.1421182207180134e-09
    },
    "spectrum_scan": [
        {
            "label": "k_minus",
            "k_code": 0.21695264545467352,
            "P_S": 7.009514994113911e-07,
            "P_T": 2.1421182342500596e-09
        },
        {
            "label": "k_pivot",
            "k_code": 0.21695481500282354,
            "P_S": 7.009512581062825e-07,
            "P_T": 2.1421182207180134e-09
        },
        {
            "label": "k_plus",
            "k_code": 0.2169569845509736,
            "P_S": 7.009510140203725e-07,
            "P_T": 2.1421182040371177e-09
        }
    ]
}