{
    "metadata": {
        "run_id": "d32612a2",
        "timestamp": "2026-03-23T02:11:34.482265",
        "description": "Batch automated calculation of ns and r from exact MS equations."
    },
    "model_parameters": {
        "name": "Higgs Inflation",
        "xi": 1000,
        "lambda": 0.13,
        "phi0": 5.557142857142857,
        "yi": -0.12857142857142856,
        "S": 5e-05
    },
    "numerical_settings": {
        "delta_finite_difference": 1e-05,
        "k_start_factor": 100.0
    },
    "background_info": {
        "total_efolds": 66.37260707469333,
        "exit_N_simulation": 6.380750049215356
    },
    "observables": {
        "n_s": 0.9534949147065026,
        "r": 0.003008691599890904,
        "n_s_SR": 0.9673528061555745,
        "r_SR": 0.003081332331166522,
        "P_S_pivot": 7.122262583621638e-07,
        "P_T_pivot": 2.1428691607559707e-09
    },
    "spectrum_scan": [
        {
            "label": "k_minus",
            "k_code": 0.012143087416222071,
            "P_S": 7.122265570887104e-07,
            "P_T": 2.142869351522917e-09
        },
        {
            "label": "k_pivot",
            "k_code": 0.012143208848310553,
            "P_S": 7.122262583621638e-07,
            "P_T": 2.1428691607559707e-09
        },
        {
            "label": "k_plus",
            "k_code": 0.012143330280399036,
            "P_S": 7.122258946458837e-07,
            "P_T": 2.1428687766431394e-09
        }
    ]
}