{
    "metadata": {
        "run_id": "96586aa2",
        "timestamp": "2026-03-23T01:12:22.739637",
        "description": "Batch automated calculation of ns and r from exact MS equations."
    },
    "model_parameters": {
        "name": "Higgs Inflation",
        "xi": 1000,
        "lambda": 0.13,
        "phi0": 5.705263157894737,
        "yi": -0.10526315789473685,
        "S": 5e-05
    },
    "numerical_settings": {
        "delta_finite_difference": 1e-05,
        "k_start_factor": 100.0
    },
    "background_info": {
        "total_efolds": 75.6034900941911,
        "exit_N_simulation": 15.447913997509012
    },
    "observables": {
        "n_s": 0.9671224255595114,
        "r": 0.003010654834776368,
        "n_s_SR": 0.9673418691926716,
        "r_SR": 0.003083348312550051,
        "P_S_pivot": 7.116427839526167e-07,
        "P_T_pivot": 2.14251078814066e-09
    },
    "spectrum_scan": [
        {
            "label": "k_minus",
            "k_code": 105.23172618381476,
            "P_S": 7.116430202199515e-07,
            "P_T": 2.1425107778925535e-09
        },
        {
            "label": "k_pivot",
            "k_code": 105.23277851159988,
            "P_S": 7.116427839526167e-07,
            "P_T": 2.14251078814066e-09
        },
        {
            "label": "k_plus",
            "k_code": 105.23383083938499,
            "P_S": 7.116425522781778e-07,
            "P_T": 2.14251080648987e-09
        }
    ]
}