{
    "metadata": {
        "run_id": "ec1d9531",
        "timestamp": "2026-03-23T02:12:03.455606",
        "description": "Batch automated calculation of ns and r from exact MS equations."
    },
    "model_parameters": {
        "name": "Higgs Inflation",
        "xi": 1000,
        "lambda": 0.13,
        "phi0": 5.578571428571428,
        "yi": -0.17857142857142858,
        "S": 5e-05
    },
    "numerical_settings": {
        "delta_finite_difference": 1e-05,
        "k_start_factor": 100.0
    },
    "background_info": {
        "total_efolds": 67.15888831312463,
        "exit_N_simulation": 7.204551238151495
    },
    "observables": {
        "n_s": 0.9568545599805319,
        "r": 0.003015533287647767,
        "n_s_SR": 0.9673145072175648,
        "r_SR": 0.0030884257634395365,
        "P_S_pivot": 7.105910176929065e-07,
        "P_T_pivot": 2.1428108677564628e-09
    },
    "spectrum_scan": [
        {
            "label": "k_minus",
            "k_code": 0.027675499461220762,
            "P_S": 7.105912655866414e-07,
            "P_T": 2.1428109061818423e-09
        },
        {
            "label": "k_pivot",
            "k_code": 0.027675776218982952,
            "P_S": 7.105910176929065e-07,
            "P_T": 2.1428108677564628e-09
        },
        {
            "label": "k_plus",
            "k_code": 0.027676052976745143,
            "P_S": 7.105906524114487e-07,
            "P_T": 2.1428104756104627e-09
        }
    ]
}