{
    "metadata": {
        "run_id": "961af078",
        "timestamp": "2026-03-23T02:12:24.764783",
        "description": "Batch automated calculation of ns and r from exact MS equations."
    },
    "model_parameters": {
        "name": "Higgs Inflation",
        "xi": 1000,
        "lambda": 0.13,
        "phi0": 5.5928571428571425,
        "yi": -0.17857142857142858,
        "S": 5e-05
    },
    "numerical_settings": {
        "delta_finite_difference": 1e-05,
        "k_start_factor": 100.0
    },
    "background_info": {
        "total_efolds": 67.97674043551432,
        "exit_N_simulation": 8.028435735432609
    },
    "observables": {
        "n_s": 0.9531124056619282,
        "r": 0.0030166143768467516,
        "n_s_SR": 0.9673084603859143,
        "r_SR": 0.0030895466358743925,
        "P_S_pivot": 7.103333068092232e-07,
        "P_T_pivot": 2.1428016656737973e-09
    },
    "spectrum_scan": [
        {
            "label": "k_minus",
            "k_code": 0.06308164591796593,
            "P_S": 7.103336061889725e-07,
            "P_T": 2.142801860738251e-09
        },
        {
            "label": "k_pivot",
            "k_code": 0.06308227674073334,
            "P_S": 7.103333068092232e-07,
            "P_T": 2.1428016656737973e-09
        },
        {
            "label": "k_plus",
            "k_code": 0.06308290756350075,
            "P_S": 7.103329400726055e-07,
            "P_T": 2.1428012690276593e-09
        }
    ]
}