{
    "metadata": {
        "run_id": "e472e27d",
        "timestamp": "2026-03-23T01:02:51.073313",
        "description": "Batch automated calculation of ns and r from exact MS equations."
    },
    "model_parameters": {
        "name": "Higgs Inflation",
        "xi": 1000,
        "lambda": 0.13,
        "phi0": 5.5,
        "yi": -0.14210526315789473,
        "S": 5e-05
    },
    "numerical_settings": {
        "delta_finite_difference": 1e-05,
        "k_start_factor": 100.0
    },
    "background_info": {
        "total_efolds": 63.28942445739653,
        "exit_N_simulation": 3.086686981259666
    },
    "observables": {
        "n_s": 0.9819247729968882,
        "r": 0.0030033037945709578,
        "n_s_SR": 0.9687942201983566,
        "r_SR": 0.003077246509689787,
        "P_S_pivot": 7.150693657268921e-07,
        "P_T_pivot": 2.147570539469023e-09
    },
    "spectrum_scan": [
        {
            "label": "k_minus",
            "k_code": 0.00045054727356975223,
            "P_S": 7.150694954833268e-07,
            "P_T": 2.147570345158916e-09
        },
        {
            "label": "k_pivot",
            "k_code": 0.00045055177908754306,
            "P_S": 7.150693657268921e-07,
            "P_T": 2.147570539469023e-09
        },
        {
            "label": "k_plus",
            "k_code": 0.00045055628460533394,
            "P_S": 7.150692369825041e-07,
            "P_T": 2.1475707347625904e-09
        }
    ]
}