{
    "metadata": {
        "run_id": "4c552261",
        "timestamp": "2026-03-23T01:06:58.392155",
        "description": "Batch automated calculation of ns and r from exact MS equations."
    },
    "model_parameters": {
        "name": "Higgs Inflation",
        "xi": 1000,
        "lambda": 0.13,
        "phi0": 5.594736842105263,
        "yi": -0.1736842105263158,
        "S": 5e-05
    },
    "numerical_settings": {
        "delta_finite_difference": 1e-05,
        "k_start_factor": 100.0
    },
    "background_info": {
        "total_efolds": 68.31513743177058,
        "exit_N_simulation": 8.234342789235239
    },
    "observables": {
        "n_s": 0.9667412718738617,
        "r": 0.0030217592475899556,
        "n_s_SR": 0.9672798335343966,
        "r_SR": 0.003094862089585373,
        "P_S_pivot": 7.089957005302746e-07,
        "P_T_pivot": 2.142414314578876e-09
    },
    "spectrum_scan": [
        {
            "label": "k_minus",
            "k_code": 0.07750377376773097,
            "P_S": 7.089959365304746e-07,
            "P_T": 2.1424143066611026e-09
        },
        {
            "label": "k_pivot",
            "k_code": 0.07750454881321911,
            "P_S": 7.089957005302746e-07,
            "P_T": 2.142414314578876e-09
        },
        {
            "label": "k_plus",
            "k_code": 0.07750532385870725,
            "P_S": 7.089954649245697e-07,
            "P_T": 2.1424143217584814e-09
        }
    ]
}