{
    "metadata": {
        "run_id": "ecb64939",
        "timestamp": "2026-03-23T01:05:18.937147",
        "description": "Batch automated calculation of ns and r from exact MS equations."
    },
    "model_parameters": {
        "name": "Higgs Inflation",
        "xi": 1000,
        "lambda": 0.13,
        "phi0": 5.5473684210526315,
        "yi": -0.1,
        "S": 5e-05
    },
    "numerical_settings": {
        "delta_finite_difference": 1e-05,
        "k_start_factor": 100.0
    },
    "background_info": {
        "total_efolds": 66.2902424212173,
        "exit_N_simulation": 6.174684164813388
    },
    "observables": {
        "n_s": 0.9668650017009784,
        "r": 0.0030166571653210145,
        "n_s_SR": 0.9673084008990158,
        "r_SR": 0.003089572148979417,
        "P_S_pivot": 7.102095150335648e-07,
        "P_T_pivot": 2.1424586224051663e-09
    },
    "spectrum_scan": [
        {
            "label": "k_minus",
            "k_code": 0.009881637478325997,
            "P_S": 7.102097460241143e-07,
            "P_T": 2.142458600736674e-09
        },
        {
            "label": "k_pivot",
            "k_code": 0.009881736295688955,
            "P_S": 7.102095150335648e-07,
            "P_T": 2.1424586224051663e-09
        },
        {
            "label": "k_plus",
            "k_code": 0.009881835113051912,
            "P_S": 7.102092753682961e-07,
            "P_T": 2.1424586192900984e-09
        }
    ]
}