{
    "metadata": {
        "run_id": "48b6d4a4",
        "timestamp": "2026-03-23T01:13:37.007601",
        "description": "Batch automated calculation of ns and r from exact MS equations."
    },
    "model_parameters": {
        "name": "Higgs Inflation",
        "xi": 1000,
        "lambda": 0.13,
        "phi0": 5.7368421052631575,
        "yi": -0.13157894736842107,
        "S": 5e-05
    },
    "numerical_settings": {
        "delta_finite_difference": 1e-05,
        "k_start_factor": 100.0
    },
    "background_info": {
        "total_efolds": 77.45645945112206,
        "exit_N_simulation": 17.50937539070352
    },
    "observables": {
        "n_s": 0.9659111608724834,
        "r": 0.0030405596205720954,
        "n_s_SR": 0.9671750465870028,
        "r_SR": 0.003114356447927616,
        "P_S_pivot": 7.045583040587076e-07,
        "P_T_pivot": 2.142251529659663e-09
    },
    "spectrum_scan": [
        {
            "label": "k_minus",
            "k_code": 826.802893800688,
            "P_S": 7.045585468386728e-07,
            "P_T": 2.142251542300503e-09
        },
        {
            "label": "k_pivot",
            "k_code": 826.811161912307,
            "P_S": 7.045583040587076e-07,
            "P_T": 2.142251529659663e-09
        },
        {
            "label": "k_plus",
            "k_code": 826.8194300239262,
            "P_S": 7.045580664871771e-07,
            "P_T": 2.142251527427413e-09
        }
    ]
}