{
    "metadata": {
        "run_id": "b23ff1fa",
        "timestamp": "2026-03-23T01:08:54.954935",
        "description": "Batch automated calculation of ns and r from exact MS equations."
    },
    "model_parameters": {
        "name": "Higgs Inflation",
        "xi": 1000,
        "lambda": 0.13,
        "phi0": 5.6421052631578945,
        "yi": -0.2,
        "S": 5e-05
    },
    "numerical_settings": {
        "delta_finite_difference": 1e-05,
        "k_start_factor": 100.0
    },
    "background_info": {
        "total_efolds": 70.65096093932583,
        "exit_N_simulation": 10.295404325294447
    },
    "observables": {
        "n_s": 0.9684677104214899,
        "r": 0.002978145708005089,
        "n_s_SR": 0.967524104150215,
        "r_SR": 0.003049646541184657,
        "P_S_pivot": 7.195063119783015e-07,
        "P_T_pivot": 2.1427946349007494e-09
    },
    "spectrum_scan": [
        {
            "label": "k_minus",
            "k_code": 0.6087915275739275,
            "P_S": 7.195065389843842e-07,
            "P_T": 2.1427945978027035e-09
        },
        {
            "label": "k_pivot",
            "k_code": 0.6087976155500829,
            "P_S": 7.195063119783015e-07,
            "P_T": 2.1427946349007494e-09
        },
        {
            "label": "k_plus",
            "k_code": 0.6088037035262385,
            "P_S": 7.195060852307562e-07,
            "P_T": 2.1427946712115964e-09
        }
    ]
}