{
    "metadata": {
        "run_id": "c80b64aa",
        "timestamp": "2026-03-23T01:06:34.980419",
        "description": "Batch automated calculation of ns and r from exact MS equations."
    },
    "model_parameters": {
        "name": "Higgs Inflation",
        "xi": 1000,
        "lambda": 0.13,
        "phi0": 5.578947368421052,
        "yi": -0.12631578947368421,
        "S": 5e-05
    },
    "numerical_settings": {
        "delta_finite_difference": 1e-05,
        "k_start_factor": 100.0
    },
    "background_info": {
        "total_efolds": 67.61635866803532,
        "exit_N_simulation": 7.205078350384098
    },
    "observables": {
        "n_s": 0.9692229922148153,
        "r": 0.002968190943226608,
        "n_s_SR": 0.967580098558187,
        "r_SR": 0.0030393280307911335,
        "P_S_pivot": 7.219488284089129e-07,
        "P_T_pivot": 2.1428819739563956e-09
    },
    "spectrum_scan": [
        {
            "label": "k_minus",
            "k_code": 0.027692732835300125,
            "P_S": 7.219490482402389e-07,
            "P_T": 2.142881916343337e-09
        },
        {
            "label": "k_pivot",
            "k_code": 0.027693009765397777,
            "P_S": 7.219488284089129e-07,
            "P_T": 2.1428819739563956e-09
        },
        {
            "label": "k_plus",
            "k_code": 0.027693286695495433,
            "P_S": 7.219486038517472e-07,
            "P_T": 2.1428820197289117e-09
        }
    ]
}