{
    "metadata": {
        "run_id": "6b48ca6d",
        "timestamp": "2026-03-23T02:10:15.162658",
        "description": "Batch automated calculation of ns and r from exact MS equations."
    },
    "model_parameters": {
        "name": "Higgs Inflation",
        "xi": 1000,
        "lambda": 0.13,
        "phi0": 5.5,
        "yi": -0.15000000000000002,
        "S": 5e-05
    },
    "numerical_settings": {
        "delta_finite_difference": 1e-05,
        "k_start_factor": 100.0
    },
    "background_info": {
        "total_efolds": 63.07224908417038,
        "exit_N_simulation": 3.086662200888245
    },
    "observables": {
        "n_s": 0.9820363948189805,
        "r": 0.003009788694135585,
        "n_s_SR": 0.9688633187300586,
        "r_SR": 0.003084075607381678,
        "P_S_pivot": 7.135096170534772e-07,
        "P_T_pivot": 2.1475131785645665e-09
    },
    "spectrum_scan": [
        {
            "label": "k_minus",
            "k_code": 0.0004505302437844684,
            "P_S": 7.135097447989779e-07,
            "P_T": 2.1475129803800554e-09
        },
        {
            "label": "k_pivot",
            "k_code": 0.0004505347491319597,
            "P_S": 7.135096170534772e-07,
            "P_T": 2.1475131785645665e-09
        },
        {
            "label": "k_plus",
            "k_code": 0.00045053925447945104,
            "P_S": 7.13509488454877e-07,
            "P_T": 2.1475133775051438e-09
        }
    ]
}