{
    "metadata": {
        "run_id": "2b685a25",
        "timestamp": "2026-03-23T01:07:38.775509",
        "description": "Batch automated calculation of ns and r from exact MS equations."
    },
    "model_parameters": {
        "name": "Higgs Inflation",
        "xi": 1000,
        "lambda": 0.13,
        "phi0": 5.610526315789474,
        "yi": -0.17894736842105263,
        "S": 5e-05
    },
    "numerical_settings": {
        "delta_finite_difference": 1e-05,
        "k_start_factor": 100.0
    },
    "background_info": {
        "total_efolds": 69.22989899457876,
        "exit_N_simulation": 9.264131292863475
    },
    "observables": {
        "n_s": 0.9661556137740843,
        "r": 0.0030380012797205794,
        "n_s_SR": 0.9671892874578647,
        "r_SR": 0.003111703858881994,
        "P_S_pivot": 7.051589007191598e-07,
        "P_T_pivot": 2.1422736427911646e-09
    },
    "spectrum_scan": [
        {
            "label": "k_minus",
            "k_code": 0.21704020698448404,
            "P_S": 7.051591398671878e-07,
            "P_T": 2.142273648919911e-09
        },
        {
            "label": "k_pivot",
            "k_code": 0.2170423774082581,
            "P_S": 7.051589007191598e-07,
            "P_T": 2.1422736427911646e-09
        },
        {
            "label": "k_plus",
            "k_code": 0.2170445478320322,
            "P_S": 7.051586625537835e-07,
            "P_T": 2.1422736420869258e-09
        }
    ]
}