{
    "metadata": {
        "run_id": "29296464",
        "timestamp": "2026-03-23T01:06:22.062461",
        "description": "Batch automated calculation of ns and r from exact MS equations."
    },
    "model_parameters": {
        "name": "Higgs Inflation",
        "xi": 1000,
        "lambda": 0.13,
        "phi0": 5.578947368421052,
        "yi": -0.15789473684210528,
        "S": 5e-05
    },
    "numerical_settings": {
        "delta_finite_difference": 1e-05,
        "k_start_factor": 100.0
    },
    "background_info": {
        "total_efolds": 67.45712354096298,
        "exit_N_simulation": 7.204774124338446
    },
    "observables": {
        "n_s": 0.9677010079873558,
        "r": 0.0029954935382886126,
        "n_s_SR": 0.967426749392569,
        "r_SR": 0.0030676301993995837,
        "P_S_pivot": 7.152887755220968e-07,
        "P_T_pivot": 2.142642905086815e-09
    },
    "spectrum_scan": [
        {
            "label": "k_minus",
            "k_code": 0.027682784457268836,
            "P_S": 7.152890058552315e-07,
            "P_T": 2.1426428783370352e-09
        },
        {
            "label": "k_pivot",
            "k_code": 0.027683061287881713,
            "P_S": 7.152887755220968e-07,
            "P_T": 2.142642905086815e-09
        },
        {
            "label": "k_plus",
            "k_code": 0.027683338118494594,
            "P_S": 7.152885437931031e-07,
            "P_T": 2.1426429285227067e-09
        }
    ]
}