{
    "metadata": {
        "run_id": "c7589ba0",
        "timestamp": "2026-03-23T01:05:43.095179",
        "description": "Batch automated calculation of ns and r from exact MS equations."
    },
    "model_parameters": {
        "name": "Higgs Inflation",
        "xi": 1000,
        "lambda": 0.13,
        "phi0": 5.563157894736842,
        "yi": -0.1473684210526316,
        "S": 5e-05
    },
    "numerical_settings": {
        "delta_finite_difference": 1e-05,
        "k_start_factor": 100.0
    },
    "background_info": {
        "total_efolds": 66.55839493571177,
        "exit_N_simulation": 6.175247000037849
    },
    "observables": {
        "n_s": 0.9686772190104352,
        "r": 0.00297327208602588,
        "n_s_SR": 0.9675516412996278,
        "r_SR": 0.0030445949476339915,
        "P_S_pivot": 7.207000594623824e-07,
        "P_T_pivot": 2.1428373691966936e-09
    },
    "spectrum_scan": [
        {
            "label": "k_minus",
            "k_code": 0.009888064329427699,
            "P_S": 7.207002847414392e-07,
            "P_T": 2.142837328578243e-09
        },
        {
            "label": "k_pivot",
            "k_code": 0.009888163211059809,
            "P_S": 7.207000594623824e-07,
            "P_T": 2.1428373691966936e-09
        },
        {
            "label": "k_plus",
            "k_code": 0.00988826209269192,
            "P_S": 7.206998332548375e-07,
            "P_T": 2.1428374104243526e-09
        }
    ]
}