{
    "metadata": {
        "run_id": "9e081aa5",
        "timestamp": "2026-03-23T01:09:39.429830",
        "description": "Batch automated calculation of ns and r from exact MS equations."
    },
    "model_parameters": {
        "name": "Higgs Inflation",
        "xi": 1000,
        "lambda": 0.13,
        "phi0": 5.657894736842105,
        "yi": -0.19473684210526318,
        "S": 5e-05
    },
    "numerical_settings": {
        "delta_finite_difference": 1e-05,
        "k_start_factor": 100.0
    },
    "background_info": {
        "total_efolds": 71.66214638791085,
        "exit_N_simulation": 11.325742334992128
    },
    "observables": {
        "n_s": 0.9682875953874965,
        "r": 0.002981467403629322,
        "n_s_SR": 0.9675054413039681,
        "r_SR": 0.0030530897903817147,
        "P_S_pivot": 7.18694940050194e-07,
        "P_T_pivot": 2.142765536912983e-09
    },
    "spectrum_scan": [
        {
            "label": "k_minus",
            "k_code": 1.7058302070556597,
            "P_S": 7.186951680496023e-07,
            "P_T": 2.1427655008947198e-09
        },
        {
            "label": "k_pivot",
            "k_code": 1.7058472655283148,
            "P_S": 7.18694940050194e-07,
            "P_T": 2.142765536912983e-09
        },
        {
            "label": "k_plus",
            "k_code": 1.70586432400097,
            "P_S": 7.186947122187087e-07,
            "P_T": 2.14276557091491e-09
        }
    ]
}