{
    "metadata": {
        "run_id": "69f8b0c2",
        "timestamp": "2026-03-23T02:11:14.624327",
        "description": "Batch automated calculation of ns and r from exact MS equations."
    },
    "model_parameters": {
        "name": "Higgs Inflation",
        "xi": 1000,
        "lambda": 0.13,
        "phi0": 5.542857142857143,
        "yi": -0.1142857142857143,
        "S": 5e-05
    },
    "numerical_settings": {
        "delta_finite_difference": 1e-05,
        "k_start_factor": 100.0
    },
    "background_info": {
        "total_efolds": 65.72895180698981,
        "exit_N_simulation": 5.762895413381309
    },
    "observables": {
        "n_s": 0.9623209440360564,
        "r": 0.0030134182672017567,
        "n_s_SR": 0.9673266472792876,
        "r_SR": 0.003086233244582952,
        "P_S_pivot": 7.110956978548662e-07,
        "P_T_pivot": 2.142828765644435e-09
    },
    "spectrum_scan": [
        {
            "label": "k_minus",
            "k_code": 0.006546273425934303,
            "P_S": 7.110959702461137e-07,
            "P_T": 2.1428288759342647e-09
        },
        {
            "label": "k_pivot",
            "k_code": 0.0065463388893231955,
            "P_S": 7.110956978548662e-07,
            "P_T": 2.142828765644435e-09
        },
        {
            "label": "k_plus",
            "k_code": 0.006546404352712089,
            "P_S": 7.110954343778186e-07,
            "P_T": 2.142828678367376e-09
        }
    ]
}