{
    "metadata": {
        "run_id": "74342cc4",
        "timestamp": "2026-03-23T01:07:36.676199",
        "description": "Batch automated calculation of ns and r from exact MS equations."
    },
    "model_parameters": {
        "name": "Higgs Inflation",
        "xi": 1000,
        "lambda": 0.13,
        "phi0": 5.610526315789474,
        "yi": -0.1842105263157895,
        "S": 5e-05
    },
    "numerical_settings": {
        "delta_finite_difference": 1e-05,
        "k_start_factor": 100.0
    },
    "background_info": {
        "total_efolds": 69.19480883375765,
        "exit_N_simulation": 9.264064200649628
    },
    "observables": {
        "n_s": 0.9659378472581597,
        "r": 0.00304278125447935,
        "n_s_SR": 0.9671626839504674,
        "r_SR": 0.00311666065948972,
        "P_S_pivot": 7.040375764059469e-07,
        "P_T_pivot": 2.1422323399370884e-09
    },
    "spectrum_scan": [
        {
            "label": "k_minus",
            "k_code": 0.21702357285528956,
            "P_S": 7.040378173470141e-07,
            "P_T": 2.1422323484590976e-09
        },
        {
            "label": "k_pivot",
            "k_code": 0.2170257431127207,
            "P_S": 7.040375764059469e-07,
            "P_T": 2.1422323399370884e-09
        },
        {
            "label": "k_plus",
            "k_code": 0.21702791337015181,
            "P_S": 7.040373377263038e-07,
            "P_T": 2.1422323362921993e-09
        }
    ]
}