{
    "metadata": {
        "run_id": "c2d2484d",
        "timestamp": "2026-03-23T01:09:50.010491",
        "description": "Batch automated calculation of ns and r from exact MS equations."
    },
    "model_parameters": {
        "name": "Higgs Inflation",
        "xi": 1000,
        "lambda": 0.13,
        "phi0": 5.657894736842105,
        "yi": -0.16842105263157897,
        "S": 5e-05
    },
    "numerical_settings": {
        "delta_finite_difference": 1e-05,
        "k_start_factor": 100.0
    },
    "background_info": {
        "total_efolds": 72.186214455469,
        "exit_N_simulation": 12.354706328512068
    },
    "observables": {
        "n_s": 0.9654053754141647,
        "r": 0.003056003942338577,
        "n_s_SR": 0.9670891921144003,
        "r_SR": 0.0031303729162677563,
        "P_S_pivot": 7.009540441049357e-07,
        "P_T_pivot": 2.1421183221828523e-09
    },
    "spectrum_scan": [
        {
            "label": "k_minus",
            "k_code": 4.772481706282204,
            "P_S": 7.009542869361111e-07,
            "P_T": 2.1421183394970565e-09
        },
        {
            "label": "k_pivot",
            "k_code": 4.77252943157652,
            "P_S": 7.009540441049357e-07,
            "P_T": 2.1421183221828523e-09
        },
        {
            "label": "k_plus",
            "k_code": 4.772577156870836,
            "P_S": 7.009538019512707e-07,
            "P_T": 2.142118305566538e-09
        }
    ]
}