{
    "metadata": {
        "run_id": "7e420e29",
        "timestamp": "2026-03-23T01:16:19.198026",
        "description": "Batch automated calculation of ns and r from exact MS equations."
    },
    "model_parameters": {
        "name": "Higgs Inflation",
        "xi": 1000,
        "lambda": 0.13,
        "phi0": 5.8,
        "yi": -0.1473684210526316,
        "S": 5e-05
    },
    "numerical_settings": {
        "delta_finite_difference": 1e-05,
        "k_start_factor": 100.0
    },
    "background_info": {
        "total_efolds": 81.51078811537823,
        "exit_N_simulation": 21.634906052175825
    },
    "observables": {
        "n_s": 0.965572975570516,
        "r": 0.003050143780229234,
        "n_s_SR": 0.967121744115403,
        "r_SR": 0.003124294567885667,
        "P_S_pivot": 7.023173221505453e-07,
        "P_T_pivot": 2.142168811904737e-09
    },
    "spectrum_scan": [
        {
            "label": "k_minus",
            "k_code": 51178.65620754953,
            "P_S": 7.023175640983335e-07,
            "P_T": 2.1421688243590284e-09
        },
        {
            "label": "k_pivot",
            "k_code": 51179.16799922952,
            "P_S": 7.023173221505453e-07,
            "P_T": 2.142168811904737e-09
        },
        {
            "label": "k_plus",
            "k_code": 51179.67979090951,
            "P_S": 7.023170805244209e-07,
            "P_T": 2.1421687985226594e-09
        }
    ]
}