{
    "metadata": {
        "run_id": "cb85b2cb",
        "timestamp": "2026-03-23T02:10:46.010431",
        "description": "Batch automated calculation of ns and r from exact MS equations."
    },
    "model_parameters": {
        "name": "Higgs Inflation",
        "xi": 1000,
        "lambda": 0.13,
        "phi0": 5.5285714285714285,
        "yi": -0.19285714285714287,
        "S": 5e-05
    },
    "numerical_settings": {
        "delta_finite_difference": 1e-05,
        "k_start_factor": 100.0
    },
    "background_info": {
        "total_efolds": 64.26953245695039,
        "exit_N_simulation": 4.321764726602247
    },
    "observables": {
        "n_s": 0.9722959381999882,
        "r": 0.003016711287673851,
        "n_s_SR": 0.9673587727696703,
        "r_SR": 0.0030896979898833643,
        "P_S_pivot": 7.105070327990813e-07,
        "P_T_pivot": 2.1433945858166436e-09
    },
    "spectrum_scan": [
        {
            "label": "k_minus",
            "k_code": 0.001549230961631867,
            "P_S": 7.105072381857905e-07,
            "P_T": 2.1433945486179567e-09
        },
        {
            "label": "k_pivot",
            "k_code": 0.0015492464540964078,
            "P_S": 7.105070327990813e-07,
            "P_T": 2.1433945858166436e-09
        },
        {
            "label": "k_plus",
            "k_code": 0.0015492619465609489,
            "P_S": 7.105068445071703e-07,
            "P_T": 2.143394673236803e-09
        }
    ]
}