{
    "metadata": {
        "run_id": "ab2fe567",
        "timestamp": "2026-03-23T01:12:58.746475",
        "description": "Batch automated calculation of ns and r from exact MS equations."
    },
    "model_parameters": {
        "name": "Higgs Inflation",
        "xi": 1000,
        "lambda": 0.13,
        "phi0": 5.721052631578948,
        "yi": -0.12105263157894738,
        "S": 5e-05
    },
    "numerical_settings": {
        "delta_finite_difference": 1e-05,
        "k_start_factor": 100.0
    },
    "background_info": {
        "total_efolds": 76.5113643658442,
        "exit_N_simulation": 16.47852330434977
    },
    "observables": {
        "n_s": 0.9665278949140661,
        "r": 0.0030286415634161465,
        "n_s_SR": 0.9672414381477978,
        "r_SR": 0.003101997996795246,
        "P_S_pivot": 7.073648698134507e-07,
        "P_T_pivot": 2.1423546452174683e-09
    },
    "spectrum_scan": [
        {
            "label": "k_minus",
            "k_code": 294.93001142105857,
            "P_S": 7.073651058755429e-07,
            "P_T": 2.142354640416e-09
        },
        {
            "label": "k_pivot",
            "k_code": 294.93296075066604,
            "P_S": 7.073648698134507e-07,
            "P_T": 2.1423546452174683e-09
        },
        {
            "label": "k_plus",
            "k_code": 294.9359100802736,
            "P_S": 7.073646323357182e-07,
            "P_T": 2.1423546471169666e-09
        }
    ]
}