{
    "metadata": {
        "run_id": "7a3713ae",
        "timestamp": "2026-03-22T23:39:52.896591",
        "description": "Batch automated calculation of ns and r from exact MS equations."
    },
    "model_parameters": {
        "name": "Higgs Inflation",
        "xi": 1000,
        "lambda": 0.13,
        "phi0": 5.875,
        "yi": -0.2,
        "S": 5e-05
    },
    "numerical_settings": {
        "delta_finite_difference": 1e-05,
        "k_start_factor": 100.0
    },
    "background_info": {
        "total_efolds": 85.99432690966903,
        "exit_N_simulation": 25.76444932120966
    },
    "observables": {
        "n_s": 0.9678469153624192,
        "r": 0.0029991020988630896,
        "P_S_pivot": 7.144176275909271e-07,
        "P_T_pivot": 2.1426114063727388e-09
    },
    "spectrum_scan": [
        {
            "label": "k_minus",
            "k_code": 3181054.7326728394,
            "P_S": 7.144178595516664e-07,
            "P_T": 2.1426113878054093e-09
        },
        {
            "label": "k_pivot",
            "k_code": 3181086.5435382747,
            "P_S": 7.144176275909271e-07,
            "P_T": 2.1426114063727388e-09
        },
        {
            "label": "k_plus",
            "k_code": 3181118.3544037105,
            "P_S": 7.14417400137057e-07,
            "P_T": 2.142611442511769e-09
        }
    ]
}