{
    "metadata": {
        "run_id": "bb798d43",
        "timestamp": "2026-03-23T01:03:55.256815",
        "description": "Batch automated calculation of ns and r from exact MS equations."
    },
    "model_parameters": {
        "name": "Higgs Inflation",
        "xi": 1000,
        "lambda": 0.13,
        "phi0": 5.531578947368421,
        "yi": -0.19473684210526318,
        "S": 5e-05
    },
    "numerical_settings": {
        "delta_finite_difference": 1e-05,
        "k_start_factor": 100.0
    },
    "background_info": {
        "total_efolds": 64.44306720216704,
        "exit_N_simulation": 4.116167323175056
    },
    "observables": {
        "n_s": 0.9683292267088116,
        "r": 0.0029830905853091574,
        "n_s_SR": 0.967592564947531,
        "r_SR": 0.003054876856203911,
        "P_S_pivot": 7.182992859765064e-07,
        "P_T_pivot": 2.142751837430806e-09
    },
    "spectrum_scan": [
        {
            "label": "k_minus",
            "k_code": 0.0012614084293192387,
            "P_S": 7.182995135688394e-07,
            "P_T": 2.1427518019910606e-09
        },
        {
            "label": "k_pivot",
            "k_code": 0.001261421043529674,
            "P_S": 7.182992859765064e-07,
            "P_T": 2.142751837430806e-09
        },
        {
            "label": "k_plus",
            "k_code": 0.0012614336577401093,
            "P_S": 7.182990585869623e-07,
            "P_T": 2.1427518733381334e-09
        }
    ]
}