{
    "metadata": {
        "run_id": "206b66cc",
        "timestamp": "2026-03-23T01:14:44.384439",
        "description": "Batch automated calculation of ns and r from exact MS equations."
    },
    "model_parameters": {
        "name": "Higgs Inflation",
        "xi": 1000,
        "lambda": 0.13,
        "phi0": 5.768421052631579,
        "yi": -0.1736842105263158,
        "S": 5e-05
    },
    "numerical_settings": {
        "delta_finite_difference": 1e-05,
        "k_start_factor": 100.0
    },
    "background_info": {
        "total_efolds": 78.86514703125346,
        "exit_N_simulation": 18.542343753707186
    },
    "observables": {
        "n_s": 0.9680604567233605,
        "r": 0.0029837967239712566,
        "n_s_SR": 0.9674923594163753,
        "r_SR": 0.003055503491269105,
        "P_S_pivot": 7.181270512924418e-07,
        "P_T_pivot": 2.1427451430415263e-09
    },
    "spectrum_scan": [
        {
            "label": "k_minus",
            "k_code": 2323.07876165159,
            "P_S": 7.181272814131397e-07,
            "P_T": 2.1427451157625175e-09
        },
        {
            "label": "k_pivot",
            "k_code": 2323.1019926715167,
            "P_S": 7.181270512924418e-07,
            "P_T": 2.1427451430415263e-09
        },
        {
            "label": "k_plus",
            "k_code": 2323.1252236914434,
            "P_S": 7.181268226801386e-07,
            "P_T": 2.142745173970667e-09
        }
    ]
}