{
    "metadata": {
        "run_id": "8a57a02f",
        "timestamp": "2026-03-23T01:07:55.649935",
        "description": "Batch automated calculation of ns and r from exact MS equations."
    },
    "model_parameters": {
        "name": "Higgs Inflation",
        "xi": 1000,
        "lambda": 0.13,
        "phi0": 5.610526315789474,
        "yi": -0.1368421052631579,
        "S": 5e-05
    },
    "numerical_settings": {
        "delta_finite_difference": 1e-05,
        "k_start_factor": 100.0
    },
    "background_info": {
        "total_efolds": 69.48864904878914,
        "exit_N_simulation": 9.264672588451615
    },
    "observables": {
        "n_s": 0.9675505225850858,
        "r": 0.0030000405097774085,
        "n_s_SR": 0.967401267456398,
        "r_SR": 0.0030723441045425325,
        "P_S_pivot": 7.141914336276267e-07,
        "P_T_pivot": 2.1426032326188833e-09
    },
    "spectrum_scan": [
        {
            "label": "k_minus",
            "k_code": 0.21717425186943254,
            "P_S": 7.141916672893388e-07,
            "P_T": 2.1426032158874763e-09
        },
        {
            "label": "k_pivot",
            "k_code": 0.21717642363366887,
            "P_S": 7.141914336276267e-07,
            "P_T": 2.1426032326188833e-09
        },
        {
            "label": "k_plus",
            "k_code": 0.21717859539790524,
            "P_S": 7.14191203786561e-07,
            "P_T": 2.1426032583603155e-09
        }
    ]
}