{
    "metadata": {
        "run_id": "a63bd2d9",
        "timestamp": "2026-03-23T02:04:18.058444",
        "description": "Batch automated calculation of ns and r from exact MS equations."
    },
    "model_parameters": {
        "name": "Higgs Inflation",
        "xi": 1000,
        "lambda": 0.13,
        "phi0": 5.555555555555555,
        "yi": -0.13333333333333336,
        "S": 5e-05
    },
    "numerical_settings": {
        "delta_finite_difference": 1e-05,
        "k_start_factor": 100.0
    },
    "background_info": {
        "total_efolds": 66.38903831694462,
        "exit_N_simulation": 6.174903406732858
    },
    "observables": {
        "n_s": 0.9674961639330915,
        "r": 0.0030015971935080155,
        "n_s_SR": 0.9673926689689875,
        "r_SR": 0.003073958128383693,
        "P_S_pivot": 7.138165202726039e-07,
        "P_T_pivot": 2.1425896639299056e-09
    },
    "spectrum_scan": [
        {
            "label": "k_minus",
            "k_code": 0.00988410313805334,
            "P_S": 7.13816752231038e-07,
            "P_T": 2.142589643768385e-09
        },
        {
            "label": "k_pivot",
            "k_code": 0.00988420198007314,
            "P_S": 7.138165202726039e-07,
            "P_T": 2.1425896639299056e-09
        },
        {
            "label": "k_plus",
            "k_code": 0.009884300822092941,
            "P_S": 7.138162881955342e-07,
            "P_T": 2.142589684736822e-09
        }
    ]
}