{
    "metadata": {
        "run_id": "457567e7",
        "timestamp": "2026-03-23T02:11:45.688973",
        "description": "Batch automated calculation of ns and r from exact MS equations."
    },
    "model_parameters": {
        "name": "Higgs Inflation",
        "xi": 1000,
        "lambda": 0.13,
        "phi0": 5.564285714285714,
        "yi": -0.12142857142857143,
        "S": 5e-05
    },
    "numerical_settings": {
        "delta_finite_difference": 1e-05,
        "k_start_factor": 100.0
    },
    "background_info": {
        "total_efolds": 66.90851924902971,
        "exit_N_simulation": 6.998397673208732
    },
    "observables": {
        "n_s": 0.9573298461030364,
        "r": 0.0030233412501452788,
        "n_s_SR": 0.9672709101459138,
        "r_SR": 0.0030965215778978924,
        "P_S_pivot": 7.087339069109409e-07,
        "P_T_pivot": 2.1427444561404716e-09
    },
    "spectrum_scan": [
        {
            "label": "k_minus",
            "k_code": 0.02251942580344693,
            "P_S": 7.087342088585614e-07,
            "P_T": 2.142744658122537e-09
        },
        {
            "label": "k_pivot",
            "k_code": 0.02251965099995693,
            "P_S": 7.087339069109409e-07,
            "P_T": 2.1427444561404716e-09
        },
        {
            "label": "k_plus",
            "k_code": 0.02251987619646693,
            "P_S": 7.087336040228644e-07,
            "P_T": 2.1427442487985455e-09
        }
    ]
}