{
    "metadata": {
        "run_id": "ce25b2dd",
        "timestamp": "2026-03-23T02:11:02.296896",
        "description": "Batch automated calculation of ns and r from exact MS equations."
    },
    "model_parameters": {
        "name": "Higgs Inflation",
        "xi": 1000,
        "lambda": 0.13,
        "phi0": 5.535714285714286,
        "yi": -0.13571428571428573,
        "S": 5e-05
    },
    "numerical_settings": {
        "delta_finite_difference": 1e-05,
        "k_start_factor": 100.0
    },
    "background_info": {
        "total_efolds": 65.12892390557597,
        "exit_N_simulation": 5.145242698306611
    },
    "observables": {
        "n_s": 0.9583804534374458,
        "r": 0.0030102000226527883,
        "n_s_SR": 0.9673470074207945,
        "r_SR": 0.003082898952876063,
        "P_S_pivot": 7.118650644576241e-07,
        "P_T_pivot": 2.1428562331560685e-09
    },
    "spectrum_scan": [
        {
            "label": "k_minus",
            "k_code": 0.00352982992786375,
            "P_S": 7.118653125274596e-07,
            "P_T": 2.142856270525814e-09
        },
        {
            "label": "k_pivot",
            "k_code": 0.0035298652265160152,
            "P_S": 7.118650644576241e-07,
            "P_T": 2.1428562331560685e-09
        },
        {
            "label": "k_plus",
            "k_code": 0.0035299005251682807,
            "P_S": 7.118647199774751e-07,
            "P_T": 2.1428559024544113e-09
        }
    ]
}