{
    "metadata": {
        "run_id": "0f5e1f53",
        "timestamp": "2026-03-23T01:07:26.049902",
        "description": "Batch automated calculation of ns and r from exact MS equations."
    },
    "model_parameters": {
        "name": "Higgs Inflation",
        "xi": 1000,
        "lambda": 0.13,
        "phi0": 5.594736842105263,
        "yi": -0.10526315789473685,
        "S": 5e-05
    },
    "numerical_settings": {
        "delta_finite_difference": 1e-05,
        "k_start_factor": 100.0
    },
    "background_info": {
        "total_efolds": 69.06274602612747,
        "exit_N_simulation": 9.26365464758094
    },
    "observables": {
        "n_s": 0.9652687753491915,
        "r": 0.003060240525643399,
        "n_s_SR": 0.9670656766872695,
        "r_SR": 0.003134767176040071,
        "P_S_pivot": 6.999717323831915e-07,
        "P_T_pivot": 2.1420818622438586e-09
    },
    "spectrum_scan": [
        {
            "label": "k_minus",
            "k_code": 0.2169271537031371,
            "P_S": 6.999719755727885e-07,
            "P_T": 2.1420818831503755e-09
        },
        {
            "label": "k_pivot",
            "k_code": 0.21692932299636705,
            "P_S": 6.999717323831915e-07,
            "P_T": 2.1420818622438586e-09
        },
        {
            "label": "k_plus",
            "k_code": 0.21693149228959702,
            "P_S": 6.999714893552781e-07,
            "P_T": 2.1420818447139526e-09
        }
    ]
}