{
    "metadata": {
        "run_id": "72e52da2",
        "timestamp": "2026-03-23T01:03:22.928188",
        "description": "Batch automated calculation of ns and r from exact MS equations."
    },
    "model_parameters": {
        "name": "Higgs Inflation",
        "xi": 1000,
        "lambda": 0.13,
        "phi0": 5.515789473684211,
        "yi": -0.16842105263157897,
        "S": 5e-05
    },
    "numerical_settings": {
        "delta_finite_difference": 1e-05,
        "k_start_factor": 100.0
    },
    "background_info": {
        "total_efolds": 64.04448757398723,
        "exit_N_simulation": 4.115652885406024
    },
    "observables": {
        "n_s": 0.9659987799385259,
        "r": 0.003043035023126578,
        "n_s_SR": 0.9672404595150037,
        "r_SR": 0.003117010507451019,
        "P_S_pivot": 7.039782156488623e-07,
        "P_T_pivot": 2.1422303657376427e-09
    },
    "spectrum_scan": [
        {
            "label": "k_minus",
            "k_code": 0.001260608004567956,
            "P_S": 7.039784542890185e-07,
            "P_T": 2.142230368457101e-09
        },
        {
            "label": "k_pivot",
            "k_code": 0.0012606206107740635,
            "P_S": 7.039782156488623e-07,
            "P_T": 2.1422303657376427e-09
        },
        {
            "label": "k_plus",
            "k_code": 0.0012606332169801714,
            "P_S": 7.039779755666538e-07,
            "P_T": 2.1422303581934664e-09
        }
    ]
}