{
    "metadata": {
        "run_id": "6224de23",
        "timestamp": "2026-03-23T02:03:16.863264",
        "description": "Batch automated calculation of ns and r from exact MS equations."
    },
    "model_parameters": {
        "name": "Higgs Inflation",
        "xi": 1000,
        "lambda": 0.13,
        "phi0": 5.488888888888889,
        "yi": -0.12222222222222223,
        "S": 5e-05
    },
    "numerical_settings": {
        "delta_finite_difference": 1e-05,
        "k_start_factor": 100.0
    },
    "background_info": {
        "total_efolds": 63.00867548540299,
        "exit_N_simulation": 3.086416161883159
    },
    "observables": {
        "n_s": 0.9826142351730929,
        "r": 0.0030438405204294056,
        "n_s_SR": 0.9682869489432592,
        "r_SR": 0.0031190144878107695,
        "P_S_pivot": 7.054290748636883e-07,
        "P_T_pivot": 2.1472136023591232e-09
    },
    "spectrum_scan": [
        {
            "label": "k_minus",
            "k_code": 0.0004503886827750271,
            "P_S": 7.054291961170796e-07,
            "P_T": 2.147213385531879e-09
        },
        {
            "label": "k_pivot",
            "k_code": 0.00045039318670689414,
            "P_S": 7.054290748636883e-07,
            "P_T": 2.1472136023591232e-09
        },
        {
            "label": "k_plus",
            "k_code": 0.00045039769063876125,
            "P_S": 7.054289508286e-07,
            "P_T": 2.147213817910571e-09
        }
    ]
}