{
    "metadata": {
        "run_id": "9e5eb02b",
        "timestamp": "2026-03-23T01:04:56.662824",
        "description": "Batch automated calculation of ns and r from exact MS equations."
    },
    "model_parameters": {
        "name": "Higgs Inflation",
        "xi": 1000,
        "lambda": 0.13,
        "phi0": 5.5473684210526315,
        "yi": -0.15263157894736842,
        "S": 5e-05
    },
    "numerical_settings": {
        "delta_finite_difference": 1e-05,
        "k_start_factor": 100.0
    },
    "background_info": {
        "total_efolds": 65.95669783076133,
        "exit_N_simulation": 6.174252374010102
    },
    "observables": {
        "n_s": 0.9651174894328433,
        "r": 0.003062403472770978,
        "n_s_SR": 0.9670538181636134,
        "r_SR": 0.003137010559277485,
        "P_S_pivot": 6.994712745569718e-07,
        "P_T_pivot": 2.142063260306813e-09
    },
    "spectrum_scan": [
        {
            "label": "k_minus",
            "k_code": 0.009876468601230363,
            "P_S": 6.994715184170102e-07,
            "P_T": 2.1420632820906408e-09
        },
        {
            "label": "k_pivot",
            "k_code": 0.009876567366904032,
            "P_S": 6.994712745569718e-07,
            "P_T": 2.142063260306813e-09
        },
        {
            "label": "k_plus",
            "k_code": 0.009876666132577702,
            "P_S": 6.994710304307277e-07,
            "P_T": 2.142063241471671e-09
        }
    ]
}