{
    "metadata": {
        "run_id": "10d1e749",
        "timestamp": "2026-03-23T01:09:28.886813",
        "description": "Batch automated calculation of ns and r from exact MS equations."
    },
    "model_parameters": {
        "name": "Higgs Inflation",
        "xi": 1000,
        "lambda": 0.13,
        "phi0": 5.6421052631578945,
        "yi": -0.11578947368421054,
        "S": 5e-05
    },
    "numerical_settings": {
        "delta_finite_difference": 1e-05,
        "k_start_factor": 100.0
    },
    "background_info": {
        "total_efolds": 71.55537256624167,
        "exit_N_simulation": 11.325270140786188
    },
    "observables": {
        "n_s": 0.967593322393226,
        "r": 0.002999066278453974,
        "n_s_SR": 0.9674067239173243,
        "r_SR": 0.0030713340514819543,
        "P_S_pivot": 7.144262680655968e-07,
        "P_T_pivot": 2.1426117289972507e-09
    },
    "spectrum_scan": [
        {
            "label": "k_minus",
            "k_code": 1.70496446411919,
            "P_S": 7.144265010693852e-07,
            "P_T": 2.1426117111720404e-09
        },
        {
            "label": "k_pivot",
            "k_code": 1.7049815139343292,
            "P_S": 7.144262680655968e-07,
            "P_T": 2.1426117289972507e-09
        },
        {
            "label": "k_plus",
            "k_code": 1.7049985637494687,
            "P_S": 7.144260380257491e-07,
            "P_T": 2.142611755199546e-09
        }
    ]
}