{
    "metadata": {
        "run_id": "37de6fa8",
        "timestamp": "2026-03-23T01:11:51.063074",
        "description": "Batch automated calculation of ns and r from exact MS equations."
    },
    "model_parameters": {
        "name": "Higgs Inflation",
        "xi": 1000,
        "lambda": 0.13,
        "phi0": 5.705263157894737,
        "yi": -0.1842105263157895,
        "S": 5e-05
    },
    "numerical_settings": {
        "delta_finite_difference": 1e-05,
        "k_start_factor": 100.0
    },
    "background_info": {
        "total_efolds": 74.7112015555079,
        "exit_N_simulation": 14.417629103021632
    },
    "observables": {
        "n_s": 0.967914270549797,
        "r": 0.0029887229415270127,
        "n_s_SR": 0.9674647099864663,
        "r_SR": 0.003060610813475803,
        "P_S_pivot": 7.169289678456294e-07,
        "P_T_pivot": 2.1427020536455147e-09
    },
    "spectrum_scan": [
        {
            "label": "k_minus",
            "k_code": 37.55941412402094,
            "P_S": 7.16929197092716e-07,
            "P_T": 2.1427020237988923e-09
        },
        {
            "label": "k_pivot",
            "k_code": 37.55978972191816,
            "P_S": 7.169289678456294e-07,
            "P_T": 2.1427020536455147e-09
        },
        {
            "label": "k_plus",
            "k_code": 37.56016531981538,
            "P_S": 7.169287370289393e-07,
            "P_T": 2.142702080101201e-09
        }
    ]
}