{
    "metadata": {
        "run_id": "4a270ceb",
        "timestamp": "2026-03-23T01:06:56.272337",
        "description": "Batch automated calculation of ns and r from exact MS equations."
    },
    "model_parameters": {
        "name": "Higgs Inflation",
        "xi": 1000,
        "lambda": 0.13,
        "phi0": 5.594736842105263,
        "yi": -0.17894736842105263,
        "S": 5e-05
    },
    "numerical_settings": {
        "delta_finite_difference": 1e-05,
        "k_start_factor": 100.0
    },
    "background_info": {
        "total_efolds": 68.28256543555538,
        "exit_N_simulation": 8.234284296705713
    },
    "observables": {
        "n_s": 0.9666206142566345,
        "r": 0.0030264442222422278,
        "n_s_SR": 0.9672536925098922,
        "r_SR": 0.003099719878290978,
        "P_S_pivot": 7.078847413452759e-07,
        "P_T_pivot": 2.142373685457844e-09
    },
    "spectrum_scan": [
        {
            "label": "k_minus",
            "k_code": 0.07749851307483605,
            "P_S": 7.078849777966877e-07,
            "P_T": 2.142373685811193e-09
        },
        {
            "label": "k_pivot",
            "k_code": 0.07749928806771672,
            "P_S": 7.078847413452759e-07,
            "P_T": 2.142373685457844e-09
        },
        {
            "label": "k_plus",
            "k_code": 0.0775000630605974,
            "P_S": 7.078845052215302e-07,
            "P_T": 2.1423736913768773e-09
        }
    ]
}