{
    "metadata": {
        "run_id": "980882aa",
        "timestamp": "2026-03-23T01:10:33.026980",
        "description": "Batch automated calculation of ns and r from exact MS equations."
    },
    "model_parameters": {
        "name": "Higgs Inflation",
        "xi": 1000,
        "lambda": 0.13,
        "phi0": 5.673684210526316,
        "yi": -0.16842105263157897,
        "S": 5e-05
    },
    "numerical_settings": {
        "delta_finite_difference": 1e-05,
        "k_start_factor": 100.0
    },
    "background_info": {
        "total_efolds": 73.16392598089958,
        "exit_N_simulation": 13.385143969082746
    },
    "observables": {
        "n_s": 0.965259627822783,
        "r": 0.003062878456657403,
        "n_s_SR": 0.9670510425626428,
        "r_SR": 0.0031375025972932343,
        "P_S_pivot": 6.993614696318394e-07,
        "P_T_pivot": 2.1420591787516215e-09
    },
    "spectrum_scan": [
        {
            "label": "k_minus",
            "k_code": 13.373703977026363,
            "P_S": 6.993617126697523e-07,
            "P_T": 2.1420591993565198e-09
        },
        {
            "label": "k_pivot",
            "k_code": 13.373837715403516,
            "P_S": 6.993614696318394e-07,
            "P_T": 2.1420591787516215e-09
        },
        {
            "label": "k_plus",
            "k_code": 13.37397145378067,
            "P_S": 6.993612267481973e-07,
            "P_T": 2.1420591595945557e-09
        }
    ]
}