{
    "metadata": {
        "run_id": "d8cc9172",
        "timestamp": "2026-03-22T22:09:48.561876",
        "description": "Batch automated calculation of ns and r from exact MS equations."
    },
    "model_parameters": {
        "name": "Higgs Inflation",
        "xi": 17000,
        "lambda": 0.13,
        "phi0": 5.800000000000001,
        "yi": -0.057499999999999996,
        "S": 5e-05
    },
    "numerical_settings": {
        "delta_finite_difference": 1e-05,
        "k_start_factor": 100.0
    },
    "background_info": {
        "total_efolds": 72.64423126190013,
        "exit_N_simulation": 12.662270473855854
    },
    "observables": {
        "n_s": 0.9839655920657214,
        "r": 0.0030094601344268254,
        "P_S_pivot": 2.4639334229161422e-09,
        "P_T_pivot": 7.415109410147961e-12
    },
    "spectrum_scan": [
        {
            "label": "k_minus",
            "k_code": 0.38186442659012626,
            "P_S": 2.4639338148499994e-09,
            "P_T": 7.415108215155785e-12
        },
        {
            "label": "k_pivot",
            "k_code": 0.38186824527257895,
            "P_S": 2.4639334229161422e-09,
            "P_T": 7.415109410147961e-12
        },
        {
            "label": "k_plus",
            "k_code": 0.3818720639550317,
            "P_S": 2.463933024695727e-09,
            "P_T": 7.415110598133795e-12
        }
    ]
}