{
    "metadata": {
        "run_id": "1fc02a69",
        "timestamp": "2026-03-23T01:08:21.018351",
        "description": "Batch automated calculation of ns and r from exact MS equations."
    },
    "model_parameters": {
        "name": "Higgs Inflation",
        "xi": 1000,
        "lambda": 0.13,
        "phi0": 5.626315789473684,
        "yi": -0.17894736842105263,
        "S": 5e-05
    },
    "numerical_settings": {
        "delta_finite_difference": 1e-05,
        "k_start_factor": 100.0
    },
    "background_info": {
        "total_efolds": 70.18252077413766,
        "exit_N_simulation": 10.294117739210702
    },
    "observables": {
        "n_s": 0.9656708078009539,
        "r": 0.0030484757468892494,
        "n_s_SR": 0.967131015644499,
        "r_SR": 0.0031225660018924157,
        "P_S_pivot": 7.027063279078063e-07,
        "P_T_pivot": 2.142183197812552e-09
    },
    "spectrum_scan": [
        {
            "label": "k_minus",
            "k_code": 0.6079229503613172,
            "P_S": 7.027065679623503e-07,
            "P_T": 2.1421832087977134e-09
        },
        {
            "label": "k_pivot",
            "k_code": 0.6079290296516137,
            "P_S": 7.027063279078063e-07,
            "P_T": 2.142183197812552e-09
        },
        {
            "label": "k_plus",
            "k_code": 0.6079351089419102,
            "P_S": 7.0270608549554e-07,
            "P_T": 2.1421831845292823e-09
        }
    ]
}