{
    "metadata": {
        "run_id": "eaa7c013",
        "timestamp": "2026-03-23T01:04:01.623459",
        "description": "Batch automated calculation of ns and r from exact MS equations."
    },
    "model_parameters": {
        "name": "Higgs Inflation",
        "xi": 1000,
        "lambda": 0.13,
        "phi0": 5.531578947368421,
        "yi": -0.17894736842105263,
        "S": 5e-05
    },
    "numerical_settings": {
        "delta_finite_difference": 1e-05,
        "k_start_factor": 100.0
    },
    "background_info": {
        "total_efolds": 64.51716879229903,
        "exit_N_simulation": 4.116237890188024
    },
    "observables": {
        "n_s": 0.9689267503379757,
        "r": 0.0029700679526828908,
        "n_s_SR": 0.9676563246087028,
        "r_SR": 0.003041366588619251,
        "P_S_pivot": 7.214871829258988e-07,
        "P_T_pivot": 2.1428659602796704e-09
    },
    "spectrum_scan": [
        {
            "label": "k_minus",
            "k_code": 0.0012615306202642396,
            "P_S": 7.214874069981875e-07,
            "P_T": 2.14286591343338e-09
        },
        {
            "label": "k_pivot",
            "k_code": 0.0012615432356965965,
            "P_S": 7.214871829258988e-07,
            "P_T": 2.1428659602796704e-09
        },
        {
            "label": "k_plus",
            "k_code": 0.0012615558511289535,
            "P_S": 7.214869586191599e-07,
            "P_T": 2.1428660060604347e-09
        }
    ]
}