{
    "metadata": {
        "run_id": "ca58ddfa",
        "timestamp": "2026-03-23T01:16:04.589934",
        "description": "Batch automated calculation of ns and r from exact MS equations."
    },
    "model_parameters": {
        "name": "Higgs Inflation",
        "xi": 1000,
        "lambda": 0.13,
        "phi0": 5.8,
        "yi": -0.1842105263157895,
        "S": 5e-05
    },
    "numerical_settings": {
        "delta_finite_difference": 1e-05,
        "k_start_factor": 100.0
    },
    "background_info": {
        "total_efolds": 80.89310353116826,
        "exit_N_simulation": 20.60522423143282
    },
    "observables": {
        "n_s": 0.9679299123494758,
        "r": 0.002989670043348859,
        "n_s_SR": 0.9674593960502971,
        "r_SR": 0.0030615918290311,
        "P_S_pivot": 7.166990795697616e-07,
        "P_T_pivot": 2.1426937682854165e-09
    },
    "spectrum_scan": [
        {
            "label": "k_minus",
            "k_code": 18279.167014621777,
            "P_S": 7.166993098736066e-07,
            "P_T": 2.1426937410923345e-09
        },
        {
            "label": "k_pivot",
            "k_code": 18279.349808119856,
            "P_S": 7.166990795697616e-07,
            "P_T": 2.1426937682854165e-09
        },
        {
            "label": "k_plus",
            "k_code": 18279.53260161794,
            "P_S": 7.166988501815594e-07,
            "P_T": 2.1426937974147414e-09
        }
    ]
}