{
    "metadata": {
        "run_id": "040d7d0b",
        "timestamp": "2026-03-23T02:12:34.582480",
        "description": "Batch automated calculation of ns and r from exact MS equations."
    },
    "model_parameters": {
        "name": "Higgs Inflation",
        "xi": 1000,
        "lambda": 0.13,
        "phi0": 5.6,
        "yi": -0.17857142857142858,
        "S": 5e-05
    },
    "numerical_settings": {
        "delta_finite_difference": 1e-05,
        "k_start_factor": 100.0
    },
    "background_info": {
        "total_efolds": 68.38761033112608,
        "exit_N_simulation": 8.440420692440247
    },
    "observables": {
        "n_s": 0.957696493259158,
        "r": 0.0030168136543218317,
        "n_s_SR": 0.9673073463102203,
        "r_SR": 0.003089753252298775,
        "P_S_pivot": 7.102858224481643e-07,
        "P_T_pivot": 2.1427999676328342e-09
    },
    "spectrum_scan": [
        {
            "label": "k_minus",
            "k_code": 0.09524137051016747,
            "P_S": 7.102861247495596e-07,
            "P_T": 2.142800167016289e-09
        },
        {
            "label": "k_pivot",
            "k_code": 0.0952423229333968,
            "P_S": 7.102858224481643e-07,
            "P_T": 2.1427999676328342e-09
        },
        {
            "label": "k_plus",
            "k_code": 0.09524327535662613,
            "P_S": 7.102855237979371e-07,
            "P_T": 2.1427997741741065e-09
        }
    ]
}