{
    "metadata": {
        "run_id": "b5bef39a",
        "timestamp": "2026-03-23T02:11:39.108558",
        "description": "Batch automated calculation of ns and r from exact MS equations."
    },
    "model_parameters": {
        "name": "Higgs Inflation",
        "xi": 1000,
        "lambda": 0.13,
        "phi0": 5.564285714285714,
        "yi": -0.18571428571428572,
        "S": 5e-05
    },
    "numerical_settings": {
        "delta_finite_difference": 1e-05,
        "k_start_factor": 100.0
    },
    "background_info": {
        "total_efolds": 66.31149115850309,
        "exit_N_simulation": 6.38072142561391
    },
    "observables": {
        "n_s": 0.9575680373475303,
        "r": 0.00301972814237418,
        "n_s_SR": 0.9672911680313062,
        "r_SR": 0.0030927752697727036,
        "P_S_pivot": 7.095920527374904e-07,
        "P_T_pivot": 2.142775091256463e-09
    },
    "spectrum_scan": [
        {
            "label": "k_minus",
            "k_code": 0.012142470916438197,
            "P_S": 7.095923804443102e-07,
            "P_T": 2.1427753714890717e-09
        },
        {
            "label": "k_pivot",
            "k_code": 0.01214259234236162,
            "P_S": 7.095920527374904e-07,
            "P_T": 2.142775091256463e-09
        },
        {
            "label": "k_plus",
            "k_code": 0.012142713768285044,
            "P_S": 7.095917782566173e-07,
            "P_T": 2.142774973013717e-09
        }
    ]
}