{
    "metadata": {
        "run_id": "20bc7dd7",
        "timestamp": "2026-03-23T01:02:46.922104",
        "description": "Batch automated calculation of ns and r from exact MS equations."
    },
    "model_parameters": {
        "name": "Higgs Inflation",
        "xi": 1000,
        "lambda": 0.13,
        "phi0": 5.5,
        "yi": -0.15263157894736842,
        "S": 5e-05
    },
    "numerical_settings": {
        "delta_finite_difference": 1e-05,
        "k_start_factor": 100.0
    },
    "background_info": {
        "total_efolds": 63.23314034819508,
        "exit_N_simulation": 3.0866540244383724
    },
    "observables": {
        "n_s": 0.9820487052391282,
        "r": 0.0030119534870459664,
        "n_s_SR": 0.9688862916948332,
        "r_SR": 0.0030863552969988125,
        "P_S_pivot": 7.129904394119895e-07,
        "P_T_pivot": 2.1474940402173775e-09
    },
    "spectrum_scan": [
        {
            "label": "k_minus",
            "k_code": 0.00045052460361112224,
            "P_S": 7.12990567505423e-07,
            "P_T": 2.1474938401552475e-09
        },
        {
            "label": "k_pivot",
            "k_code": 0.0004505291089022112,
            "P_S": 7.129904394119895e-07,
            "P_T": 2.1474940402173775e-09
        },
        {
            "label": "k_plus",
            "k_code": 0.00045053361419330025,
            "P_S": 7.129903115233925e-07,
            "P_T": 2.1474942399655345e-09
        }
    ]
}