{
    "metadata": {
        "run_id": "3802b17d",
        "timestamp": "2026-03-23T02:11:15.391587",
        "description": "Batch automated calculation of ns and r from exact MS equations."
    },
    "model_parameters": {
        "name": "Higgs Inflation",
        "xi": 1000,
        "lambda": 0.13,
        "phi0": 5.542857142857143,
        "yi": -0.10714285714285715,
        "S": 5e-05
    },
    "numerical_settings": {
        "delta_finite_difference": 1e-05,
        "k_start_factor": 100.0
    },
    "background_info": {
        "total_efolds": 65.7622592546055,
        "exit_N_simulation": 5.76294978579829
    },
    "observables": {
        "n_s": 0.9581729389873884,
        "r": 0.0030073078572102952,
        "n_s_SR": 0.9673607846558213,
        "r_SR": 0.003079897949641792,
        "P_S_pivot": 7.125578387935439e-07,
        "P_T_pivot": 2.1428807873206114e-09
    },
    "spectrum_scan": [
        {
            "label": "k_minus",
            "k_code": 0.006546709697226318,
            "P_S": 7.125581917804823e-07,
            "P_T": 2.142881142150336e-09
        },
        {
            "label": "k_pivot",
            "k_code": 0.006546775164977967,
            "P_S": 7.125578387935439e-07,
            "P_T": 2.1428807873206114e-09
        },
        {
            "label": "k_plus",
            "k_code": 0.006546840632729618,
            "P_S": 7.125575956964329e-07,
            "P_T": 2.1428807642027765e-09
        }
    ]
}