{
    "metadata": {
        "run_id": "38cb1e07",
        "timestamp": "2026-03-23T01:07:45.099031",
        "description": "Batch automated calculation of ns and r from exact MS equations."
    },
    "model_parameters": {
        "name": "Higgs Inflation",
        "xi": 1000,
        "lambda": 0.13,
        "phi0": 5.610526315789474,
        "yi": -0.1631578947368421,
        "S": 5e-05
    },
    "numerical_settings": {
        "delta_finite_difference": 1e-05,
        "k_start_factor": 100.0
    },
    "background_info": {
        "total_efolds": 69.33167207912999,
        "exit_N_simulation": 9.26433332923126
    },
    "observables": {
        "n_s": 0.9667126364687044,
        "r": 0.0030237079470239966,
        "n_s_SR": 0.9672689577482689,
        "r_SR": 0.003096882674569655,
        "P_S_pivot": 7.085331808589794e-07,
        "P_T_pivot": 2.1423974096934868e-09
    },
    "spectrum_scan": [
        {
            "label": "k_minus",
            "k_code": 0.21709027130901687,
            "P_S": 7.085334181355447e-07,
            "P_T": 2.14239740643379e-09
        },
        {
            "label": "k_pivot",
            "k_code": 0.21709244223343918,
            "P_S": 7.085331808589794e-07,
            "P_T": 2.1423974096934868e-09
        },
        {
            "label": "k_plus",
            "k_code": 0.21709461315786152,
            "P_S": 7.085329464315124e-07,
            "P_T": 2.142397416790445e-09
        }
    ]
}