{
    "metadata": {
        "run_id": "82d032fb",
        "timestamp": "2026-03-23T01:16:17.120321",
        "description": "Batch automated calculation of ns and r from exact MS equations."
    },
    "model_parameters": {
        "name": "Higgs Inflation",
        "xi": 1000,
        "lambda": 0.13,
        "phi0": 5.8,
        "yi": -0.15263157894736842,
        "S": 5e-05
    },
    "numerical_settings": {
        "delta_finite_difference": 1e-05,
        "k_start_factor": 100.0
    },
    "background_info": {
        "total_efolds": 81.46799261504384,
        "exit_N_simulation": 21.634734271725836
    },
    "observables": {
        "n_s": 0.9654592844695438,
        "r": 0.0030557742022992557,
        "n_s_SR": 0.9670904673540719,
        "r_SR": 0.003130133738883277,
        "P_S_pivot": 7.010073903264597e-07,
        "P_T_pivot": 2.1421202989807205e-09
    },
    "spectrum_scan": [
        {
            "label": "k_minus",
            "k_code": 51169.29093098442,
            "P_S": 7.010076344968057e-07,
            "P_T": 2.1421203186525875e-09
        },
        {
            "label": "k_pivot",
            "k_code": 51169.80262901071,
            "P_S": 7.010073903264597e-07,
            "P_T": 2.1421202989807205e-09
        },
        {
            "label": "k_plus",
            "k_code": 51170.314327037,
            "P_S": 7.010071502308665e-07,
            "P_T": 2.1421202853879493e-09
        }
    ]
}