{
    "metadata": {
        "run_id": "74809964",
        "timestamp": "2026-03-22T23:39:23.033077",
        "description": "Batch automated calculation of ns and r from exact MS equations."
    },
    "model_parameters": {
        "name": "Higgs Inflation",
        "xi": 1000,
        "lambda": 0.13,
        "phi0": 5.5,
        "yi": -0.15000000000000002,
        "S": 5e-05
    },
    "numerical_settings": {
        "delta_finite_difference": 1e-05,
        "k_start_factor": 100.0
    },
    "background_info": {
        "total_efolds": 63.2474148095034,
        "exit_N_simulation": 3.086662200888439
    },
    "observables": {
        "n_s": 0.9821498597897321,
        "r": 0.003009788696834641,
        "P_S_pivot": 7.135096169302377e-07,
        "P_T_pivot": 2.147513180119444e-09
    },
    "spectrum_scan": [
        {
            "label": "k_minus",
            "k_code": 0.00045053024378458533,
            "P_S": 7.135097454213289e-07,
            "P_T": 2.147512980338504e-09
        },
        {
            "label": "k_pivot",
            "k_code": 0.0004505347491320766,
            "P_S": 7.135096169302377e-07,
            "P_T": 2.147513180119444e-09
        },
        {
            "label": "k_plus",
            "k_code": 0.00045053925447956797,
            "P_S": 7.135094906963941e-07,
            "P_T": 2.147513385657302e-09
        }
    ]
}