{
    "metadata": {
        "run_id": "3992ea9e",
        "timestamp": "2026-03-23T01:10:02.778252",
        "description": "Batch automated calculation of ns and r from exact MS equations."
    },
    "model_parameters": {
        "name": "Higgs Inflation",
        "xi": 1000,
        "lambda": 0.13,
        "phi0": 5.657894736842105,
        "yi": -0.1368421052631579,
        "S": 5e-05
    },
    "numerical_settings": {
        "delta_finite_difference": 1e-05,
        "k_start_factor": 100.0
    },
    "background_info": {
        "total_efolds": 72.40612138526579,
        "exit_N_simulation": 12.35526996340422
    },
    "observables": {
        "n_s": 0.9665762552516489,
        "r": 0.0030260767634452926,
        "n_s_SR": 0.9672557417389007,
        "r_SR": 0.003099338505657596,
        "P_S_pivot": 7.079717527550778e-07,
        "P_T_pivot": 2.1423768701877767e-09
    },
    "spectrum_scan": [
        {
            "label": "k_minus",
            "k_code": 4.775457943340078,
            "P_S": 7.079719899330171e-07,
            "P_T": 2.14237686809047e-09
        },
        {
            "label": "k_pivot",
            "k_code": 4.775505698397062,
            "P_S": 7.079717527550778e-07,
            "P_T": 2.1423768701877767e-09
        },
        {
            "label": "k_plus",
            "k_code": 4.775553453454046,
            "P_S": 7.079715166716742e-07,
            "P_T": 2.142376876462606e-09
        }
    ]
}