{
    "metadata": {
        "run_id": "08cf6943",
        "timestamp": "2026-03-23T01:07:04.742437",
        "description": "Batch automated calculation of ns and r from exact MS equations."
    },
    "model_parameters": {
        "name": "Higgs Inflation",
        "xi": 1000,
        "lambda": 0.13,
        "phi0": 5.594736842105263,
        "yi": -0.15789473684210528,
        "S": 5e-05
    },
    "numerical_settings": {
        "delta_finite_difference": 1e-05,
        "k_start_factor": 100.0
    },
    "background_info": {
        "total_efolds": 68.40912214237147,
        "exit_N_simulation": 8.234519070581182
    },
    "observables": {
        "n_s": 0.967227966203858,
        "r": 0.0030077490363786662,
        "n_s_SR": 0.9673581203763251,
        "r_SR": 0.003080335935284077,
        "P_S_pivot": 7.123387110230376e-07,
        "P_T_pivot": 2.1425360716547624e-09
    },
    "spectrum_scan": [
        {
            "label": "k_minus",
            "k_code": 0.07751961665763649,
            "P_S": 7.123389455227998e-07,
            "P_T": 2.1425360601159498e-09
        },
        {
            "label": "k_pivot",
            "k_code": 0.0775203918615551,
            "P_S": 7.123387110230376e-07,
            "P_T": 2.1425360716547624e-09
        },
        {
            "label": "k_plus",
            "k_code": 0.07752116706547373,
            "P_S": 7.123384786270324e-07,
            "P_T": 2.1425360914945827e-09
        }
    ]
}