{
    "metadata": {
        "run_id": "402ef7c5",
        "timestamp": "2026-03-23T02:04:50.220474",
        "description": "Batch automated calculation of ns and r from exact MS equations."
    },
    "model_parameters": {
        "name": "Higgs Inflation",
        "xi": 1000,
        "lambda": 0.13,
        "phi0": 5.5777777777777775,
        "yi": -0.11111111111111112,
        "S": 5e-05
    },
    "numerical_settings": {
        "delta_finite_difference": 1e-05,
        "k_start_factor": 100.0
    },
    "background_info": {
        "total_efolds": 68.03410618671711,
        "exit_N_simulation": 8.233684718722722
    },
    "observables": {
        "n_s": 0.9653275739152058,
        "r": 0.0030600673492745716,
        "n_s_SR": 0.9670666378824998,
        "r_SR": 0.003134587550391933,
        "P_S_pivot": 7.000118334556119e-07,
        "P_T_pivot": 2.1420833556633474e-09
    },
    "spectrum_scan": [
        {
            "label": "k_minus",
            "k_code": 0.07744685940336202,
            "P_S": 7.000120752221627e-07,
            "P_T": 2.142083370424285e-09
        },
        {
            "label": "k_pivot",
            "k_code": 0.07744763387970081,
            "P_S": 7.000118334556119e-07,
            "P_T": 2.1420833556633474e-09
        },
        {
            "label": "k_plus",
            "k_code": 0.07744840835603961,
            "P_S": 7.000115897999927e-07,
            "P_T": 2.142083334456973e-09
        }
    ]
}