{
    "metadata": {
        "run_id": "97e3add2",
        "timestamp": "2026-03-23T02:12:07.814237",
        "description": "Batch automated calculation of ns and r from exact MS equations."
    },
    "model_parameters": {
        "name": "Higgs Inflation",
        "xi": 1000,
        "lambda": 0.13,
        "phi0": 5.578571428571428,
        "yi": -0.13571428571428573,
        "S": 5e-05
    },
    "numerical_settings": {
        "delta_finite_difference": 1e-05,
        "k_start_factor": 100.0
    },
    "background_info": {
        "total_efolds": 67.55960160801943,
        "exit_N_simulation": 7.616387087159229
    },
    "observables": {
        "n_s": 0.9577920434056659,
        "r": 0.0030175226352653125,
        "n_s_SR": 0.9673033878453567,
        "r_SR": 0.003090488438582188,
        "P_S_pivot": 7.101169392045238e-07,
        "P_T_pivot": 2.1427939377349722e-09
    },
    "spectrum_scan": [
        {
            "label": "k_minus",
            "k_code": 0.041778396853831105,
            "P_S": 7.101172380051207e-07,
            "P_T": 2.1427941317914033e-09
        },
        {
            "label": "k_pivot",
            "k_code": 0.041778814641977524,
            "P_S": 7.101169392045238e-07,
            "P_T": 2.1427939377349722e-09
        },
        {
            "label": "k_plus",
            "k_code": 0.04177923243012395,
            "P_S": 7.101166385534228e-07,
            "P_T": 2.1427937410413392e-09
        }
    ]
}