{
    "metadata": {
        "run_id": "0f4b4cd5",
        "timestamp": "2026-03-23T02:10:33.668526",
        "description": "Batch automated calculation of ns and r from exact MS equations."
    },
    "model_parameters": {
        "name": "Higgs Inflation",
        "xi": 1000,
        "lambda": 0.13,
        "phi0": 5.514285714285714,
        "yi": -0.1142857142857143,
        "S": 5e-05
    },
    "numerical_settings": {
        "delta_finite_difference": 1e-05,
        "k_start_factor": 100.0
    },
    "background_info": {
        "total_efolds": 64.220704949861,
        "exit_N_simulation": 4.321558872259012
    },
    "observables": {
        "n_s": 0.9760287870754775,
        "r": 0.003025237063521038,
        "n_s_SR": 0.9672853563171337,
        "r_SR": 0.0030985148206950225,
        "P_S_pivot": 7.084798498667979e-07,
        "P_T_pivot": 2.1433195005748573e-09
    },
    "spectrum_scan": [
        {
            "label": "k_minus",
            "k_code": 0.0015488855983299139,
            "P_S": 7.084800199900907e-07,
            "P_T": 2.143319360424191e-09
        },
        {
            "label": "k_pivot",
            "k_code": 0.0015489010873407873,
            "P_S": 7.084798498667979e-07,
            "P_T": 2.1433195005748573e-09
        },
        {
            "label": "k_plus",
            "k_code": 0.0015489165763516608,
            "P_S": 7.084796803276636e-07,
            "P_T": 2.1433196418317216e-09
        }
    ]
}