{
    "metadata": {
        "run_id": "d1fee57d",
        "timestamp": "2026-03-23T01:08:35.882984",
        "description": "Batch automated calculation of ns and r from exact MS equations."
    },
    "model_parameters": {
        "name": "Higgs Inflation",
        "xi": 1000,
        "lambda": 0.13,
        "phi0": 5.626315789473684,
        "yi": -0.14210526315789473,
        "S": 5e-05
    },
    "numerical_settings": {
        "delta_finite_difference": 1e-05,
        "k_start_factor": 100.0
    },
    "background_info": {
        "total_efolds": 70.42379078303667,
        "exit_N_simulation": 10.294651968194913
    },
    "observables": {
        "n_s": 0.9669354542329374,
        "r": 0.0030146362453533897,
        "n_s_SR": 0.9673196143388759,
        "r_SR": 0.0030874766223901724,
        "P_S_pivot": 7.10691438883141e-07,
        "P_T_pivot": 2.1424761709194703e-09
    },
    "spectrum_scan": [
        {
            "label": "k_minus",
            "k_code": 0.6082889967021331,
            "P_S": 7.106916745462923e-07,
            "P_T": 2.142476164020992e-09
        },
        {
            "label": "k_pivot",
            "k_code": 0.6082950796529296,
            "P_S": 7.10691438883141e-07,
            "P_T": 2.1424761709194703e-09
        },
        {
            "label": "k_plus",
            "k_code": 0.6083011626037261,
            "P_S": 7.106912045724989e-07,
            "P_T": 2.142476183241253e-09
        }
    ]
}