{
    "metadata": {
        "run_id": "ad859a9a",
        "timestamp": "2026-03-23T01:03:40.200782",
        "description": "Batch automated calculation of ns and r from exact MS equations."
    },
    "model_parameters": {
        "name": "Higgs Inflation",
        "xi": 1000,
        "lambda": 0.13,
        "phi0": 5.515789473684211,
        "yi": -0.12631578947368421,
        "S": 5e-05
    },
    "numerical_settings": {
        "delta_finite_difference": 1e-05,
        "k_start_factor": 100.0
    },
    "background_info": {
        "total_efolds": 64.29068574499578,
        "exit_N_simulation": 4.115854012717085
    },
    "observables": {
        "n_s": 0.9672624644747628,
        "r": 0.003007711599875261,
        "n_s_SR": 0.9674123680970886,
        "r_SR": 0.003080354500851996,
        "P_S_pivot": 7.123477400294818e-07,
        "P_T_pivot": 2.1425365608315993e-09
    },
    "spectrum_scan": [
        {
            "label": "k_minus",
            "k_code": 0.0012609507959354654,
            "P_S": 7.123479735785645e-07,
            "P_T": 2.142536540970097e-09
        },
        {
            "label": "k_pivot",
            "k_code": 0.001260963405569521,
            "P_S": 7.123477400294818e-07,
            "P_T": 2.1425365608315993e-09
        },
        {
            "label": "k_plus",
            "k_code": 0.001260976015203577,
            "P_S": 7.123475071683745e-07,
            "P_T": 2.1425365795511552e-09
        }
    ]
}