{
    "metadata": {
        "run_id": "073fd669",
        "timestamp": "2026-03-23T02:10:12.185945",
        "description": "Batch automated calculation of ns and r from exact MS equations."
    },
    "model_parameters": {
        "name": "Higgs Inflation",
        "xi": 1000,
        "lambda": 0.13,
        "phi0": 5.5,
        "yi": -0.19285714285714287,
        "S": 5e-05
    },
    "numerical_settings": {
        "delta_finite_difference": 1e-05,
        "k_start_factor": 100.0
    },
    "background_info": {
        "total_efolds": 62.77970340675312,
        "exit_N_simulation": 2.8808366307722917
    },
    "observables": {
        "n_s": 1.0714241441097425,
        "r": 0.0030257711629387263,
        "n_s_SR": 0.9711491273243409,
        "r_SR": 0.00310251744963763,
        "P_S_pivot": 7.073011816151167e-07,
        "P_T_pivot": 2.140131518843507e-09
    },
    "spectrum_scan": [
        {
            "label": "k_minus",
            "k_code": 0.00036670903998398677,
            "P_S": 7.073006763100926e-07,
            "P_T": 2.140129291732229e-09
        },
        {
            "label": "k_pivot",
            "k_code": 0.00036671270711105785,
            "P_S": 7.073011816151167e-07,
            "P_T": 2.140131518843507e-09
        },
        {
            "label": "k_plus",
            "k_code": 0.000366716374238129,
            "P_S": 7.073016866777227e-07,
            "P_T": 2.1401337450002297e-09
        }
    ]
}