{
    "metadata": {
        "run_id": "d1a94e52",
        "timestamp": "2026-03-23T01:04:12.292153",
        "description": "Batch automated calculation of ns and r from exact MS equations."
    },
    "model_parameters": {
        "name": "Higgs Inflation",
        "xi": 1000,
        "lambda": 0.13,
        "phi0": 5.531578947368421,
        "yi": -0.15263157894736842,
        "S": 5e-05
    },
    "numerical_settings": {
        "delta_finite_difference": 1e-05,
        "k_start_factor": 100.0
    },
    "background_info": {
        "total_efolds": 65.0477342111812,
        "exit_N_simulation": 5.1449256170093385
    },
    "observables": {
        "n_s": 0.9658602909864047,
        "r": 0.003046547964340223,
        "n_s_SR": 0.9671448721886736,
        "r_SR": 0.0031205701389764515,
        "P_S_pivot": 7.031564413603659e-07,
        "P_T_pivot": 2.142199825039138e-09
    },
    "spectrum_scan": [
        {
            "label": "k_minus",
            "k_code": 0.0035284542063009337,
            "P_S": 7.03156681739032e-07,
            "P_T": 2.1421998362630036e-09
        },
        {
            "label": "k_pivot",
            "k_code": 0.0035284894911958454,
            "P_S": 7.031564413603659e-07,
            "P_T": 2.142199825039138e-09
        },
        {
            "label": "k_plus",
            "k_code": 0.0035285247760907575,
            "P_S": 7.031562016279054e-07,
            "P_T": 2.1421998171112226e-09
        }
    ]
}