{
    "metadata": {
        "run_id": "52b3ee6a",
        "timestamp": "2026-03-23T01:02:32.282080",
        "description": "Batch automated calculation of ns and r from exact MS equations."
    },
    "model_parameters": {
        "name": "Higgs Inflation",
        "xi": 1000,
        "lambda": 0.13,
        "phi0": 5.5,
        "yi": -0.18947368421052632,
        "S": 5e-05
    },
    "numerical_settings": {
        "delta_finite_difference": 1e-05,
        "k_start_factor": 100.0
    },
    "background_info": {
        "total_efolds": 63.019516767979454,
        "exit_N_simulation": 3.0865439460107797
    },
    "observables": {
        "n_s": 0.9825746694002147,
        "r": 0.003042426717747152,
        "n_s_SR": 0.9692047707165251,
        "r_SR": 0.0031184456469231787,
        "P_S_pivot": 7.057606631721371e-07,
        "P_T_pivot": 2.1472250979698584e-09
    },
    "spectrum_scan": [
        {
            "label": "k_minus",
            "k_code": 0.00045044755260952284,
            "P_S": 7.057607864486089e-07,
            "P_T": 2.147224883863071e-09
        },
        {
            "label": "k_pivot",
            "k_code": 0.0004504520571300941,
            "P_S": 7.057606631721371e-07,
            "P_T": 2.1472250979698584e-09
        },
        {
            "label": "k_plus",
            "k_code": 0.00045045656165066544,
            "P_S": 7.057605404863503e-07,
            "P_T": 2.14722531096689e-09
        }
    ]
}