{
    "metadata": {
        "run_id": "7a1f14a3",
        "timestamp": "2026-03-23T01:13:58.056777",
        "description": "Batch automated calculation of ns and r from exact MS equations."
    },
    "model_parameters": {
        "name": "Higgs Inflation",
        "xi": 1000,
        "lambda": 0.13,
        "phi0": 5.752631578947368,
        "yi": -0.1842105263157895,
        "S": 5e-05
    },
    "numerical_settings": {
        "delta_finite_difference": 1e-05,
        "k_start_factor": 100.0
    },
    "background_info": {
        "total_efolds": 77.76711587498747,
        "exit_N_simulation": 17.51071490246345
    },
    "observables": {
        "n_s": 0.9677947959855095,
        "r": 0.0029948368887551427,
        "n_s_SR": 0.9674304229483381,
        "r_SR": 0.003066948485623017,
        "P_S_pivot": 7.154475243142242e-07,
        "P_T_pivot": 2.1426486377847805e-09
    },
    "spectrum_scan": [
        {
            "label": "k_minus",
            "k_code": 827.9870723659424,
            "P_S": 7.154477556991403e-07,
            "P_T": 2.1426486132259254e-09
        },
        {
            "label": "k_pivot",
            "k_code": 827.9953523194655,
            "P_S": 7.154475243142242e-07,
            "P_T": 2.1426486377847805e-09
        },
        {
            "label": "k_plus",
            "k_code": 828.0036322729887,
            "P_S": 7.154472948764705e-07,
            "P_T": 2.1426486639129846e-09
        }
    ]
}