{
    "metadata": {
        "run_id": "bc7cf599",
        "timestamp": "2026-03-23T02:05:09.794479",
        "description": "Batch automated calculation of ns and r from exact MS equations."
    },
    "model_parameters": {
        "name": "Higgs Inflation",
        "xi": 1000,
        "lambda": 0.13,
        "phi0": 5.6,
        "yi": -0.12222222222222223,
        "S": 5e-05
    },
    "numerical_settings": {
        "delta_finite_difference": 1e-05,
        "k_start_factor": 100.0
    },
    "background_info": {
        "total_efolds": 69.17166435505465,
        "exit_N_simulation": 9.263909624099668
    },
    "observables": {
        "n_s": 0.9658256793831747,
        "r": 0.0030458838522894314,
        "n_s_SR": 0.9671454262091352,
        "r_SR": 0.0031198781900300386,
        "P_S_pivot": 7.033116372971661e-07,
        "P_T_pivot": 2.1422055591706797e-09
    },
    "spectrum_scan": [
        {
            "label": "k_minus",
            "k_code": 0.2169886842769061,
            "P_S": 7.033118766369988e-07,
            "P_T": 2.142205566702368e-09
        },
        {
            "label": "k_pivot",
            "k_code": 0.21699085418544795,
            "P_S": 7.033116372971661e-07,
            "P_T": 2.1422055591706797e-09
        },
        {
            "label": "k_plus",
            "k_code": 0.21699302409398982,
            "P_S": 7.033113959330514e-07,
            "P_T": 2.142205549163833e-09
        }
    ]
}