{
    "metadata": {
        "run_id": "fdf0616c",
        "timestamp": "2026-03-23T02:07:58.285827",
        "description": "Batch automated calculation of ns and r from exact MS equations."
    },
    "model_parameters": {
        "name": "Higgs Inflation",
        "xi": 1000,
        "lambda": 0.13,
        "phi0": 5.6,
        "yi": -0.17500000000000002,
        "S": 5e-05
    },
    "numerical_settings": {
        "delta_finite_difference": 1e-05,
        "k_start_factor": 100.0
    },
    "background_info": {
        "total_efolds": 68.40532079394521,
        "exit_N_simulation": 8.44046147174289
    },
    "observables": {
        "n_s": 0.9578429204850537,
        "r": 0.0030136352085541455,
        "n_s_SR": 0.9673251056717308,
        "r_SR": 0.003086457749017017,
        "P_S_pivot": 7.110439330208261e-07,
        "P_T_pivot": 2.142827031380377e-09
    },
    "spectrum_scan": [
        {
            "label": "k_minus",
            "k_code": 0.09524586186632342,
            "P_S": 7.110442318218877e-07,
            "P_T": 2.142827225234585e-09
        },
        {
            "label": "k_pivot",
            "k_code": 0.09524681433446676,
            "P_S": 7.110439330208261e-07,
            "P_T": 2.142827031380377e-09
        },
        {
            "label": "k_plus",
            "k_code": 0.09524776680261011,
            "P_S": 7.110436323111764e-07,
            "P_T": 2.1428268364302476e-09
        }
    ]
}