{
    "metadata": {
        "run_id": "07dbcfe8",
        "timestamp": "2026-03-23T01:14:23.350453",
        "description": "Batch automated calculation of ns and r from exact MS equations."
    },
    "model_parameters": {
        "name": "Higgs Inflation",
        "xi": 1000,
        "lambda": 0.13,
        "phi0": 5.752631578947368,
        "yi": -0.12105263157894738,
        "S": 5e-05
    },
    "numerical_settings": {
        "delta_finite_difference": 1e-05,
        "k_start_factor": 100.0
    },
    "background_info": {
        "total_efolds": 78.56470989369643,
        "exit_N_simulation": 18.5409368464487
    },
    "observables": {
        "n_s": 0.9664971861437187,
        "r": 0.0030299242033268027,
        "n_s_SR": 0.9672342868639479,
        "r_SR": 0.003103327363104482,
        "P_S_pivot": 7.07061757623618e-07,
        "P_T_pivot": 2.1423435326705895e-09
    },
    "spectrum_scan": [
        {
            "label": "k_minus",
            "k_code": 2319.59772034308,
            "P_S": 7.070619932502364e-07,
            "P_T": 2.142343532695806e-09
        },
        {
            "label": "k_pivot",
            "k_code": 2319.620916552245,
            "P_S": 7.07061757623618e-07,
            "P_T": 2.1423435326705895e-09
        },
        {
            "label": "k_plus",
            "k_code": 2319.6441127614107,
            "P_S": 7.07061519479068e-07,
            "P_T": 2.1423435346115308e-09
        }
    ]
}