{
    "metadata": {
        "run_id": "1dd8b566",
        "timestamp": "2026-03-23T02:10:14.680852",
        "description": "Batch automated calculation of ns and r from exact MS equations."
    },
    "model_parameters": {
        "name": "Higgs Inflation",
        "xi": 1000,
        "lambda": 0.13,
        "phi0": 5.5,
        "yi": -0.15714285714285714,
        "S": 5e-05
    },
    "numerical_settings": {
        "delta_finite_difference": 1e-05,
        "k_start_factor": 100.0
    },
    "background_info": {
        "total_efolds": 63.03991168637997,
        "exit_N_simulation": 3.086640104995036
    },
    "observables": {
        "n_s": 0.9819505451804719,
        "r": 0.0030156682334289225,
        "n_s_SR": 0.9689256042720044,
        "r_SR": 0.0030902671962817216,
        "P_S_pivot": 7.121012797166859e-07,
        "P_T_pivot": 2.147461208225693e-09
    },
    "spectrum_scan": [
        {
            "label": "k_minus",
            "k_code": 0.0004505149771054954,
            "P_S": 7.121014092381725e-07,
            "P_T": 2.1474610142976534e-09
        },
        {
            "label": "k_pivot",
            "k_code": 0.0004505194823003184,
            "P_S": 7.121012797166859e-07,
            "P_T": 2.147461208225693e-09
        },
        {
            "label": "k_plus",
            "k_code": 0.00045052398749514147,
            "P_S": 7.121011521773742e-07,
            "P_T": 2.147461409613033e-09
        }
    ]
}