{
    "metadata": {
        "run_id": "c7b11744",
        "timestamp": "2026-03-23T01:09:58.497011",
        "description": "Batch automated calculation of ns and r from exact MS equations."
    },
    "model_parameters": {
        "name": "Higgs Inflation",
        "xi": 1000,
        "lambda": 0.13,
        "phi0": 5.657894736842105,
        "yi": -0.1473684210526316,
        "S": 5e-05
    },
    "numerical_settings": {
        "delta_finite_difference": 1e-05,
        "k_start_factor": 100.0
    },
    "background_info": {
        "total_efolds": 72.3352336088829,
        "exit_N_simulation": 12.355081672034835
    },
    "observables": {
        "n_s": 0.9661121224302259,
        "r": 0.003036017908893698,
        "n_s_SR": 0.9672003323023138,
        "r_SR": 0.003109646777708684,
        "P_S_pivot": 7.056252159341948e-07,
        "P_T_pivot": 2.1422907925431983e-09
    },
    "spectrum_scan": [
        {
            "label": "k_minus",
            "k_code": 4.774463862864277,
            "P_S": 7.056254560980761e-07,
            "P_T": 2.142290797155043e-09
        },
        {
            "label": "k_pivot",
            "k_code": 4.774511607980356,
            "P_S": 7.056252159341948e-07,
            "P_T": 2.1422907925431983e-09
        },
        {
            "label": "k_plus",
            "k_code": 4.7745593530964365,
            "P_S": 7.056249778552569e-07,
            "P_T": 2.1422907902047045e-09
        }
    ]
}