{
    "metadata": {
        "run_id": "7a512ece",
        "timestamp": "2026-03-23T01:06:11.347656",
        "description": "Batch automated calculation of ns and r from exact MS equations."
    },
    "model_parameters": {
        "name": "Higgs Inflation",
        "xi": 1000,
        "lambda": 0.13,
        "phi0": 5.578947368421052,
        "yi": -0.1842105263157895,
        "S": 5e-05
    },
    "numerical_settings": {
        "delta_finite_difference": 1e-05,
        "k_start_factor": 100.0
    },
    "background_info": {
        "total_efolds": 67.30799858160451,
        "exit_N_simulation": 7.204524482513198
    },
    "observables": {
        "n_s": 0.9670225145474479,
        "r": 0.003018442061720956,
        "n_s_SR": 0.967298361971893,
        "r_SR": 0.0030914226576279524,
        "P_S_pivot": 7.097844069712165e-07,
        "P_T_pivot": 2.142443108755585e-09
    },
    "spectrum_scan": [
        {
            "label": "k_minus",
            "k_code": 0.027674598547816516,
            "P_S": 7.097846403124326e-07,
            "P_T": 2.1424430988340638e-09
        },
        {
            "label": "k_pivot",
            "k_code": 0.02767487529656948,
            "P_S": 7.097844069712165e-07,
            "P_T": 2.142443108755585e-09
        },
        {
            "label": "k_plus",
            "k_code": 0.027675152045322445,
            "P_S": 7.097841721743331e-07,
            "P_T": 2.142443118791044e-09
        }
    ]
}