{
    "metadata": {
        "run_id": "64018039",
        "timestamp": "2026-03-23T02:11:41.323915",
        "description": "Batch automated calculation of ns and r from exact MS equations."
    },
    "model_parameters": {
        "name": "Higgs Inflation",
        "xi": 1000,
        "lambda": 0.13,
        "phi0": 5.564285714285714,
        "yi": -0.16428571428571428,
        "S": 5e-05
    },
    "numerical_settings": {
        "delta_finite_difference": 1e-05,
        "k_start_factor": 100.0
    },
    "background_info": {
        "total_efolds": 66.51021890308535,
        "exit_N_simulation": 6.586603928049716
    },
    "observables": {
        "n_s": 0.9575261933951194,
        "r": 0.0030209865734801386,
        "n_s_SR": 0.9672840891147606,
        "r_SR": 0.00309408006333446,
        "P_S_pivot": 7.092929485043187e-07,
        "P_T_pivot": 2.1427644740956864e-09
    },
    "spectrum_scan": [
        {
            "label": "k_minus",
            "k_code": 0.014918309434601191,
            "P_S": 7.092932488871126e-07,
            "P_T": 2.142764671734904e-09
        },
        {
            "label": "k_pivot",
            "k_code": 0.014918458619187383,
            "P_S": 7.092929485043187e-07,
            "P_T": 2.1427644740956864e-09
        },
        {
            "label": "k_plus",
            "k_code": 0.014918607803773576,
            "P_S": 7.092926463596823e-07,
            "P_T": 2.1427642711758773e-09
        }
    ]
}