{
    "metadata": {
        "run_id": "f8024910",
        "timestamp": "2026-03-23T01:15:28.673067",
        "description": "Batch automated calculation of ns and r from exact MS equations."
    },
    "model_parameters": {
        "name": "Higgs Inflation",
        "xi": 1000,
        "lambda": 0.13,
        "phi0": 5.784210526315789,
        "yi": -0.16842105263157897,
        "S": 5e-05
    },
    "numerical_settings": {
        "delta_finite_difference": 1e-05,
        "k_start_factor": 100.0
    },
    "background_info": {
        "total_efolds": 79.93834017465365,
        "exit_N_simulation": 19.574015022313922
    },
    "observables": {
        "n_s": 0.9685902827744518,
        "r": 0.0029766083445627784,
        "n_s_SR": 0.9675327446909109,
        "r_SR": 0.003048051887206136,
        "P_S_pivot": 7.198824509343827e-07,
        "P_T_pivot": 2.1428081105555887e-09
    },
    "spectrum_scan": [
        {
            "label": "k_minus",
            "k_code": 6518.075297593352,
            "P_S": 7.198826782598186e-07,
            "P_T": 2.1428080731739973e-09
        },
        {
            "label": "k_pivot",
            "k_code": 6518.140478998142,
            "P_S": 7.198824509343827e-07,
            "P_T": 2.1428081105555887e-09
        },
        {
            "label": "k_plus",
            "k_code": 6518.205660402932,
            "P_S": 7.198822260337342e-07,
            "P_T": 2.142808151537995e-09
        }
    ]
}