{
    "metadata": {
        "run_id": "d03907c2",
        "timestamp": "2026-03-23T02:04:20.158248",
        "description": "Batch automated calculation of ns and r from exact MS equations."
    },
    "model_parameters": {
        "name": "Higgs Inflation",
        "xi": 1000,
        "lambda": 0.13,
        "phi0": 5.555555555555555,
        "yi": -0.12222222222222223,
        "S": 5e-05
    },
    "numerical_settings": {
        "delta_finite_difference": 1e-05,
        "k_start_factor": 100.0
    },
    "background_info": {
        "total_efolds": 66.44827443849312,
        "exit_N_simulation": 6.174993745118864
    },
    "observables": {
        "n_s": 0.9678574331712648,
        "r": 0.0029920807951351663,
        "n_s_SR": 0.9674459806384466,
        "r_SR": 0.0030640923757946806,
        "P_S_pivot": 7.161145875672253e-07,
        "P_T_pivot": 2.142672704576035e-09
    },
    "spectrum_scan": [
        {
            "label": "k_minus",
            "k_code": 0.00988518540214566,
            "P_S": 7.161148183805832e-07,
            "P_T": 2.1426726796205614e-09
        },
        {
            "label": "k_pivot",
            "k_code": 0.009885284254988209,
            "P_S": 7.161145875672253e-07,
            "P_T": 2.142672704576035e-09
        },
        {
            "label": "k_plus",
            "k_code": 0.00988538310783076,
            "P_S": 7.161143580253624e-07,
            "P_T": 2.142672734701267e-09
        }
    ]
}