{
    "metadata": {
        "run_id": "aea9e9a7",
        "timestamp": "2026-03-23T01:11:08.827082",
        "description": "Batch automated calculation of ns and r from exact MS equations."
    },
    "model_parameters": {
        "name": "Higgs Inflation",
        "xi": 1000,
        "lambda": 0.13,
        "phi0": 5.689473684210526,
        "yi": -0.1842105263157895,
        "S": 5e-05
    },
    "numerical_settings": {
        "delta_finite_difference": 1e-05,
        "k_start_factor": 100.0
    },
    "background_info": {
        "total_efolds": 73.70696108277866,
        "exit_N_simulation": 13.386906908118148
    },
    "observables": {
        "n_s": 0.9681867353560616,
        "r": 0.0029842646481672568,
        "n_s_SR": 0.9674897325401863,
        "r_SR": 0.0030559891573386263,
        "P_S_pivot": 7.180130789248134e-07,
        "P_T_pivot": 2.142741048357047e-09
    },
    "spectrum_scan": [
        {
            "label": "k_minus",
            "k_code": 13.39941230471087,
            "P_S": 7.180133089746979e-07,
            "P_T": 2.142741019156651e-09
        },
        {
            "label": "k_pivot",
            "k_code": 13.39954630017387,
            "P_S": 7.180130789248134e-07,
            "P_T": 2.142741048357047e-09
        },
        {
            "label": "k_plus",
            "k_code": 13.399680295636873,
            "P_S": 7.180128521278955e-07,
            "P_T": 2.1427410834242736e-09
        }
    ]
}