{
    "metadata": {
        "run_id": "2d80d34b",
        "timestamp": "2026-03-23T02:05:03.280465",
        "description": "Batch automated calculation of ns and r from exact MS equations."
    },
    "model_parameters": {
        "name": "Higgs Inflation",
        "xi": 1000,
        "lambda": 0.13,
        "phi0": 5.6,
        "yi": -0.15555555555555556,
        "S": 5e-05
    },
    "numerical_settings": {
        "delta_finite_difference": 1e-05,
        "k_start_factor": 100.0
    },
    "background_info": {
        "total_efolds": 68.59762548109784,
        "exit_N_simulation": 8.234966869141637
    },
    "observables": {
        "n_s": 0.9684227642413802,
        "r": 0.0029769013508722875,
        "n_s_SR": 0.9675310981149722,
        "r_SR": 0.0030483567423944917,
        "P_S_pivot": 7.198107055874595e-07,
        "P_T_pivot": 2.142805461835643e-09
    },
    "spectrum_scan": [
        {
            "label": "k_minus",
            "k_code": 0.07755915579928419,
            "P_S": 7.198109593417931e-07,
            "P_T": 2.1428055052658555e-09
        },
        {
            "label": "k_pivot",
            "k_code": 0.07755993139859817,
            "P_S": 7.198107055874595e-07,
            "P_T": 2.142805461835643e-09
        },
        {
            "label": "k_plus",
            "k_code": 0.07756070699791216,
            "P_S": 7.198105047491302e-07,
            "P_T": 2.1428055792473766e-09
        }
    ]
}