{
    "metadata": {
        "run_id": "da76fef5",
        "timestamp": "2026-03-23T01:08:50.706039",
        "description": "Batch automated calculation of ns and r from exact MS equations."
    },
    "model_parameters": {
        "name": "Higgs Inflation",
        "xi": 1000,
        "lambda": 0.13,
        "phi0": 5.626315789473684,
        "yi": -0.10526315789473685,
        "S": 5e-05
    },
    "numerical_settings": {
        "delta_finite_difference": 1e-05,
        "k_start_factor": 100.0
    },
    "background_info": {
        "total_efolds": 70.63320985109988,
        "exit_N_simulation": 10.295192027917087
    },
    "observables": {
        "n_s": 0.9682479691298433,
        "r": 0.0029811894125100474,
        "n_s_SR": 0.9675070025974999,
        "r_SR": 0.0030528017403030545,
        "P_S_pivot": 7.187627741395207e-07,
        "P_T_pivot": 2.1427679723710895e-09
    },
    "spectrum_scan": [
        {
            "label": "k_minus",
            "k_code": 0.6086585577390351,
            "P_S": 7.187630018692373e-07,
            "P_T": 2.142767935937605e-09
        },
        {
            "label": "k_pivot",
            "k_code": 0.608664644385479,
            "P_S": 7.187627741395207e-07,
            "P_T": 2.1427679723710895e-09
        },
        {
            "label": "k_plus",
            "k_code": 0.6086707310319228,
            "P_S": 7.187625454256818e-07,
            "P_T": 2.1427680052860843e-09
        }
    ]
}