{
    "metadata": {
        "run_id": "823021b9",
        "timestamp": "2026-03-23T02:03:14.812240",
        "description": "Batch automated calculation of ns and r from exact MS equations."
    },
    "model_parameters": {
        "name": "Higgs Inflation",
        "xi": 1000,
        "lambda": 0.13,
        "phi0": 5.488888888888889,
        "yi": -0.13333333333333336,
        "S": 5e-05
    },
    "numerical_settings": {
        "delta_finite_difference": 1e-05,
        "k_start_factor": 100.0
    },
    "background_info": {
        "total_efolds": 62.93933490406219,
        "exit_N_simulation": 3.086379627812345
    },
    "observables": {
        "n_s": 0.982921007646409,
        "r": 0.0030530975390363354,
        "n_s_SR": 0.9683832441703369,
        "r_SR": 0.0031287648584097374,
        "P_S_pivot": 7.032635476704059e-07,
        "P_T_pivot": 2.147132206686479e-09
    },
    "spectrum_scan": [
        {
            "label": "k_minus",
            "k_code": 0.000450363915055677,
            "P_S": 7.03263667532838e-07,
            "P_T": 2.1471319864116882e-09
        },
        {
            "label": "k_pivot",
            "k_code": 0.0004503684187398644,
            "P_S": 7.032635476704059e-07,
            "P_T": 2.147132206686479e-09
        },
        {
            "label": "k_plus",
            "k_code": 0.0004503729224240518,
            "P_S": 7.032634273121828e-07,
            "P_T": 2.1471324288135993e-09
        }
    ]
}