{
    "metadata": {
        "run_id": "f215de3b",
        "timestamp": "2026-03-23T01:13:32.781385",
        "description": "Batch automated calculation of ns and r from exact MS equations."
    },
    "model_parameters": {
        "name": "Higgs Inflation",
        "xi": 1000,
        "lambda": 0.13,
        "phi0": 5.7368421052631575,
        "yi": -0.14210526315789473,
        "S": 5e-05
    },
    "numerical_settings": {
        "delta_finite_difference": 1e-05,
        "k_start_factor": 100.0
    },
    "background_info": {
        "total_efolds": 77.37671390220287,
        "exit_N_simulation": 17.50910014142495
    },
    "observables": {
        "n_s": 0.965662770497561,
        "r": 0.003051241614913963,
        "n_s_SR": 0.9671156437086474,
        "r_SR": 0.0031254335223695638,
        "P_S_pivot": 7.02061528075732e-07,
        "P_T_pivot": 2.142159350694761e-09
    },
    "spectrum_scan": [
        {
            "label": "k_minus",
            "k_code": 826.5577207047353,
            "P_S": 7.020617680049703e-07,
            "P_T": 2.1421593583536004e-09
        },
        {
            "label": "k_pivot",
            "k_code": 826.5659863645989,
            "P_S": 7.02061528075732e-07,
            "P_T": 2.142159350694761e-09
        },
        {
            "label": "k_plus",
            "k_code": 826.5742520244626,
            "P_S": 7.020612858680141e-07,
            "P_T": 2.1421593348603115e-09
        }
    ]
}