{
    "metadata": {
        "run_id": "24bc8422",
        "timestamp": "2026-03-23T01:02:44.878538",
        "description": "Batch automated calculation of ns and r from exact MS equations."
    },
    "model_parameters": {
        "name": "Higgs Inflation",
        "xi": 1000,
        "lambda": 0.13,
        "phi0": 5.5,
        "yi": -0.15789473684210528,
        "S": 5e-05
    },
    "numerical_settings": {
        "delta_finite_difference": 1e-05,
        "k_start_factor": 100.0
    },
    "background_info": {
        "total_efolds": 63.20418568507049,
        "exit_N_simulation": 3.0866377970402468
    },
    "observables": {
        "n_s": 0.9820351623834032,
        "r": 0.0030162878088039686,
        "n_s_SR": 0.9689321478146413,
        "r_SR": 0.0030909196571250954,
        "P_S_pivot": 7.119531919818924e-07,
        "P_T_pivot": 2.1474557334140533e-09
    },
    "spectrum_scan": [
        {
            "label": "k_minus",
            "k_code": 0.00045051337789023976,
            "P_S": 7.119533200955936e-07,
            "P_T": 2.147455538526017e-09
        },
        {
            "label": "k_pivot",
            "k_code": 0.00045051788306907045,
            "P_S": 7.119531919818924e-07,
            "P_T": 2.1474557334140533e-09
        },
        {
            "label": "k_plus",
            "k_code": 0.0004505223882479012,
            "P_S": 7.119530642931238e-07,
            "P_T": 2.147455933709357e-09
        }
    ]
}