{
    "metadata": {
        "run_id": "93cd4175",
        "timestamp": "2026-03-23T02:12:19.245500",
        "description": "Batch automated calculation of ns and r from exact MS equations."
    },
    "model_parameters": {
        "name": "Higgs Inflation",
        "xi": 1000,
        "lambda": 0.13,
        "phi0": 5.585714285714285,
        "yi": -0.12857142857142856,
        "S": 5e-05
    },
    "numerical_settings": {
        "delta_finite_difference": 1e-05,
        "k_start_factor": 100.0
    },
    "background_info": {
        "total_efolds": 68.00425817205165,
        "exit_N_simulation": 8.028421710348898
    },
    "observables": {
        "n_s": 0.9607725731831831,
        "r": 0.003011638075865626,
        "n_s_SR": 0.9673362695173415,
        "r_SR": 0.003084387128424858,
        "P_S_pivot": 7.115210584421445e-07,
        "P_T_pivot": 2.1428439113845736e-09
    },
    "spectrum_scan": [
        {
            "label": "k_minus",
            "k_code": 0.06308139113879344,
            "P_S": 7.115213625842982e-07,
            "P_T": 2.142844121737604e-09
        },
        {
            "label": "k_pivot",
            "k_code": 0.06308202195901302,
            "P_S": 7.115210584421445e-07,
            "P_T": 2.1428439113845736e-09
        },
        {
            "label": "k_plus",
            "k_code": 0.06308265277923261,
            "P_S": 7.115208043614729e-07,
            "P_T": 2.1428438543527063e-09
        }
    ]
}