{
    "metadata": {
        "run_id": "2684acf5",
        "timestamp": "2026-03-23T01:02:48.996056",
        "description": "Batch automated calculation of ns and r from exact MS equations."
    },
    "model_parameters": {
        "name": "Higgs Inflation",
        "xi": 1000,
        "lambda": 0.13,
        "phi0": 5.5,
        "yi": -0.1473684210526316,
        "S": 5e-05
    },
    "numerical_settings": {
        "delta_finite_difference": 1e-05,
        "k_start_factor": 100.0
    },
    "background_info": {
        "total_efolds": 63.261553687880195,
        "exit_N_simulation": 3.0866704191744354
    },
    "observables": {
        "n_s": 0.9819856479456107,
        "r": 0.0030076254878514557,
        "n_s_SR": 0.9688403158262898,
        "r_SR": 0.00308179758288093,
        "P_S_pivot": 7.140291628527635e-07,
        "P_T_pivot": 2.1475323092652093e-09
    },
    "spectrum_scan": [
        {
            "label": "k_minus",
            "k_code": 0.00045053590216815524,
            "P_S": 7.14029292418718e-07,
            "P_T": 2.14753211211304e-09
        },
        {
            "label": "k_pivot",
            "k_code": 0.00045054040757223094,
            "P_S": 7.140291628527635e-07,
            "P_T": 2.1475323092652093e-09
        },
        {
            "label": "k_plus",
            "k_code": 0.0004505449129763067,
            "P_S": 7.140290351632626e-07,
            "P_T": 2.147532505370978e-09
        }
    ]
}