{
    "metadata": {
        "run_id": "32a17f82",
        "timestamp": "2026-03-23T02:10:34.243385",
        "description": "Batch automated calculation of ns and r from exact MS equations."
    },
    "model_parameters": {
        "name": "Higgs Inflation",
        "xi": 1000,
        "lambda": 0.13,
        "phi0": 5.514285714285714,
        "yi": -0.10714285714285715,
        "S": 5e-05
    },
    "numerical_settings": {
        "delta_finite_difference": 1e-05,
        "k_start_factor": 100.0
    },
    "background_info": {
        "total_efolds": 64.25517359634469,
        "exit_N_simulation": 4.321597034817892
    },
    "observables": {
        "n_s": 0.9758048082844193,
        "r": 0.0030192301412152187,
        "n_s_SR": 0.9673165719769792,
        "r_SR": 0.003092284592512986,
        "P_S_pivot": 7.099068845952013e-07,
        "P_T_pivot": 2.1433722634260257e-09
    },
    "spectrum_scan": [
        {
            "label": "k_minus",
            "k_code": 0.0015489633540987189,
            "P_S": 7.099070562421384e-07,
            "P_T": 2.1433721277362867e-09
        },
        {
            "label": "k_pivot",
            "k_code": 0.0015489788438871578,
            "P_S": 7.099068845952013e-07,
            "P_T": 2.1433722634260257e-09
        },
        {
            "label": "k_plus",
            "k_code": 0.0015489943336755966,
            "P_S": 7.099067127154755e-07,
            "P_T": 2.14337239702513e-09
        }
    ]
}