{
    "metadata": {
        "run_id": "bcc4110f",
        "timestamp": "2026-03-23T01:08:57.075388",
        "description": "Batch automated calculation of ns and r from exact MS equations."
    },
    "model_parameters": {
        "name": "Higgs Inflation",
        "xi": 1000,
        "lambda": 0.13,
        "phi0": 5.6421052631578945,
        "yi": -0.19473684210526318,
        "S": 5e-05
    },
    "numerical_settings": {
        "delta_finite_difference": 1e-05,
        "k_start_factor": 100.0
    },
    "background_info": {
        "total_efolds": 70.6778669081005,
        "exit_N_simulation": 10.295478590112198
    },
    "observables": {
        "n_s": 0.9685929331871509,
        "r": 0.002973407693192539,
        "n_s_SR": 0.9675507415776484,
        "r_SR": 0.003044735262080123,
        "P_S_pivot": 7.20666790579823e-07,
        "P_T_pivot": 2.142836179338422e-09
    },
    "spectrum_scan": [
        {
            "label": "k_minus",
            "k_code": 0.6088425663881788,
            "P_S": 7.206670172548172e-07,
            "P_T": 2.142836140123147e-09
        },
        {
            "label": "k_pivot",
            "k_code": 0.6088486548747275,
            "P_S": 7.20666790579823e-07,
            "P_T": 2.142836179338422e-09
        },
        {
            "label": "k_plus",
            "k_code": 0.6088547433612763,
            "P_S": 7.20666564574216e-07,
            "P_T": 2.1428362219511025e-09
        }
    ]
}