{
    "metadata": {
        "run_id": "ce1dfa41",
        "timestamp": "2026-03-23T01:04:32.314037",
        "description": "Batch automated calculation of ns and r from exact MS equations."
    },
    "model_parameters": {
        "name": "Higgs Inflation",
        "xi": 1000,
        "lambda": 0.13,
        "phi0": 5.531578947368421,
        "yi": -0.10526315789473685,
        "S": 5e-05
    },
    "numerical_settings": {
        "delta_finite_difference": 1e-05,
        "k_start_factor": 100.0
    },
    "background_info": {
        "total_efolds": 65.33004729337351,
        "exit_N_simulation": 5.145235093756505
    },
    "observables": {
        "n_s": 0.967256366508187,
        "r": 0.0030061754267294498,
        "n_s_SR": 0.967368789145803,
        "r_SR": 0.003078706442215296,
        "P_S_pivot": 7.127161504179431e-07,
        "P_T_pivot": 2.1425497776196307e-09
    },
    "spectrum_scan": [
        {
            "label": "k_minus",
            "k_code": 0.0035298317511134013,
            "P_S": 7.127163836059021e-07,
            "P_T": 2.142549760395305e-09
        },
        {
            "label": "k_pivot",
            "k_code": 0.003529867049783899,
            "P_S": 7.127161504179431e-07,
            "P_T": 2.1425497776196307e-09
        },
        {
            "label": "k_plus",
            "k_code": 0.0035299023484543974,
            "P_S": 7.127159168675735e-07,
            "P_T": 2.142549795164608e-09
        }
    ]
}