{
    "metadata": {
        "run_id": "dc2629a5",
        "timestamp": "2026-03-23T02:12:07.207635",
        "description": "Batch automated calculation of ns and r from exact MS equations."
    },
    "model_parameters": {
        "name": "Higgs Inflation",
        "xi": 1000,
        "lambda": 0.13,
        "phi0": 5.578571428571428,
        "yi": -0.14285714285714285,
        "S": 5e-05
    },
    "numerical_settings": {
        "delta_finite_difference": 1e-05,
        "k_start_factor": 100.0
    },
    "background_info": {
        "total_efolds": 67.52367622706423,
        "exit_N_simulation": 7.616312986534431
    },
    "observables": {
        "n_s": 0.9523481173837982,
        "r": 0.0030238196394632654,
        "n_s_SR": 0.9672682337318236,
        "r_SR": 0.003097017573038843,
        "P_S_pivot": 7.086203724225524e-07,
        "P_T_pivot": 2.1427401990550872e-09
    },
    "spectrum_scan": [
        {
            "label": "k_minus",
            "k_code": 0.041774773834193826,
            "P_S": 7.086207381119377e-07,
            "P_T": 2.1427405912178476e-09
        },
        {
            "label": "k_pivot",
            "k_code": 0.041775191586109685,
            "P_S": 7.086203724225524e-07,
            "P_T": 2.1427401990550872e-09
        },
        {
            "label": "k_plus",
            "k_code": 0.04177560933802555,
            "P_S": 7.086200627700145e-07,
            "P_T": 2.1427399679123534e-09
        }
    ]
}