{
    "metadata": {
        "run_id": "ee3d738f",
        "timestamp": "2026-03-23T02:11:06.414419",
        "description": "Batch automated calculation of ns and r from exact MS equations."
    },
    "model_parameters": {
        "name": "Higgs Inflation",
        "xi": 1000,
        "lambda": 0.13,
        "phi0": 5.542857142857143,
        "yi": -0.2,
        "S": 5e-05
    },
    "numerical_settings": {
        "delta_finite_difference": 1e-05,
        "k_start_factor": 100.0
    },
    "background_info": {
        "total_efolds": 64.93874424059646,
        "exit_N_simulation": 4.939493784235927
    },
    "observables": {
        "n_s": 0.9539477703282151,
        "r": 0.0030073186038737363,
        "n_s_SR": 0.9673687180533059,
        "r_SR": 0.0030799173704473327,
        "P_S_pivot": 7.125552482502659e-07,
        "P_T_pivot": 2.1428806543508932e-09
    },
    "spectrum_scan": [
        {
            "label": "k_minus",
            "k_code": 0.0028734303606699017,
            "P_S": 7.125555467472373e-07,
            "P_T": 2.142880843762633e-09
        },
        {
            "label": "k_pivot",
            "k_code": 0.002873459095260854,
            "P_S": 7.125552482502659e-07,
            "P_T": 2.1428806543508932e-09
        },
        {
            "label": "k_plus",
            "k_code": 0.0028734878298518067,
            "P_S": 7.125548904521053e-07,
            "P_T": 2.142880286653185e-09
        }
    ]
}