{
    "metadata": {
        "run_id": "f565ed1a",
        "timestamp": "2026-03-23T02:04:22.487604",
        "description": "Batch automated calculation of ns and r from exact MS equations."
    },
    "model_parameters": {
        "name": "Higgs Inflation",
        "xi": 1000,
        "lambda": 0.13,
        "phi0": 5.555555555555555,
        "yi": -0.11111111111111112,
        "S": 5e-05
    },
    "numerical_settings": {
        "delta_finite_difference": 1e-05,
        "k_start_factor": 100.0
    },
    "background_info": {
        "total_efolds": 66.5049212216162,
        "exit_N_simulation": 6.175084742099439
    },
    "observables": {
        "n_s": 0.9682417546333772,
        "r": 0.0029825952104569047,
        "n_s_SR": 0.9674991988258893,
        "r_SR": 0.003054259159969283,
        "P_S_pivot": 7.184198688333277e-07,
        "P_T_pivot": 2.142755659879361e-09
    },
    "spectrum_scan": [
        {
            "label": "k_minus",
            "k_code": 0.009886273976913756,
            "P_S": 7.184200973092402e-07,
            "P_T": 2.1427556277452524e-09
        },
        {
            "label": "k_pivot",
            "k_code": 0.009886372840642161,
            "P_S": 7.184198688333277e-07,
            "P_T": 2.142755659879361e-09
        },
        {
            "label": "k_plus",
            "k_code": 0.009886471704370568,
            "P_S": 7.184196409941502e-07,
            "P_T": 2.142755695387024e-09
        }
    ]
}