{
    "metadata": {
        "run_id": "e5fd7be8",
        "timestamp": "2026-03-23T02:03:08.678116",
        "description": "Batch automated calculation of ns and r from exact MS equations."
    },
    "model_parameters": {
        "name": "Higgs Inflation",
        "xi": 1000,
        "lambda": 0.13,
        "phi0": 5.488888888888889,
        "yi": -0.16666666666666669,
        "S": 5e-05
    },
    "numerical_settings": {
        "delta_finite_difference": 1e-05,
        "k_start_factor": 100.0
    },
    "background_info": {
        "total_efolds": 62.394609724655574,
        "exit_N_simulation": 2.057776944136805
    },
    "observables": {
        "n_s": 1.007773591725483,
        "r": 0.002982370156045384,
        "n_s_SR": 1.006137115242395,
        "r_SR": 0.0030922922639815523,
        "P_S_pivot": 7.070609305724129e-07,
        "P_T_pivot": 2.1087174178448415e-09
    },
    "spectrum_scan": [
        {
            "label": "k_minus",
            "k_code": 0.00016103118634170025,
            "P_S": 7.070608756618532e-07,
            "P_T": 2.1087163529517297e-09
        },
        {
            "label": "k_pivot",
            "k_code": 0.00016103279666966695,
            "P_S": 7.070609305724129e-07,
            "P_T": 2.1087174178448415e-09
        },
        {
            "label": "k_plus",
            "k_code": 0.00016103440699763365,
            "P_S": 7.070609855899139e-07,
            "P_T": 2.108718483472664e-09
        }
    ]
}