{
    "metadata": {
        "run_id": "fbffc923",
        "timestamp": "2026-03-23T01:11:25.746679",
        "description": "Batch automated calculation of ns and r from exact MS equations."
    },
    "model_parameters": {
        "name": "Higgs Inflation",
        "xi": 1000,
        "lambda": 0.13,
        "phi0": 5.689473684210526,
        "yi": -0.14210526315789473,
        "S": 5e-05
    },
    "numerical_settings": {
        "delta_finite_difference": 1e-05,
        "k_start_factor": 100.0
    },
    "background_info": {
        "total_efolds": 74.3469432214199,
        "exit_N_simulation": 14.416287799572451
    },
    "observables": {
        "n_s": 0.9659723581411989,
        "r": 0.0030427933467369545,
        "n_s_SR": 0.9671626168179377,
        "r_SR": 0.0031166728730424005,
        "P_S_pivot": 7.04034744071367e-07,
        "P_T_pivot": 2.14223223513201e-09
    },
    "spectrum_scan": [
        {
            "label": "k_minus",
            "k_code": 37.5050006249516,
            "P_S": 7.040349842581082e-07,
            "P_T": 2.142232244269526e-09
        },
        {
            "label": "k_pivot",
            "k_code": 37.50537567870838,
            "P_S": 7.04034744071367e-07,
            "P_T": 2.14223223513201e-09
        },
        {
            "label": "k_plus",
            "k_code": 37.505750732465174,
            "P_S": 7.040345051252652e-07,
            "P_T": 2.1422322300161873e-09
        }
    ]
}