{
    "metadata": {
        "run_id": "f54aea29",
        "timestamp": "2026-03-23T02:03:33.429087",
        "description": "Batch automated calculation of ns and r from exact MS equations."
    },
    "model_parameters": {
        "name": "Higgs Inflation",
        "xi": 1000,
        "lambda": 0.13,
        "phi0": 5.511111111111111,
        "yi": -0.14444444444444446,
        "S": 5e-05
    },
    "numerical_settings": {
        "delta_finite_difference": 1e-05,
        "k_start_factor": 100.0
    },
    "background_info": {
        "total_efolds": 64.01256300798734,
        "exit_N_simulation": 4.115577545991664
    },
    "observables": {
        "n_s": 0.965959386562589,
        "r": 0.003047325028762365,
        "n_s_SR": 0.967201989012073,
        "r_SR": 0.003121442729245959,
        "P_S_pivot": 7.029749818107947e-07,
        "P_T_pivot": 2.142193256665803e-09
    },
    "spectrum_scan": [
        {
            "label": "k_minus",
            "k_code": 0.0012605022411754316,
            "P_S": 7.029752212695282e-07,
            "P_T": 2.1421932646258497e-09
        },
        {
            "label": "k_pivot",
            "k_code": 0.0012605148463238948,
            "P_S": 7.029749818107947e-07,
            "P_T": 2.142193256665803e-09
        },
        {
            "label": "k_plus",
            "k_code": 0.0012605274514723582,
            "P_S": 7.029747426755356e-07,
            "P_T": 2.1421932497845813e-09
        }
    ]
}