{
    "metadata": {
        "run_id": "5a52e4a9",
        "timestamp": "2026-03-23T01:07:19.597533",
        "description": "Batch automated calculation of ns and r from exact MS equations."
    },
    "model_parameters": {
        "name": "Higgs Inflation",
        "xi": 1000,
        "lambda": 0.13,
        "phi0": 5.594736842105263,
        "yi": -0.12105263157894738,
        "S": 5e-05
    },
    "numerical_settings": {
        "delta_finite_difference": 1e-05,
        "k_start_factor": 100.0
    },
    "background_info": {
        "total_efolds": 68.60657075581229,
        "exit_N_simulation": 8.234935081629937
    },
    "observables": {
        "n_s": 0.9706206938129959,
        "r": 0.0029753185051247383,
        "n_s_SR": 0.9675399967327538,
        "r_SR": 0.0030467160471652744,
        "P_S_pivot": 7.201983304007788e-07,
        "P_T_pivot": 2.1428194198013775e-09
    },
    "spectrum_scan": [
        {
            "label": "k_minus",
            "k_code": 0.07755693831543103,
            "P_S": 7.201985281847335e-07,
            "P_T": 2.1428192937331002e-09
        },
        {
            "label": "k_pivot",
            "k_code": 0.07755771389256996,
            "P_S": 7.201983304007788e-07,
            "P_T": 2.1428194198013775e-09
        },
        {
            "label": "k_plus",
            "k_code": 0.07755848946970889,
            "P_S": 7.201981050061956e-07,
            "P_T": 2.142819459844444e-09
        }
    ]
}