{
    "metadata": {
        "run_id": "707c4b11",
        "timestamp": "2026-03-23T02:07:51.876933",
        "description": "Batch automated calculation of ns and r from exact MS equations."
    },
    "model_parameters": {
        "name": "Higgs Inflation",
        "xi": 1000,
        "lambda": 0.13,
        "phi0": 5.525,
        "yi": -0.15000000000000002,
        "S": 5e-05
    },
    "numerical_settings": {
        "delta_finite_difference": 1e-05,
        "k_start_factor": 100.0
    },
    "background_info": {
        "total_efolds": 64.46159570555571,
        "exit_N_simulation": 4.527533746150404
    },
    "observables": {
        "n_s": 0.9625707700642496,
        "r": 0.0030191453429522478,
        "n_s_SR": 0.9673141103261892,
        "r_SR": 0.00309219257919522,
        "P_S_pivot": 7.097304554693173e-07,
        "P_T_pivot": 2.1427793993815672e-09
    },
    "spectrum_scan": [
        {
            "label": "k_minus",
            "k_code": 0.0019031735584429186,
            "P_S": 7.097307417106843e-07,
            "P_T": 2.142779553049503e-09
        },
        {
            "label": "k_pivot",
            "k_code": 0.0019031925903688221,
            "P_S": 7.097304554693173e-07,
            "P_T": 2.1427793993815672e-09
        },
        {
            "label": "k_plus",
            "k_code": 0.0019032116222947259,
            "P_S": 7.097302104173797e-07,
            "P_T": 2.1427793672664772e-09
        }
    ]
}