{
    "metadata": {
        "run_id": "375fd211",
        "timestamp": "2026-03-23T01:06:13.558696",
        "description": "Batch automated calculation of ns and r from exact MS equations."
    },
    "model_parameters": {
        "name": "Higgs Inflation",
        "xi": 1000,
        "lambda": 0.13,
        "phi0": 5.578947368421052,
        "yi": -0.17894736842105263,
        "S": 5e-05
    },
    "numerical_settings": {
        "delta_finite_difference": 1e-05,
        "k_start_factor": 100.0
    },
    "background_info": {
        "total_efolds": 67.3390471222127,
        "exit_N_simulation": 7.204574128687978
    },
    "observables": {
        "n_s": 0.9645310961870134,
        "r": 0.0030138380355469894,
        "n_s_SR": 0.9673240827883561,
        "r_SR": 0.0030866490386289905,
        "P_S_pivot": 7.108819660519528e-07,
        "P_T_pivot": 2.1424831080717992e-09
    },
    "spectrum_scan": [
        {
            "label": "k_minus",
            "k_code": 0.02767622813995915,
            "P_S": 7.108822015537356e-07,
            "P_T": 2.1424830986921803e-09
        },
        {
            "label": "k_pivot",
            "k_code": 0.027676504905008198,
            "P_S": 7.108819660519528e-07,
            "P_T": 2.1424831080717992e-09
        },
        {
            "label": "k_plus",
            "k_code": 0.02767678167005725,
            "P_S": 7.108816972696658e-07,
            "P_T": 2.142483014773867e-09
        }
    ]
}