{
    "metadata": {
        "run_id": "ac0f8b06",
        "timestamp": "2026-03-23T01:10:24.411923",
        "description": "Batch automated calculation of ns and r from exact MS equations."
    },
    "model_parameters": {
        "name": "Higgs Inflation",
        "xi": 1000,
        "lambda": 0.13,
        "phi0": 5.673684210526316,
        "yi": -0.18947368421052632,
        "S": 5e-05
    },
    "numerical_settings": {
        "delta_finite_difference": 1e-05,
        "k_start_factor": 100.0
    },
    "background_info": {
        "total_efolds": 72.68070291582207,
        "exit_N_simulation": 12.356242400206291
    },
    "observables": {
        "n_s": 0.9682141345060294,
        "r": 0.0029835141940835574,
        "n_s_SR": 0.9674939460194482,
        "r_SR": 0.0030552112081533383,
        "P_S_pivot": 7.181958843045565e-07,
        "P_T_pivot": 2.1427476149550366e-09
    },
    "spectrum_scan": [
        {
            "label": "k_minus",
            "k_code": 4.7805129557117265,
            "P_S": 7.181961131138755e-07,
            "P_T": 2.142747584646016e-09
        },
        {
            "label": "k_pivot",
            "k_code": 4.7805607613193395,
            "P_S": 7.181958843045565e-07,
            "P_T": 2.1427476149550366e-09
        },
        {
            "label": "k_plus",
            "k_code": 4.780608566926953,
            "P_S": 7.181956565443198e-07,
            "P_T": 2.1427476493499878e-09
        }
    ]
}