{
    "metadata": {
        "run_id": "4c9b76ec",
        "timestamp": "2026-03-23T01:07:59.860596",
        "description": "Batch automated calculation of ns and r from exact MS equations."
    },
    "model_parameters": {
        "name": "Higgs Inflation",
        "xi": 1000,
        "lambda": 0.13,
        "phi0": 5.610526315789474,
        "yi": -0.12631578947368421,
        "S": 5e-05
    },
    "numerical_settings": {
        "delta_finite_difference": 1e-05,
        "k_start_factor": 100.0
    },
    "background_info": {
        "total_efolds": 69.54690887560358,
        "exit_N_simulation": 9.264809178095582
    },
    "observables": {
        "n_s": 0.9678678117130206,
        "r": 0.002990627522104437,
        "n_s_SR": 0.9674540256159317,
        "r_SR": 0.0030625856416796804,
        "P_S_pivot": 7.164668243451742e-07,
        "P_T_pivot": 2.142685403561443e-09
    },
    "spectrum_scan": [
        {
            "label": "k_minus",
            "k_code": 0.21720803318292928,
            "P_S": 7.164670548851399e-07,
            "P_T": 2.1426853765259302e-09
        },
        {
            "label": "k_pivot",
            "k_code": 0.2172102052849821,
            "P_S": 7.164668243451742e-07,
            "P_T": 2.142685403561443e-09
        },
        {
            "label": "k_plus",
            "k_code": 0.21721237738703497,
            "P_S": 7.164665944522018e-07,
            "P_T": 2.1426854323693553e-09
        }
    ]
}