{
    "metadata": {
        "run_id": "e63fe419",
        "timestamp": "2026-03-23T01:04:23.094699",
        "description": "Batch automated calculation of ns and r from exact MS equations."
    },
    "model_parameters": {
        "name": "Higgs Inflation",
        "xi": 1000,
        "lambda": 0.13,
        "phi0": 5.531578947368421,
        "yi": -0.12631578947368421,
        "S": 5e-05
    },
    "numerical_settings": {
        "delta_finite_difference": 1e-05,
        "k_start_factor": 100.0
    },
    "background_info": {
        "total_efolds": 65.21005304289127,
        "exit_N_simulation": 5.145096004759367
    },
    "observables": {
        "n_s": 0.9686556676275359,
        "r": 0.003024051398774077,
        "n_s_SR": 0.9672694744835043,
        "r_SR": 0.003097241354277467,
        "P_S_pivot": 7.084517266224749e-07,
        "P_T_pivot": 2.142394434856605e-09
    },
    "spectrum_scan": [
        {
            "label": "k_minus",
            "k_code": 0.0035292142400575365,
            "P_S": 7.084519344756141e-07,
            "P_T": 2.1423943440730133e-09
        },
        {
            "label": "k_pivot",
            "k_code": 0.003529249532552862,
            "P_S": 7.084517266224749e-07,
            "P_T": 2.142394434856605e-09
        },
        {
            "label": "k_plus",
            "k_code": 0.003529284825048188,
            "P_S": 7.084514903566947e-07,
            "P_T": 2.142394439362208e-09
        }
    ]
}