{
    "metadata": {
        "run_id": "2dd36a28",
        "timestamp": "2026-03-23T01:14:54.903842",
        "description": "Batch automated calculation of ns and r from exact MS equations."
    },
    "model_parameters": {
        "name": "Higgs Inflation",
        "xi": 1000,
        "lambda": 0.13,
        "phi0": 5.768421052631579,
        "yi": -0.1473684210526316,
        "S": 5e-05
    },
    "numerical_settings": {
        "delta_finite_difference": 1e-05,
        "k_start_factor": 100.0
    },
    "background_info": {
        "total_efolds": 79.40314585961154,
        "exit_N_simulation": 19.571609093492256
    },
    "observables": {
        "n_s": 0.9653913876702533,
        "r": 0.0030560001769015946,
        "n_s_SR": 0.9670892127903409,
        "r_SR": 0.003130368325525139,
        "P_S_pivot": 7.009549180104524e-07,
        "P_T_pivot": 2.142118353439985e-09
    },
    "spectrum_scan": [
        {
            "label": "k_minus",
            "k_code": 6501.376585972311,
            "P_S": 7.009551608314902e-07,
            "P_T": 2.1421183718328755e-09
        },
        {
            "label": "k_pivot",
            "k_code": 6501.441600388314,
            "P_S": 7.009549180104524e-07,
            "P_T": 2.142118353439985e-09
        },
        {
            "label": "k_plus",
            "k_code": 6501.506614804319,
            "P_S": 7.009546756499504e-07,
            "P_T": 2.1421183377488487e-09
        }
    ]
}