{
    "metadata": {
        "run_id": "b379f2f9",
        "timestamp": "2026-03-23T01:02:42.777677",
        "description": "Batch automated calculation of ns and r from exact MS equations."
    },
    "model_parameters": {
        "name": "Higgs Inflation",
        "xi": 1000,
        "lambda": 0.13,
        "phi0": 5.5,
        "yi": -0.1631578947368421,
        "S": 5e-05
    },
    "numerical_settings": {
        "delta_finite_difference": 1e-05,
        "k_start_factor": 100.0
    },
    "background_info": {
        "total_efolds": 63.174693404933194,
        "exit_N_simulation": 3.0866217369679028
    },
    "observables": {
        "n_s": 0.9822231854915877,
        "r": 0.003020628456210023,
        "n_s_SR": 0.9689778841989436,
        "r_SR": 0.0030954906678784927,
        "P_S_pivot": 7.109174226248482e-07,
        "P_T_pivot": 2.1474173967961037e-09
    },
    "spectrum_scan": [
        {
            "label": "k_minus",
            "k_code": 0.0004505022249967168,
            "P_S": 7.109175455901725e-07,
            "P_T": 2.1474171836172772e-09
        },
        {
            "label": "k_pivot",
            "k_code": 0.0004505067300640174,
            "P_S": 7.109174226248482e-07,
            "P_T": 2.1474173967961037e-09
        },
        {
            "label": "k_plus",
            "k_code": 0.00045051123513131807,
            "P_S": 7.109172928332307e-07,
            "P_T": 2.1474175916165407e-09
        }
    ]
}