{
    "metadata": {
        "run_id": "971a5473",
        "timestamp": "2026-03-23T01:06:28.548149",
        "description": "Batch automated calculation of ns and r from exact MS equations."
    },
    "model_parameters": {
        "name": "Higgs Inflation",
        "xi": 1000,
        "lambda": 0.13,
        "phi0": 5.578947368421052,
        "yi": -0.14210526315789473,
        "S": 5e-05
    },
    "numerical_settings": {
        "delta_finite_difference": 1e-05,
        "k_start_factor": 100.0
    },
    "background_info": {
        "total_efolds": 67.53933697653362,
        "exit_N_simulation": 7.204925602518597
    },
    "observables": {
        "n_s": 0.9683546736415569,
        "r": 0.0029818101912749977,
        "n_s_SR": 0.9675035216514133,
        "r_SR": 0.003053445280166269,
        "P_S_pivot": 7.186113108969447e-07,
        "P_T_pivot": 2.1427625303979955e-09
    },
    "spectrum_scan": [
        {
            "label": "k_minus",
            "k_code": 0.027687741556032753,
            "P_S": 7.186115394736353e-07,
            "P_T": 2.1427624979489036e-09
        },
        {
            "label": "k_pivot",
            "k_code": 0.027688018436217113,
            "P_S": 7.186113108969447e-07,
            "P_T": 2.1427625303979955e-09
        },
        {
            "label": "k_plus",
            "k_code": 0.027688295316401476,
            "P_S": 7.186110846598455e-07,
            "P_T": 2.1427625695752947e-09
        }
    ]
}