{
    "metadata": {
        "run_id": "740e4272",
        "timestamp": "2026-03-23T02:03:06.656216",
        "description": "Batch automated calculation of ns and r from exact MS equations."
    },
    "model_parameters": {
        "name": "Higgs Inflation",
        "xi": 1000,
        "lambda": 0.13,
        "phi0": 5.488888888888889,
        "yi": -0.17777777777777778,
        "S": 5e-05
    },
    "numerical_settings": {
        "delta_finite_difference": 1e-05,
        "k_start_factor": 100.0
    },
    "background_info": {
        "total_efolds": 62.34179701540134,
        "exit_N_simulation": 2.0577621599257334
    },
    "observables": {
        "n_s": 1.0075017806185413,
        "r": 0.0029912389219032996,
        "n_s_SR": 1.0093449131714507,
        "r_SR": 0.003105008033841747,
        "P_S_pivot": 7.049386226671913e-07,
        "P_T_pivot": 2.108639845675006e-09
    },
    "spectrum_scan": [
        {
            "label": "k_minus",
            "k_code": 0.00016102592348557918,
            "P_S": 7.049385697732414e-07,
            "P_T": 2.10863878283075e-09
        },
        {
            "label": "k_pivot",
            "k_code": 0.0001610275337609168,
            "P_S": 7.049386226671913e-07,
            "P_T": 2.108639845675006e-09
        },
        {
            "label": "k_plus",
            "k_code": 0.00016102914403625442,
            "P_S": 7.049386755391391e-07,
            "P_T": 2.1086409083820583e-09
        }
    ]
}