{
    "metadata": {
        "run_id": "746b1b0a",
        "timestamp": "2026-03-23T01:12:10.035529",
        "description": "Batch automated calculation of ns and r from exact MS equations."
    },
    "model_parameters": {
        "name": "Higgs Inflation",
        "xi": 1000,
        "lambda": 0.13,
        "phi0": 5.705263157894737,
        "yi": -0.1368421052631579,
        "S": 5e-05
    },
    "numerical_settings": {
        "delta_finite_difference": 1e-05,
        "k_start_factor": 100.0
    },
    "background_info": {
        "total_efolds": 75.38622342376813,
        "exit_N_simulation": 15.447190666598962
    },
    "observables": {
        "n_s": 0.9659711475547685,
        "r": 0.0030416561202262033,
        "n_s_SR": 0.9671689444842586,
        "r_SR": 0.0031154935386765335,
        "P_S_pivot": 7.043012007996841e-07,
        "P_T_pivot": 2.1422420578950234e-09
    },
    "spectrum_scan": [
        {
            "label": "k_minus",
            "k_code": 105.14910735776014,
            "P_S": 7.043014417281095e-07,
            "P_T": 2.1422420681763523e-09
        },
        {
            "label": "k_pivot",
            "k_code": 105.15015885934874,
            "P_S": 7.043012007996841e-07,
            "P_T": 2.1422420578950234e-09
        },
        {
            "label": "k_plus",
            "k_code": 105.15121036093734,
            "P_S": 7.043009623968755e-07,
            "P_T": 2.1422420535177924e-09
        }
    ]
}