{
    "metadata": {
        "run_id": "3ad01aae",
        "timestamp": "2026-03-23T02:07:59.596218",
        "description": "Batch automated calculation of ns and r from exact MS equations."
    },
    "model_parameters": {
        "name": "Higgs Inflation",
        "xi": 1000,
        "lambda": 0.13,
        "phi0": 5.6,
        "yi": -0.125,
        "S": 5e-05
    },
    "numerical_settings": {
        "delta_finite_difference": 1e-05,
        "k_start_factor": 100.0
    },
    "background_info": {
        "total_efolds": 68.84504267306677,
        "exit_N_simulation": 8.852472244413084
    },
    "observables": {
        "n_s": 0.9558062851807556,
        "r": 0.0030085594963511863,
        "n_s_SR": 0.9673534842348487,
        "r_SR": 0.0030811952768135566,
        "P_S_pivot": 7.122578869220736e-07,
        "P_T_pivot": 2.142870229550434e-09
    },
    "spectrum_scan": [
        {
            "label": "k_minus",
            "k_code": 0.14380849684545524,
            "P_S": 7.122582036749281e-07,
            "P_T": 2.142870472719949e-09
        },
        {
            "label": "k_pivot",
            "k_code": 0.14380993494480468,
            "P_S": 7.122578869220736e-07,
            "P_T": 2.142870229550434e-09
        },
        {
            "label": "k_plus",
            "k_code": 0.14381137304415414,
            "P_S": 7.122575741284866e-07,
            "P_T": 2.14287000030241e-09
        }
    ]
}