{
    "metadata": {
        "run_id": "2e4cec56",
        "timestamp": "2026-03-23T02:11:47.210345",
        "description": "Batch automated calculation of ns and r from exact MS equations."
    },
    "model_parameters": {
        "name": "Higgs Inflation",
        "xi": 1000,
        "lambda": 0.13,
        "phi0": 5.564285714285714,
        "yi": -0.10714285714285715,
        "S": 5e-05
    },
    "numerical_settings": {
        "delta_finite_difference": 1e-05,
        "k_start_factor": 100.0
    },
    "background_info": {
        "total_efolds": 66.9785590307628,
        "exit_N_simulation": 6.998534171934335
    },
    "observables": {
        "n_s": 0.9539464177202772,
        "r": 0.0030108714299001793,
        "n_s_SR": 0.9673405626668621,
        "r_SR": 0.0030835923339663416,
        "P_S_pivot": 7.117044445300475e-07,
        "P_T_pivot": 2.142850578568497e-09
    },
    "spectrum_scan": [
        {
            "label": "k_minus",
            "k_code": 0.02252306321929436,
            "P_S": 7.117047428456438e-07,
            "P_T": 2.142850768442453e-09
        },
        {
            "label": "k_pivot",
            "k_code": 0.02252328845217888,
            "P_S": 7.117044445300475e-07,
            "P_T": 2.142850578568497e-09
        },
        {
            "label": "k_plus",
            "k_code": 0.022523513685063404,
            "P_S": 7.11704087314887e-07,
            "P_T": 2.1428502099088284e-09
        }
    ]
}