{
    "metadata": {
        "run_id": "3bdcdd58",
        "timestamp": "2026-03-23T02:12:18.444254",
        "description": "Batch automated calculation of ns and r from exact MS equations."
    },
    "model_parameters": {
        "name": "Higgs Inflation",
        "xi": 1000,
        "lambda": 0.13,
        "phi0": 5.585714285714285,
        "yi": -0.13571428571428573,
        "S": 5e-05
    },
    "numerical_settings": {
        "delta_finite_difference": 1e-05,
        "k_start_factor": 100.0
    },
    "background_info": {
        "total_efolds": 67.96910310520249,
        "exit_N_simulation": 8.028342694037427
    },
    "observables": {
        "n_s": 0.9578069870954575,
        "r": 0.0030179592455458946,
        "n_s_SR": 0.9673009481365206,
        "r_SR": 0.003090941129623296,
        "P_S_pivot": 7.100129740084851e-07,
        "P_T_pivot": 2.1427902193664445e-09
    },
    "spectrum_scan": [
        {
            "label": "k_minus",
            "k_code": 0.06307560684418054,
            "P_S": 7.100132733052472e-07,
            "P_T": 2.1427904162210506e-09
        },
        {
            "label": "k_pivot",
            "k_code": 0.0630762376065566,
            "P_S": 7.100129740084851e-07,
            "P_T": 2.1427902193664445e-09
        },
        {
            "label": "k_plus",
            "k_code": 0.06307686836893267,
            "P_S": 7.100126741535165e-07,
            "P_T": 2.1427900255156514e-09
        }
    ]
}