{
    "metadata": {
        "run_id": "2a0535e7",
        "timestamp": "2026-03-23T01:12:16.362459",
        "description": "Batch automated calculation of ns and r from exact MS equations."
    },
    "model_parameters": {
        "name": "Higgs Inflation",
        "xi": 1000,
        "lambda": 0.13,
        "phi0": 5.705263157894737,
        "yi": -0.12105263157894738,
        "S": 5e-05
    },
    "numerical_settings": {
        "delta_finite_difference": 1e-05,
        "k_start_factor": 100.0
    },
    "background_info": {
        "total_efolds": 75.49815244006227,
        "exit_N_simulation": 15.44755198069495
    },
    "observables": {
        "n_s": 0.9666030080741985,
        "r": 0.0030261126626495776,
        "n_s_SR": 0.9672555417628074,
        "r_SR": 0.003099375753192041,
        "P_S_pivot": 7.079632516248395e-07,
        "P_T_pivot": 2.142376560432496e-09
    },
    "spectrum_scan": [
        {
            "label": "k_minus",
            "k_code": 105.19037661606566,
            "P_S": 7.079634875137159e-07,
            "P_T": 2.1423765565314846e-09
        },
        {
            "label": "k_pivot",
            "k_code": 105.19142853035096,
            "P_S": 7.079632516248395e-07,
            "P_T": 2.142376560432496e-09
        },
        {
            "label": "k_plus",
            "k_code": 105.19248044463627,
            "P_S": 7.079630146368555e-07,
            "P_T": 2.1423765658488926e-09
        }
    ]
}