{
    "metadata": {
        "run_id": "18929dfa",
        "timestamp": "2026-03-23T01:12:01.597584",
        "description": "Batch automated calculation of ns and r from exact MS equations."
    },
    "model_parameters": {
        "name": "Higgs Inflation",
        "xi": 1000,
        "lambda": 0.13,
        "phi0": 5.705263157894737,
        "yi": -0.15789473684210528,
        "S": 5e-05
    },
    "numerical_settings": {
        "delta_finite_difference": 1e-05,
        "k_start_factor": 100.0
    },
    "background_info": {
        "total_efolds": 75.22829900125971,
        "exit_N_simulation": 15.446710008292069
    },
    "observables": {
        "n_s": 0.9651918167327099,
        "r": 0.003062514551274945,
        "n_s_SR": 0.9670530610119729,
        "r_SR": 0.003137125212177113,
        "P_S_pivot": 6.994455937022132e-07,
        "P_T_pivot": 2.142062308538171e-09
    },
    "spectrum_scan": [
        {
            "label": "k_minus",
            "k_code": 105.0942065295856,
            "P_S": 6.994458366536588e-07,
            "P_T": 2.1420623266981677e-09
        },
        {
            "label": "k_pivot",
            "k_code": 105.09525748216042,
            "P_S": 6.994455937022132e-07,
            "P_T": 2.142062308538171e-09
        },
        {
            "label": "k_plus",
            "k_code": 105.09630843473525,
            "P_S": 6.994453497250505e-07,
            "P_T": 2.1420622849043193e-09
        }
    ]
}