{
    "metadata": {
        "run_id": "6a63c7e5",
        "timestamp": "2026-03-22T22:09:49.738655",
        "description": "Batch automated calculation of ns and r from exact MS equations."
    },
    "model_parameters": {
        "name": "Higgs Inflation",
        "xi": 17000,
        "lambda": 0.13,
        "phi0": 5.8500000000000005,
        "yi": -0.10500000000000001,
        "S": 5e-05
    },
    "numerical_settings": {
        "delta_finite_difference": 1e-05,
        "k_start_factor": 100.0
    },
    "background_info": {
        "total_efolds": 68.21292575384268,
        "exit_N_simulation": 8.184831741057975
    },
    "observables": {
        "n_s": 0.9866757583789385,
        "r": 0.0030063082296342266,
        "P_S_pivot": 2.4665493351881716e-09,
        "P_T_pivot": 7.41520756517503e-12
    },
    "spectrum_scan": [
        {
            "label": "k_minus",
            "k_code": 0.004338953716608483,
            "P_S": 2.4665494290480583e-09,
            "P_T": 7.41520546999364e-12
        },
        {
            "label": "k_pivot",
            "k_code": 0.004338997106579549,
            "P_S": 2.4665493351881716e-09,
            "P_T": 7.41520756517503e-12
        },
        {
            "label": "k_plus",
            "k_code": 0.004339040496550615,
            "P_S": 2.4665487717501368e-09,
            "P_T": 7.415208240919476e-12
        }
    ]
}