{
    "metadata": {
        "run_id": "dca9db50",
        "timestamp": "2026-03-22T22:11:13.277603",
        "description": "Batch automated calculation of ns and r from exact MS equations."
    },
    "model_parameters": {
        "name": "Higgs Inflation",
        "xi": 17000,
        "lambda": 0.13,
        "phi0": 6.0,
        "yi": -0.2,
        "S": 5e-05
    },
    "numerical_settings": {
        "delta_finite_difference": 1e-05,
        "k_start_factor": 100.0
    },
    "background_info": {
        "total_efolds": 63.75636955441067,
        "exit_N_simulation": 3.7264627113279944
    },
    "observables": {
        "n_s": 0.893276077328362,
        "r": 0.003008595690671388,
        "P_S_pivot": 2.465363947447561e-09,
        "P_T_pivot": 7.417283348227333e-12
    },
    "spectrum_scan": [
        {
            "label": "k_minus",
            "k_code": 5.025048991089522e-05,
            "P_S": 2.4653665776217927e-09,
            "P_T": 7.417281027422998e-12
        },
        {
            "label": "k_pivot",
            "k_code": 5.025099242081943e-05,
            "P_S": 2.465363947447561e-09,
            "P_T": 7.417283348227333e-12
        },
        {
            "label": "k_plus",
            "k_code": 5.0251494930743636e-05,
            "P_S": 2.4653613153555702e-09,
            "P_T": 7.417285658295347e-12
        }
    ]
}