{
    "metadata": {
        "run_id": "f541659f",
        "timestamp": "2026-03-23T02:03:25.125854",
        "description": "Batch automated calculation of ns and r from exact MS equations."
    },
    "model_parameters": {
        "name": "Higgs Inflation",
        "xi": 1000,
        "lambda": 0.13,
        "phi0": 5.511111111111111,
        "yi": -0.1888888888888889,
        "S": 5e-05
    },
    "numerical_settings": {
        "delta_finite_difference": 1e-05,
        "k_start_factor": 100.0
    },
    "background_info": {
        "total_efolds": 63.401272296120325,
        "exit_N_simulation": 3.086879964651665
    },
    "observables": {
        "n_s": 0.9814269143528884,
        "r": 0.002985167547986734,
        "n_s_SR": 0.9695396661351544,
        "r_SR": 0.0030590589241446552,
        "P_S_pivot": 7.194672057420192e-07,
        "P_T_pivot": 2.1477301544217705e-09
    },
    "spectrum_scan": [
        {
            "label": "k_minus",
            "k_code": 0.0004506507137564478,
            "P_S": 7.194673384524156e-07,
            "P_T": 2.1477299693311997e-09
        },
        {
            "label": "k_pivot",
            "k_code": 0.0004506552203086509,
            "P_S": 7.194672057420192e-07,
            "P_T": 2.1477301544217705e-09
        },
        {
            "label": "k_plus",
            "k_code": 0.000450659726860854,
            "P_S": 7.194670711978947e-07,
            "P_T": 2.1477303378239838e-09
        }
    ]
}