{
    "metadata": {
        "run_id": "8acca945",
        "timestamp": "2026-03-23T02:10:34.917534",
        "description": "Batch automated calculation of ns and r from exact MS equations."
    },
    "model_parameters": {
        "name": "Higgs Inflation",
        "xi": 1000,
        "lambda": 0.13,
        "phi0": 5.514285714285714,
        "yi": -0.1,
        "S": 5e-05
    },
    "numerical_settings": {
        "delta_finite_difference": 1e-05,
        "k_start_factor": 100.0
    },
    "background_info": {
        "total_efolds": 64.28868418534154,
        "exit_N_simulation": 4.321635491360407
    },
    "observables": {
        "n_s": 0.9780751371859837,
        "r": 0.003013235290215936,
        "n_s_SR": 0.9673477471607193,
        "r_SR": 0.0030860670983345263,
        "P_S_pivot": 7.113367340772063e-07,
        "P_T_pivot": 2.143424950348387e-09
    },
    "spectrum_scan": [
        {
            "label": "k_minus",
            "k_code": 0.0015490415499046166,
            "P_S": 7.113368729270466e-07,
            "P_T": 2.1434247157745484e-09
        },
        {
            "label": "k_pivot",
            "k_code": 0.0015490570404750213,
            "P_S": 7.113367340772063e-07,
            "P_T": 2.143424950348387e-09
        },
        {
            "label": "k_plus",
            "k_code": 0.0015490725310454262,
            "P_S": 7.113365610078475e-07,
            "P_T": 2.14342508366409e-09
        }
    ]
}