{
    "metadata": {
        "run_id": "06d452c2",
        "timestamp": "2026-03-23T02:11:44.996073",
        "description": "Batch automated calculation of ns and r from exact MS equations."
    },
    "model_parameters": {
        "name": "Higgs Inflation",
        "xi": 1000,
        "lambda": 0.13,
        "phi0": 5.564285714285714,
        "yi": -0.12857142857142856,
        "S": 5e-05
    },
    "numerical_settings": {
        "delta_finite_difference": 1e-05,
        "k_start_factor": 100.0
    },
    "background_info": {
        "total_efolds": 66.77867408645236,
        "exit_N_simulation": 6.792625786797416
    },
    "observables": {
        "n_s": 0.9579271277928446,
        "r": 0.0030097643434927805,
        "n_s_SR": 0.9673467634987967,
        "r_SR": 0.003082444498889736,
        "P_S_pivot": 7.119693079471931e-07,
        "P_T_pivot": 2.142859836720693e-09
    },
    "spectrum_scan": [
        {
            "label": "k_minus",
            "k_code": 0.018331733957540744,
            "P_S": 7.119696667914492e-07,
            "P_T": 2.1428602079746893e-09
        },
        {
            "label": "k_pivot",
            "k_code": 0.01833191727671351,
            "P_S": 7.119693079471931e-07,
            "P_T": 2.142859836720693e-09
        },
        {
            "label": "k_plus",
            "k_code": 0.01833210059588628,
            "P_S": 7.119690676995245e-07,
            "P_T": 2.1428598234969273e-09
        }
    ]
}