{
    "metadata": {
        "run_id": "e21477e0",
        "timestamp": "2026-03-23T01:16:31.809384",
        "description": "Batch automated calculation of ns and r from exact MS equations."
    },
    "model_parameters": {
        "name": "Higgs Inflation",
        "xi": 1000,
        "lambda": 0.13,
        "phi0": 5.8,
        "yi": -0.11578947368421054,
        "S": 5e-05
    },
    "numerical_settings": {
        "delta_finite_difference": 1e-05,
        "k_start_factor": 100.0
    },
    "background_info": {
        "total_efolds": 81.75187040481148,
        "exit_N_simulation": 21.63593722459067
    },
    "observables": {
        "n_s": 0.9668844625783315,
        "r": 0.0030166015844396996,
        "n_s_SR": 0.967308634011832,
        "r_SR": 0.0030895140698531305,
        "P_S_pivot": 7.102227564974429e-07,
        "P_T_pivot": 2.142459092555317e-09
    },
    "spectrum_scan": [
        {
            "label": "k_minus",
            "k_code": 51234.89526249934,
            "P_S": 7.102229923959094e-07,
            "P_T": 2.1424590841243694e-09
        },
        {
            "label": "k_pivot",
            "k_code": 51235.4076165755,
            "P_S": 7.102227564974429e-07,
            "P_T": 2.142459092555317e-09
        },
        {
            "label": "k_plus",
            "k_code": 51235.919970651674,
            "P_S": 7.102225220077442e-07,
            "P_T": 2.1424591037110732e-09
        }
    ]
}