{
    "metadata": {
        "run_id": "87dae70b",
        "timestamp": "2026-03-23T02:02:52.425824",
        "description": "Batch automated calculation of ns and r from exact MS equations."
    },
    "model_parameters": {
        "name": "Higgs Inflation",
        "xi": 1000,
        "lambda": 0.13,
        "phi0": 5.466666666666667,
        "yi": -0.14444444444444446,
        "S": 5e-05
    },
    "numerical_settings": {
        "delta_finite_difference": 1e-05,
        "k_start_factor": 100.0
    },
    "background_info": {
        "total_efolds": 61.395718228371706,
        "exit_N_simulation": 1.0288493667558107
    },
    "observables": {
        "n_s": 0.9318558143314472,
        "r": 0.0029718416932903793,
        "n_s_SR": 1.6044168696983567,
        "r_SR": 0.003804992400913142,
        "P_S_pivot": 8.146746086753893e-07,
        "P_T_pivot": 2.421083968526546e-09
    },
    "spectrum_scan": [
        {
            "label": "k_minus",
            "k_code": 5.7552383929166576e-05,
            "P_S": 8.146751633499852e-07,
            "P_T": 2.421085346624813e-09
        },
        {
            "label": "k_pivot",
            "k_code": 5.755295945876116e-05,
            "P_S": 8.146746086753893e-07,
            "P_T": 2.421083968526546e-09
        },
        {
            "label": "k_plus",
            "k_code": 5.755353498835575e-05,
            "P_S": 8.146740530432298e-07,
            "P_T": 2.421082589666506e-09
        }
    ]
}