{
    "metadata": {
        "run_id": "cc40072e",
        "timestamp": "2026-03-23T01:16:38.059706",
        "description": "Batch automated calculation of ns and r from exact MS equations."
    },
    "model_parameters": {
        "name": "Higgs Inflation",
        "xi": 1000,
        "lambda": 0.13,
        "phi0": 5.8,
        "yi": -0.1,
        "S": 5e-05
    },
    "numerical_settings": {
        "delta_finite_difference": 1e-05,
        "k_start_factor": 100.0
    },
    "background_info": {
        "total_efolds": 81.8607851719514,
        "exit_N_simulation": 21.63645312372989
    },
    "observables": {
        "n_s": 0.9675143665295208,
        "r": 0.0029999840584438646,
        "n_s_SR": 0.9674015831461673,
        "r_SR": 0.0030722843137102798,
        "P_S_pivot": 7.142050368249959e-07,
        "P_T_pivot": 2.1426037249353012e-09
    },
    "spectrum_scan": [
        {
            "label": "k_minus",
            "k_code": 51263.04520047748,
            "P_S": 7.142052691416906e-07,
            "P_T": 2.14260370453649e-09
        },
        {
            "label": "k_pivot",
            "k_code": 51263.557836055836,
            "P_S": 7.142050368249959e-07,
            "P_T": 2.1426037249353012e-09
        },
        {
            "label": "k_plus",
            "k_code": 51264.0704716342,
            "P_S": 7.142048051136293e-07,
            "P_T": 2.1426037480734694e-09
        }
    ]
}