{
    "metadata": {
        "run_id": "e01fb5f2",
        "timestamp": "2026-03-23T02:12:01.039157",
        "description": "Batch automated calculation of ns and r from exact MS equations."
    },
    "model_parameters": {
        "name": "Higgs Inflation",
        "xi": 1000,
        "lambda": 0.13,
        "phi0": 5.578571428571428,
        "yi": -0.2,
        "S": 5e-05
    },
    "numerical_settings": {
        "delta_finite_difference": 1e-05,
        "k_start_factor": 100.0
    },
    "background_info": {
        "total_efolds": 66.95896587491033,
        "exit_N_simulation": 6.998647785273817
    },
    "observables": {
        "n_s": 0.9601491547116852,
        "r": 0.003014456327799769,
        "n_s_SR": 0.9673205338242582,
        "r_SR": 0.0030873091225849876,
        "P_S_pivot": 7.108479287643321e-07,
        "P_T_pivot": 2.1428200369670004e-09
    },
    "spectrum_scan": [
        {
            "label": "k_minus",
            "k_code": 0.022525460197703122,
            "P_S": 7.108481623385424e-07,
            "P_T": 2.1428200309344554e-09
        },
        {
            "label": "k_pivot",
            "k_code": 0.022525685454557666,
            "P_S": 7.108479287643321e-07,
            "P_T": 2.1428200369670004e-09
        },
        {
            "label": "k_plus",
            "k_code": 0.022525910711412214,
            "P_S": 7.108475957807661e-07,
            "P_T": 2.1428197437271016e-09
        }
    ]
}