{
    "metadata": {
        "run_id": "e6f6c96f",
        "timestamp": "2026-03-23T02:11:07.025348",
        "description": "Batch automated calculation of ns and r from exact MS equations."
    },
    "model_parameters": {
        "name": "Higgs Inflation",
        "xi": 1000,
        "lambda": 0.13,
        "phi0": 5.542857142857143,
        "yi": -0.19285714285714287,
        "S": 5e-05
    },
    "numerical_settings": {
        "delta_finite_difference": 1e-05,
        "k_start_factor": 100.0
    },
    "background_info": {
        "total_efolds": 65.06851774458049,
        "exit_N_simulation": 5.145242284570346
    },
    "observables": {
        "n_s": 0.9575443546009917,
        "r": 0.0030210460512062253,
        "n_s_SR": 0.9672879662984074,
        "r_SR": 0.003094146063974463,
        "P_S_pivot": 7.092787784150385e-07,
        "P_T_pivot": 2.1427638527351274e-09
    },
    "spectrum_scan": [
        {
            "label": "k_minus",
            "k_code": 0.003529751659095277,
            "P_S": 7.092790799450223e-07,
            "P_T": 2.142764053758706e-09
        },
        {
            "label": "k_pivot",
            "k_code": 0.0035297869569648464,
            "P_S": 7.092787784150385e-07,
            "P_T": 2.1427638527351274e-09
        },
        {
            "label": "k_plus",
            "k_code": 0.0035298222548344163,
            "P_S": 7.092784776872557e-07,
            "P_T": 2.142763654979009e-09
        }
    ]
}