{
    "metadata": {
        "run_id": "ac388fad",
        "timestamp": "2026-03-23T01:16:35.976617",
        "description": "Batch automated calculation of ns and r from exact MS equations."
    },
    "model_parameters": {
        "name": "Higgs Inflation",
        "xi": 1000,
        "lambda": 0.13,
        "phi0": 5.8,
        "yi": -0.10526315789473685,
        "S": 5e-05
    },
    "numerical_settings": {
        "delta_finite_difference": 1e-05,
        "k_start_factor": 100.0
    },
    "background_info": {
        "total_efolds": 81.82537799141235,
        "exit_N_simulation": 21.636281133846992
    },
    "observables": {
        "n_s": 0.9673626280854967,
        "r": 0.0030055119091194566,
        "n_s_SR": 0.9673706363653745,
        "r_SR": 0.003078015389713744,
        "P_S_pivot": 7.128754160376247e-07,
        "P_T_pivot": 2.1425555526195684e-09
    },
    "spectrum_scan": [
        {
            "label": "k_minus",
            "k_code": 51253.65961527273,
            "P_S": 7.12875646879593e-07,
            "P_T": 2.1425555318670995e-09
        },
        {
            "label": "k_pivot",
            "k_code": 51254.1721569943,
            "P_S": 7.128754160376247e-07,
            "P_T": 2.1425555526195684e-09
        },
        {
            "label": "k_plus",
            "k_code": 51254.68469871587,
            "P_S": 7.128751815519932e-07,
            "P_T": 2.1425555684344006e-09
        }
    ]
}