{
    "metadata": {
        "run_id": "83897fb9",
        "timestamp": "2026-03-23T01:03:14.204057",
        "description": "Batch automated calculation of ns and r from exact MS equations."
    },
    "model_parameters": {
        "name": "Higgs Inflation",
        "xi": 1000,
        "lambda": 0.13,
        "phi0": 5.515789473684211,
        "yi": -0.18947368421052632,
        "S": 5e-05
    },
    "numerical_settings": {
        "delta_finite_difference": 1e-05,
        "k_start_factor": 100.0
    },
    "background_info": {
        "total_efolds": 63.909897120195104,
        "exit_N_simulation": 4.1155561846733555
    },
    "observables": {
        "n_s": 0.9654215033120286,
        "r": 0.0030608518488488045,
        "n_s_SR": 0.9671539376969309,
        "r_SR": 0.0031355029587861304,
        "P_S_pivot": 6.998302888070905e-07,
        "P_T_pivot": 2.142076833375576e-09
    },
    "spectrum_scan": [
        {
            "label": "k_minus",
            "k_code": 0.0012604413128792884,
            "P_S": 6.99830530287124e-07,
            "P_T": 2.142076849112064e-09
        },
        {
            "label": "k_pivot",
            "k_code": 0.0012604539174184625,
            "P_S": 6.998302888070905e-07,
            "P_T": 2.142076833375576e-09
        },
        {
            "label": "k_plus",
            "k_code": 0.0012604665219576369,
            "P_S": 6.99830046305538e-07,
            "P_T": 2.1420768182188705e-09
        }
    ]
}