{
    "metadata": {
        "run_id": "036a8ee9",
        "timestamp": "2026-03-23T01:07:49.339747",
        "description": "Batch automated calculation of ns and r from exact MS equations."
    },
    "model_parameters": {
        "name": "Higgs Inflation",
        "xi": 1000,
        "lambda": 0.13,
        "phi0": 5.610526315789474,
        "yi": -0.15263157894736842,
        "S": 5e-05
    },
    "numerical_settings": {
        "delta_finite_difference": 1e-05,
        "k_start_factor": 100.0
    },
    "background_info": {
        "total_efolds": 69.39640596899983,
        "exit_N_simulation": 9.264468653153271
    },
    "observables": {
        "n_s": 0.9669983527197212,
        "r": 0.003014217793136229,
        "n_s_SR": 0.9673219523501725,
        "r_SR": 0.003087042758257784,
        "P_S_pivot": 7.107913091209862e-07,
        "P_T_pivot": 2.1424798111590703e-09
    },
    "spectrum_scan": [
        {
            "label": "k_minus",
            "k_code": 0.21712378250745698,
            "P_S": 7.107915434686071e-07,
            "P_T": 2.142479797326923e-09
        },
        {
            "label": "k_pivot",
            "k_code": 0.21712595376699464,
            "P_S": 7.107913091209862e-07,
            "P_T": 2.1424798111590703e-09
        },
        {
            "label": "k_plus",
            "k_code": 0.21712812502653234,
            "P_S": 7.10791074322925e-07,
            "P_T": 2.1424798208835036e-09
        }
    ]
}