{
    "metadata": {
        "run_id": "2d10ac66",
        "timestamp": "2026-03-22T22:44:14.659192",
        "description": "Batch automated calculation of ns and r from exact MS equations."
    },
    "model_parameters": {
        "name": "Higgs Inflation",
        "xi": 1000,
        "lambda": 0.13,
        "phi0": 5.625,
        "yi": -0.125,
        "S": 5e-05
    },
    "numerical_settings": {
        "delta_finite_difference": 1e-05,
        "k_start_factor": 100.0
    },
    "background_info": {
        "total_efolds": 70.47753094675541,
        "exit_N_simulation": 10.294769936739531
    },
    "observables": {
        "n_s": 0.9672529451555513,
        "r": 0.003006492421526141,
        "P_S_pivot": 7.126400854951424e-07,
        "P_T_pivot": 2.142547016316887e-09
    },
    "spectrum_scan": [
        {
            "label": "k_minus",
            "k_code": 0.6083707079865227,
            "P_S": 7.126403187652151e-07,
            "P_T": 2.142546999113517e-09
        },
        {
            "label": "k_pivot",
            "k_code": 0.6083767917544403,
            "P_S": 7.126400854951424e-07,
            "P_T": 2.142547016316887e-09
        },
        {
            "label": "k_plus",
            "k_code": 0.6083828755223578,
            "P_S": 7.126398520279356e-07,
            "P_T": 2.1425470326335326e-09
        }
    ]
}