{
    "metadata": {
        "run_id": "23452bba",
        "timestamp": "2026-03-23T01:15:32.940409",
        "description": "Batch automated calculation of ns and r from exact MS equations."
    },
    "model_parameters": {
        "name": "Higgs Inflation",
        "xi": 1000,
        "lambda": 0.13,
        "phi0": 5.784210526315789,
        "yi": -0.15789473684210528,
        "S": 5e-05
    },
    "numerical_settings": {
        "delta_finite_difference": 1e-05,
        "k_start_factor": 100.0
    },
    "background_info": {
        "total_efolds": 80.36612956531576,
        "exit_N_simulation": 20.602848785743575
    },
    "observables": {
        "n_s": 0.965204747544686,
        "r": 0.0030648844046754107,
        "n_s_SR": 0.967039917782755,
        "r_SR": 0.0031395822434767823,
        "P_S_pivot": 6.988981158777948e-07,
        "P_T_pivot": 2.1420419358108812e-09
    },
    "spectrum_scan": [
        {
            "label": "k_minus",
            "k_code": 18233.050952650567,
            "P_S": 6.988983593762547e-07,
            "P_T": 2.1420419571609733e-09
        },
        {
            "label": "k_pivot",
            "k_code": 18233.233284983417,
            "P_S": 6.988981158777948e-07,
            "P_T": 2.1420419358108812e-09
        },
        {
            "label": "k_plus",
            "k_code": 18233.415617316266,
            "P_S": 6.988978730095263e-07,
            "P_T": 2.142041916050954e-09
        }
    ]
}