{
    "metadata": {
        "run_id": "7442863b",
        "timestamp": "2026-03-23T01:03:46.556544",
        "description": "Batch automated calculation of ns and r from exact MS equations."
    },
    "model_parameters": {
        "name": "Higgs Inflation",
        "xi": 1000,
        "lambda": 0.13,
        "phi0": 5.515789473684211,
        "yi": -0.1105263157894737,
        "S": 5e-05
    },
    "numerical_settings": {
        "delta_finite_difference": 1e-05,
        "k_start_factor": 100.0
    },
    "background_info": {
        "total_efolds": 64.37395730215486,
        "exit_N_simulation": 4.115932091751509
    },
    "observables": {
        "n_s": 0.967896442589181,
        "r": 0.0029945715586954047,
        "n_s_SR": 0.9674764429271249,
        "r_SR": 0.003066721105958294,
        "P_S_pivot": 7.155117341972463e-07,
        "P_T_pivot": 2.1426510891399e-09
    },
    "spectrum_scan": [
        {
            "label": "k_minus",
            "k_code": 0.001261082578557867,
            "P_S": 7.155119620476549e-07,
            "P_T": 2.142651060857994e-09
        },
        {
            "label": "k_pivot",
            "k_code": 0.0012610951895097619,
            "P_S": 7.155117341972463e-07,
            "P_T": 2.1426510891399e-09
        },
        {
            "label": "k_plus",
            "k_code": 0.001261107800461657,
            "P_S": 7.155115026382153e-07,
            "P_T": 2.142651113207738e-09
        }
    ]
}