{
    "metadata": {
        "run_id": "78cb10d2",
        "timestamp": "2026-03-23T02:11:29.834700",
        "description": "Batch automated calculation of ns and r from exact MS equations."
    },
    "model_parameters": {
        "name": "Higgs Inflation",
        "xi": 1000,
        "lambda": 0.13,
        "phi0": 5.557142857142857,
        "yi": -0.17857142857142858,
        "S": 5e-05
    },
    "numerical_settings": {
        "delta_finite_difference": 1e-05,
        "k_start_factor": 100.0
    },
    "background_info": {
        "total_efolds": 65.9415374095221,
        "exit_N_simulation": 5.968935411961673
    },
    "observables": {
        "n_s": 0.958062421703181,
        "r": 0.0030122283651468013,
        "n_s_SR": 0.9673332934133696,
        "r_SR": 0.003084999466754326,
        "P_S_pivot": 7.113799577347492e-07,
        "P_T_pivot": 2.1428388870855443e-09
    },
    "spectrum_scan": [
        {
            "label": "k_minus",
            "k_code": 0.008044095403516574,
            "P_S": 7.113802965383792e-07,
            "P_T": 2.1428392002603474e-09
        },
        {
            "label": "k_pivot",
            "k_code": 0.008044175845275026,
            "P_S": 7.113799577347492e-07,
            "P_T": 2.1428388870855443e-09
        },
        {
            "label": "k_plus",
            "k_code": 0.00804425628703348,
            "P_S": 7.113796998672913e-07,
            "P_T": 2.142838820700399e-09
        }
    ]
}