{
    "metadata": {
        "run_id": "d881f63d",
        "timestamp": "2026-03-23T02:04:58.936701",
        "description": "Batch automated calculation of ns and r from exact MS equations."
    },
    "model_parameters": {
        "name": "Higgs Inflation",
        "xi": 1000,
        "lambda": 0.13,
        "phi0": 5.6,
        "yi": -0.17777777777777778,
        "S": 5e-05
    },
    "numerical_settings": {
        "delta_finite_difference": 1e-05,
        "k_start_factor": 100.0
    },
    "background_info": {
        "total_efolds": 68.48129956946136,
        "exit_N_simulation": 8.23472017766466
    },
    "observables": {
        "n_s": 0.9675651979567538,
        "r": 0.0029964254818090836,
        "n_s_SR": 0.9674215200457854,
        "r_SR": 0.0030685962822697647,
        "P_S_pivot": 7.150635927848695e-07,
        "P_T_pivot": 2.142634770534537e-09
    },
    "spectrum_scan": [
        {
            "label": "k_minus",
            "k_code": 0.07753697333103306,
            "P_S": 7.150638241599728e-07,
            "P_T": 2.1426347473529856e-09
        },
        {
            "label": "k_pivot",
            "k_code": 0.07753774870852014,
            "P_S": 7.150635927848695e-07,
            "P_T": 2.142634770534537e-09
        },
        {
            "label": "k_plus",
            "k_code": 0.07753852408600723,
            "P_S": 7.150633603010515e-07,
            "P_T": 2.1426347923615644e-09
        }
    ]
}