{
    "metadata": {
        "run_id": "a9653c58",
        "timestamp": "2026-03-23T01:12:12.154677",
        "description": "Batch automated calculation of ns and r from exact MS equations."
    },
    "model_parameters": {
        "name": "Higgs Inflation",
        "xi": 1000,
        "lambda": 0.13,
        "phi0": 5.705263157894737,
        "yi": -0.13157894736842107,
        "S": 5e-05
    },
    "numerical_settings": {
        "delta_finite_difference": 1e-05,
        "k_start_factor": 100.0
    },
    "background_info": {
        "total_efolds": 75.42422510480196,
        "exit_N_simulation": 15.44731102642171
    },
    "observables": {
        "n_s": 0.9663177032263026,
        "r": 0.003036465432639445,
        "n_s_SR": 0.9671978400918362,
        "r_SR": 0.003110110685925357,
        "P_S_pivot": 7.055199445148598e-07,
        "P_T_pivot": 2.142286923557071e-09
    },
    "spectrum_scan": [
        {
            "label": "k_minus",
            "k_code": 105.16285484489018,
            "P_S": 7.05520183400449e-07,
            "P_T": 2.1422869259324384e-09
        },
        {
            "label": "k_pivot",
            "k_code": 105.16390648395502,
            "P_S": 7.055199445148598e-07,
            "P_T": 2.142286923557071e-09
        },
        {
            "label": "k_plus",
            "k_code": 105.16495812301986,
            "P_S": 7.055197081298052e-07,
            "P_T": 2.1422869255861033e-09
        }
    ]
}