{
    "metadata": {
        "run_id": "8c9f8c13",
        "timestamp": "2026-03-22T22:10:52.503860",
        "description": "Batch automated calculation of ns and r from exact MS equations."
    },
    "model_parameters": {
        "name": "Higgs Inflation",
        "xi": 17000,
        "lambda": 0.13,
        "phi0": 5.75,
        "yi": -0.1,
        "S": 5e-05
    },
    "numerical_settings": {
        "delta_finite_difference": 1e-05,
        "k_start_factor": 100.0
    },
    "background_info": {
        "total_efolds": 63.37459838918385,
        "exit_N_simulation": 3.3993903947371606
    },
    "observables": {
        "n_s": 0.960283859758795,
        "r": 0.003007831459243526,
        "P_S_pivot": 2.462916027268169e-09,
        "P_T_pivot": 7.408036308292284e-12
    },
    "spectrum_scan": [
        {
            "label": "k_minus",
            "k_code": 3.623184827033907e-05,
            "P_S": 2.4629170061799634e-09,
            "P_T": 7.408037612647498e-12
        },
        {
            "label": "k_pivot",
            "k_code": 3.6232210592444993e-05,
            "P_S": 2.462916027268169e-09,
            "P_T": 7.408036308292284e-12
        },
        {
            "label": "k_plus",
            "k_code": 3.623257291455092e-05,
            "P_S": 2.4629150498295967e-09,
            "P_T": 7.40803501552443e-12
        }
    ]
}