{
    "metadata": {
        "run_id": "53883b91",
        "timestamp": "2026-03-23T02:02:38.322896",
        "description": "Batch automated calculation of ns and r from exact MS equations."
    },
    "model_parameters": {
        "name": "Higgs Inflation",
        "xi": 1000,
        "lambda": 0.13,
        "phi0": 5.444444444444445,
        "yi": -0.11111111111111112,
        "S": 5e-05
    },
    "numerical_settings": {
        "delta_finite_difference": 1e-05,
        "k_start_factor": 100.0
    },
    "background_info": {
        "total_efolds": 60.83212459048988,
        "exit_N_simulation": 1.0286280784319306
    },
    "observables": {
        "n_s": 0.931199731759317,
        "r": 0.0030544820014312165,
        "n_s_SR": 1.4080650205768117,
        "r_SR": 0.003645066210506543,
        "P_S_pivot": 7.923847740934277e-07,
        "P_T_pivot": 2.4203250306765155e-09
    },
    "spectrum_scan": [
        {
            "label": "k_minus",
            "k_code": 5.752973212642737e-05,
            "P_S": 7.92385319914126e-07,
            "P_T": 2.4203263972528047e-09
        },
        {
            "label": "k_pivot",
            "k_code": 5.753030742950166e-05,
            "P_S": 7.923847740934277e-07,
            "P_T": 2.4203250306765155e-09
        },
        {
            "label": "k_plus",
            "k_code": 5.753088273257596e-05,
            "P_S": 7.923842295884253e-07,
            "P_T": 2.4203236636508766e-09
        }
    ]
}