{
    "metadata": {
        "run_id": "f23afafb",
        "timestamp": "2026-03-23T01:03:42.352988",
        "description": "Batch automated calculation of ns and r from exact MS equations."
    },
    "model_parameters": {
        "name": "Higgs Inflation",
        "xi": 1000,
        "lambda": 0.13,
        "phi0": 5.515789473684211,
        "yi": -0.12105263157894738,
        "S": 5e-05
    },
    "numerical_settings": {
        "delta_finite_difference": 1e-05,
        "k_start_factor": 100.0
    },
    "background_info": {
        "total_efolds": 64.31900085151639,
        "exit_N_simulation": 4.115879878062988
    },
    "observables": {
        "n_s": 0.9675896723355525,
        "r": 0.003003325160133374,
        "n_s_SR": 0.9674337500753623,
        "r_SR": 0.00307580322774492,
        "P_S_pivot": 7.134008601773798e-07,
        "P_T_pivot": 2.1425747526315157e-09
    },
    "spectrum_scan": [
        {
            "label": "k_minus",
            "k_code": 0.001260994527304649,
            "P_S": 7.134010921873369e-07,
            "P_T": 2.142574733146277e-09
        },
        {
            "label": "k_pivot",
            "k_code": 0.0012610071373760226,
            "P_S": 7.134008601773798e-07,
            "P_T": 2.1425747526315157e-09
        },
        {
            "label": "k_plus",
            "k_code": 0.0012610197474473965,
            "P_S": 7.134006297562235e-07,
            "P_T": 2.142574777474925e-09
        }
    ]
}