{
    "metadata": {
        "run_id": "26eca0f6",
        "timestamp": "2026-03-23T02:02:44.369390",
        "description": "Batch automated calculation of ns and r from exact MS equations."
    },
    "model_parameters": {
        "name": "Higgs Inflation",
        "xi": 1000,
        "lambda": 0.13,
        "phi0": 5.466666666666667,
        "yi": -0.1888888888888889,
        "S": 5e-05
    },
    "numerical_settings": {
        "delta_finite_difference": 1e-05,
        "k_start_factor": 100.0
    },
    "background_info": {
        "total_efolds": 61.17987185417667,
        "exit_N_simulation": 1.028858615665973
    },
    "observables": {
        "n_s": 0.9337800661114879,
        "r": 0.0030081669538518404,
        "n_s_SR": 1.8297618358132475,
        "r_SR": 0.0041917054868443075,
        "P_S_pivot": 8.047041170042297e-07,
        "P_T_pivot": 2.4206843324006486e-09
    },
    "spectrum_scan": [
        {
            "label": "k_minus",
            "k_code": 5.75492331273711e-05,
            "P_S": 8.047046501407455e-07,
            "P_T": 2.4206857047765293e-09
        },
        {
            "label": "k_pivot",
            "k_code": 5.754980862545735e-05,
            "P_S": 8.047041170042297e-07,
            "P_T": 2.4206843324006486e-09
        },
        {
            "label": "k_plus",
            "k_code": 5.755038412354361e-05,
            "P_S": 8.047035843916767e-07,
            "P_T": 2.4206829602629825e-09
        }
    ]
}