{
    "metadata": {
        "run_id": "4518bff1",
        "timestamp": "2026-03-23T02:10:21.752650",
        "description": "Batch automated calculation of ns and r from exact MS equations."
    },
    "model_parameters": {
        "name": "Higgs Inflation",
        "xi": 1000,
        "lambda": 0.13,
        "phi0": 5.507142857142857,
        "yi": -0.16428571428571428,
        "S": 5e-05
    },
    "numerical_settings": {
        "delta_finite_difference": 1e-05,
        "k_start_factor": 100.0
    },
    "background_info": {
        "total_efolds": 63.401013241830924,
        "exit_N_simulation": 3.4982532919442075
    },
    "observables": {
        "n_s": 0.9745072220670998,
        "r": 0.0030246787552525778,
        "n_s_SR": 0.9677578963135152,
        "r_SR": 0.0030983480062433022,
        "P_S_pivot": 7.078488698204365e-07,
        "P_T_pivot": 2.141015438475422e-09
    },
    "spectrum_scan": [
        {
            "label": "k_minus",
            "k_code": 0.0006799278301491175,
            "P_S": 7.078490511161287e-07,
            "P_T": 2.141015238605416e-09
        },
        {
            "label": "k_pivot",
            "k_code": 0.0006799346294954124,
            "P_S": 7.078488698204365e-07,
            "P_T": 2.141015438475422e-09
        },
        {
            "label": "k_plus",
            "k_code": 0.0006799414288417074,
            "P_S": 7.078486902154466e-07,
            "P_T": 2.1410156405286984e-09
        }
    ]
}