{
    "metadata": {
        "run_id": "75fb0147",
        "timestamp": "2026-03-23T01:11:34.189249",
        "description": "Batch automated calculation of ns and r from exact MS equations."
    },
    "model_parameters": {
        "name": "Higgs Inflation",
        "xi": 1000,
        "lambda": 0.13,
        "phi0": 5.689473684210526,
        "yi": -0.12105263157894738,
        "S": 5e-05
    },
    "numerical_settings": {
        "delta_finite_difference": 1e-05,
        "k_start_factor": 100.0
    },
    "background_info": {
        "total_efolds": 74.49344453402387,
        "exit_N_simulation": 14.416734706855234
    },
    "observables": {
        "n_s": 0.966765702287109,
        "r": 0.0030223523119470045,
        "n_s_SR": 0.967276523144594,
        "r_SR": 0.0030954766906972817,
        "P_S_pivot": 7.088548744083343e-07,
        "P_T_pivot": 2.1424091685029326e-09
    },
    "spectrum_scan": [
        {
            "label": "k_minus",
            "k_code": 37.523300210577744,
            "P_S": 7.088551111832258e-07,
            "P_T": 2.1424091629691857e-09
        },
        {
            "label": "k_pivot",
            "k_code": 37.52367544733222,
            "P_S": 7.088548744083343e-07,
            "P_T": 2.1424091685029326e-09
        },
        {
            "label": "k_plus",
            "k_code": 37.524050684086696,
            "P_S": 7.088546400173456e-07,
            "P_T": 2.142409178146454e-09
        }
    ]
}