{
    "metadata": {
        "run_id": "acf2f345",
        "timestamp": "2026-03-23T02:11:49.104274",
        "description": "Batch automated calculation of ns and r from exact MS equations."
    },
    "model_parameters": {
        "name": "Higgs Inflation",
        "xi": 1000,
        "lambda": 0.13,
        "phi0": 5.571428571428571,
        "yi": -0.2,
        "S": 5e-05
    },
    "numerical_settings": {
        "delta_finite_difference": 1e-05,
        "k_start_factor": 100.0
    },
    "background_info": {
        "total_efolds": 66.55253020940138,
        "exit_N_simulation": 6.586761512001346
    },
    "observables": {
        "n_s": 0.9556619662244685,
        "r": 0.0030134704265295993,
        "n_s_SR": 0.967326084799181,
        "r_SR": 0.0030862869561175065,
        "P_S_pivot": 7.110832355299755e-07,
        "P_T_pivot": 2.142828301070563e-09
    },
    "spectrum_scan": [
        {
            "label": "k_minus",
            "k_code": 0.014920885443017512,
            "P_S": 7.110835796434677e-07,
            "P_T": 2.1428286300078905e-09
        },
        {
            "label": "k_pivot",
            "k_code": 0.014921034653364045,
            "P_S": 7.110832355299755e-07,
            "P_T": 2.142828301070563e-09
        },
        {
            "label": "k_plus",
            "k_code": 0.01492118386371058,
            "P_S": 7.110829490827918e-07,
            "P_T": 2.1428281457460892e-09
        }
    ]
}