{
    "metadata": {
        "run_id": "611db430",
        "timestamp": "2026-03-23T01:13:28.509131",
        "description": "Batch automated calculation of ns and r from exact MS equations."
    },
    "model_parameters": {
        "name": "Higgs Inflation",
        "xi": 1000,
        "lambda": 0.13,
        "phi0": 5.7368421052631575,
        "yi": -0.15263157894736842,
        "S": 5e-05
    },
    "numerical_settings": {
        "delta_finite_difference": 1e-05,
        "k_start_factor": 100.0
    },
    "background_info": {
        "total_efolds": 77.29465434373611,
        "exit_N_simulation": 17.508825134476208
    },
    "observables": {
        "n_s": 0.965149678083038,
        "r": 0.0030619644174641842,
        "n_s_SR": 0.9670561123047091,
        "r_SR": 0.0031365541199590233,
        "P_S_pivot": 6.995728051814431e-07,
        "P_T_pivot": 2.1420670368911826e-09
    },
    "spectrum_scan": [
        {
            "label": "k_minus",
            "k_code": 826.3127836590282,
            "P_S": 6.995730490437061e-07,
            "P_T": 2.142067058993601e-09
        },
        {
            "label": "k_pivot",
            "k_code": 826.3210468694969,
            "P_S": 6.995728051814431e-07,
            "P_T": 2.1420670368911826e-09
        },
        {
            "label": "k_plus",
            "k_code": 826.3293100799656,
            "P_S": 6.995725614369567e-07,
            "P_T": 2.142067016664675e-09
        }
    ]
}