{
    "metadata": {
        "run_id": "078d64f0",
        "timestamp": "2026-03-23T01:14:25.445476",
        "description": "Batch automated calculation of ns and r from exact MS equations."
    },
    "model_parameters": {
        "name": "Higgs Inflation",
        "xi": 1000,
        "lambda": 0.13,
        "phi0": 5.752631578947368,
        "yi": -0.11578947368421054,
        "S": 5e-05
    },
    "numerical_settings": {
        "delta_finite_difference": 1e-05,
        "k_start_factor": 100.0
    },
    "background_info": {
        "total_efolds": 78.60257298534741,
        "exit_N_simulation": 18.541083262217178
    },
    "observables": {
        "n_s": 0.9666997995379264,
        "r": 0.0030245506386718485,
        "n_s_SR": 0.9672642554567085,
        "r_SR": 0.003097755492222484,
        "P_S_pivot": 7.083333552883242e-07,
        "P_T_pivot": 2.1423901021298744e-09
    },
    "spectrum_scan": [
        {
            "label": "k_minus",
            "k_code": 2319.9623347251722,
            "P_S": 7.083335929686146e-07,
            "P_T": 2.14239009940743e-09
        },
        {
            "label": "k_pivot",
            "k_code": 2319.985534580518,
            "P_S": 7.083333552883242e-07,
            "P_T": 2.1423901021298744e-09
        },
        {
            "label": "k_plus",
            "k_code": 2320.008734435864,
            "P_S": 7.083331212157594e-07,
            "P_T": 2.1423901095308645e-09
        }
    ]
}