{
    "metadata": {
        "run_id": "79435e14",
        "timestamp": "2026-03-23T01:08:04.129183",
        "description": "Batch automated calculation of ns and r from exact MS equations."
    },
    "model_parameters": {
        "name": "Higgs Inflation",
        "xi": 1000,
        "lambda": 0.13,
        "phi0": 5.610526315789474,
        "yi": -0.11578947368421054,
        "S": 5e-05
    },
    "numerical_settings": {
        "delta_finite_difference": 1e-05,
        "k_start_factor": 100.0
    },
    "background_info": {
        "total_efolds": 69.60263994325452,
        "exit_N_simulation": 9.264946273893074
    },
    "observables": {
        "n_s": 0.9682895130538745,
        "r": 0.0029812452791224543,
        "n_s_SR": 0.967506688927529,
        "r_SR": 0.0030528596609616827,
        "P_S_pivot": 7.187491396381605e-07,
        "P_T_pivot": 2.1427674794195917e-09
    },
    "spectrum_scan": [
        {
            "label": "k_minus",
            "k_code": 0.21724192259258066,
            "P_S": 7.187493675458403e-07,
            "P_T": 2.1427674442469196e-09
        },
        {
            "label": "k_pivot",
            "k_code": 0.21724409503353098,
            "P_S": 7.187491396381605e-07,
            "P_T": 2.1427674794195917e-09
        },
        {
            "label": "k_plus",
            "k_code": 0.21724626747448134,
            "P_S": 7.187489117081367e-07,
            "P_T": 2.1427675143385734e-09
        }
    ]
}