{
    "metadata": {
        "run_id": "a6b9fcac",
        "timestamp": "2026-03-23T02:10:22.833908",
        "description": "Batch automated calculation of ns and r from exact MS equations."
    },
    "model_parameters": {
        "name": "Higgs Inflation",
        "xi": 1000,
        "lambda": 0.13,
        "phi0": 5.507142857142857,
        "yi": -0.15000000000000002,
        "S": 5e-05
    },
    "numerical_settings": {
        "delta_finite_difference": 1e-05,
        "k_start_factor": 100.0
    },
    "background_info": {
        "total_efolds": 63.46794197155072,
        "exit_N_simulation": 3.4983065302177874
    },
    "observables": {
        "n_s": 0.9748987129068435,
        "r": 0.0030128346477174784,
        "n_s_SR": 0.9677691305591904,
        "r_SR": 0.0030860061167330747,
        "P_S_pivot": 7.106661233320113e-07,
        "P_T_pivot": 2.1411195193337462e-09
    },
    "spectrum_scan": [
        {
            "label": "k_minus",
            "k_code": 0.0006799801826350933,
            "P_S": 7.106663018976815e-07,
            "P_T": 2.1411193123223552e-09
        },
        {
            "label": "k_pivot",
            "k_code": 0.0006799869825049183,
            "P_S": 7.106661233320113e-07,
            "P_T": 2.1411195193337462e-09
        },
        {
            "label": "k_plus",
            "k_code": 0.0006799937823747434,
            "P_S": 7.106659451249932e-07,
            "P_T": 2.1411197247426944e-09
        }
    ]
}