{
    "metadata": {
        "run_id": "a1b33e08",
        "timestamp": "2026-03-23T02:03:58.802386",
        "description": "Batch automated calculation of ns and r from exact MS equations."
    },
    "model_parameters": {
        "name": "Higgs Inflation",
        "xi": 1000,
        "lambda": 0.13,
        "phi0": 5.533333333333333,
        "yi": -0.12222222222222223,
        "S": 5e-05
    },
    "numerical_settings": {
        "delta_finite_difference": 1e-05,
        "k_start_factor": 100.0
    },
    "background_info": {
        "total_efolds": 65.29643459528604,
        "exit_N_simulation": 5.145211032463879
    },
    "observables": {
        "n_s": 0.9671533265301824,
        "r": 0.003011314722650942,
        "n_s_SR": 0.967340507234244,
        "r_SR": 0.0030840352631456716,
        "P_S_pivot": 7.11484932908121e-07,
        "P_T_pivot": 2.1425050534105425e-09
    },
    "spectrum_scan": [
        {
            "label": "k_minus",
            "k_code": 0.0035297103847491845,
            "P_S": 7.114851672042013e-07,
            "P_T": 2.1425050389494634e-09
        },
        {
            "label": "k_pivot",
            "k_code": 0.0035297456822060065,
            "P_S": 7.11484932908121e-07,
            "P_T": 2.1425050534105425e-09
        },
        {
            "label": "k_plus",
            "k_code": 0.003529780979662829,
            "P_S": 7.114846998059355e-07,
            "P_T": 2.14250506987881e-09
        }
    ]
}