{
    "metadata": {
        "run_id": "6da29e62",
        "timestamp": "2026-03-23T02:11:33.744178",
        "description": "Batch automated calculation of ns and r from exact MS equations."
    },
    "model_parameters": {
        "name": "Higgs Inflation",
        "xi": 1000,
        "lambda": 0.13,
        "phi0": 5.557142857142857,
        "yi": -0.13571428571428573,
        "S": 5e-05
    },
    "numerical_settings": {
        "delta_finite_difference": 1e-05,
        "k_start_factor": 100.0
    },
    "background_info": {
        "total_efolds": 66.3387732645903,
        "exit_N_simulation": 6.380689692915795
    },
    "observables": {
        "n_s": 0.9610556075782306,
        "r": 0.003014859282145648,
        "n_s_SR": 0.9673183307801848,
        "r_SR": 0.003087727034136327,
        "P_S_pivot": 7.10751781875424e-07,
        "P_T_pivot": 2.142816606888681e-09
    },
    "spectrum_scan": [
        {
            "label": "k_minus",
            "k_code": 0.01214220418405595,
            "P_S": 7.107520352627895e-07,
            "P_T": 2.142816661016478e-09
        },
        {
            "label": "k_pivot",
            "k_code": 0.012142325607312023,
            "P_S": 7.10751781875424e-07,
            "P_T": 2.142816606888681e-09
        },
        {
            "label": "k_plus",
            "k_code": 0.012142447030568097,
            "P_S": 7.107514816668816e-07,
            "P_T": 2.142816410590198e-09
        }
    ]
}