{
    "metadata": {
        "run_id": "1f67dda5",
        "timestamp": "2026-03-23T01:07:02.616665",
        "description": "Batch automated calculation of ns and r from exact MS equations."
    },
    "model_parameters": {
        "name": "Higgs Inflation",
        "xi": 1000,
        "lambda": 0.13,
        "phi0": 5.594736842105263,
        "yi": -0.1631578947368421,
        "S": 5e-05
    },
    "numerical_settings": {
        "delta_finite_difference": 1e-05,
        "k_start_factor": 100.0
    },
    "background_info": {
        "total_efolds": 68.3784228408625,
        "exit_N_simulation": 8.23446017618785
    },
    "observables": {
        "n_s": 0.967051770611685,
        "r": 0.003012411657777194,
        "n_s_SR": 0.967332047698037,
        "r_SR": 0.003085170141430749,
        "P_S_pivot": 7.112226858975882e-07,
        "P_T_pivot": 2.142495510273502e-09
    },
    "spectrum_scan": [
        {
            "label": "k_minus",
            "k_code": 0.0775143255585168,
            "P_S": 7.112229200353965e-07,
            "P_T": 2.1424954980733394e-09
        },
        {
            "label": "k_pivot",
            "k_code": 0.07751510070952389,
            "P_S": 7.112226858975882e-07,
            "P_T": 2.142495510273502e-09
        },
        {
            "label": "k_plus",
            "k_code": 0.07751587586053099,
            "P_S": 7.112224513648321e-07,
            "P_T": 2.1424955236392666e-09
        }
    ]
}