{
    "metadata": {
        "run_id": "2a240108",
        "timestamp": "2026-03-22T22:44:46.939526",
        "description": "Batch automated calculation of ns and r from exact MS equations."
    },
    "model_parameters": {
        "name": "Higgs Inflation",
        "xi": 1000,
        "lambda": 0.13,
        "phi0": 6.0,
        "yi": -0.15000000000000002,
        "S": 5e-05
    },
    "numerical_settings": {
        "delta_finite_difference": 1e-05,
        "k_start_factor": 100.0
    },
    "background_info": {
        "total_efolds": 96.18454204338593,
        "exit_N_simulation": 36.089807692126875
    },
    "observables": {
        "n_s": 0.9668941678786184,
        "r": 0.0030197253250037917,
        "P_S_pivot": 7.094790307919048e-07,
        "P_T_pivot": 2.14243179684146e-09
    },
    "spectrum_scan": [
        {
            "label": "k_minus",
            "k_code": 97006161104.6446,
            "P_S": 7.094792649288635e-07,
            "P_T": 2.1424317889711006e-09
        },
        {
            "label": "k_pivot",
            "k_code": 97007131175.95636,
            "P_S": 7.094790307919048e-07,
            "P_T": 2.14243179684146e-09
        },
        {
            "label": "k_plus",
            "k_code": 97008101247.26813,
            "P_S": 7.094787951709895e-07,
            "P_T": 2.142431805463369e-09
        }
    ]
}