{
    "metadata": {
        "run_id": "4f0decd0",
        "timestamp": "2026-03-23T01:11:42.590544",
        "description": "Batch automated calculation of ns and r from exact MS equations."
    },
    "model_parameters": {
        "name": "Higgs Inflation",
        "xi": 1000,
        "lambda": 0.13,
        "phi0": 5.689473684210526,
        "yi": -0.1,
        "S": 5e-05
    },
    "numerical_settings": {
        "delta_finite_difference": 1e-05,
        "k_start_factor": 100.0
    },
    "background_info": {
        "total_efolds": 74.62838892679895,
        "exit_N_simulation": 14.417183000257175
    },
    "observables": {
        "n_s": 0.9675104359840211,
        "r": 0.003002058502696882,
        "n_s_SR": 0.9673899671279443,
        "r_SR": 0.0030744358665403954,
        "P_S_pivot": 7.137054928014938e-07,
        "P_T_pivot": 2.142585643086193e-09
    },
    "spectrum_scan": [
        {
            "label": "k_minus",
            "k_code": 37.54165475088136,
            "P_S": 7.137057242730965e-07,
            "P_T": 2.142585622202148e-09
        },
        {
            "label": "k_pivot",
            "k_code": 37.542030171183065,
            "P_S": 7.137054928014938e-07,
            "P_T": 2.142585643086193e-09
        },
        {
            "label": "k_plus",
            "k_code": 37.54240559148478,
            "P_S": 7.137052605134908e-07,
            "P_T": 2.142585661352097e-09
        }
    ]
}