{
    "metadata": {
        "run_id": "92e9d5a4",
        "timestamp": "2026-03-23T02:10:15.654969",
        "description": "Batch automated calculation of ns and r from exact MS equations."
    },
    "model_parameters": {
        "name": "Higgs Inflation",
        "xi": 1000,
        "lambda": 0.13,
        "phi0": 5.5,
        "yi": -0.14285714285714285,
        "S": 5e-05
    },
    "numerical_settings": {
        "delta_finite_difference": 1e-05,
        "k_start_factor": 100.0
    },
    "background_info": {
        "total_efolds": 63.2000978949212,
        "exit_N_simulation": 3.2923910353363333
    },
    "observables": {
        "n_s": 0.9974443967155816,
        "r": 0.003023913505639156,
        "n_s_SR": 0.9680306331155767,
        "r_SR": 0.0030977344256213966,
        "P_S_pivot": 7.077776802412639e-07,
        "P_T_pivot": 2.14025848627151e-09
    },
    "spectrum_scan": [
        {
            "label": "k_minus",
            "k_code": 0.0005534249348319023,
            "P_S": 7.0777769753228e-07,
            "P_T": 2.1402577965809428e-09
        },
        {
            "label": "k_pivot",
            "k_code": 0.0005534304691365937,
            "P_S": 7.077776802412639e-07,
            "P_T": 2.14025848627151e-09
        },
        {
            "label": "k_plus",
            "k_code": 0.000553436003441285,
            "P_S": 7.077776613563007e-07,
            "P_T": 2.1402591742921315e-09
        }
    ]
}