{
    "metadata": {
        "run_id": "0accfadc",
        "timestamp": "2026-03-23T02:03:54.525187",
        "description": "Batch automated calculation of ns and r from exact MS equations."
    },
    "model_parameters": {
        "name": "Higgs Inflation",
        "xi": 1000,
        "lambda": 0.13,
        "phi0": 5.533333333333333,
        "yi": -0.14444444444444446,
        "S": 5e-05
    },
    "numerical_settings": {
        "delta_finite_difference": 1e-05,
        "k_start_factor": 100.0
    },
    "background_info": {
        "total_efolds": 65.16675375774318,
        "exit_N_simulation": 5.145066641829796
    },
    "observables": {
        "n_s": 0.9664925494082787,
        "r": 0.0030302184506042075,
        "n_s_SR": 0.9672355721929066,
        "r_SR": 0.003103636512153177,
        "P_S_pivot": 7.069922587787653e-07,
        "P_T_pivot": 2.142340986985759e-09
    },
    "spectrum_scan": [
        {
            "label": "k_minus",
            "k_code": 0.0035290670305506418,
            "P_S": 7.06992497006333e-07,
            "P_T": 2.1423409864415186e-09
        },
        {
            "label": "k_pivot",
            "k_code": 0.0035291023215738575,
            "P_S": 7.069922587787653e-07,
            "P_T": 2.142340986985759e-09
        },
        {
            "label": "k_plus",
            "k_code": 0.0035291376125970737,
            "P_S": 7.069920232161686e-07,
            "P_T": 2.1423409922071234e-09
        }
    ]
}