{
    "metadata": {
        "run_id": "774a4072",
        "timestamp": "2026-03-23T02:10:26.589759",
        "description": "Batch automated calculation of ns and r from exact MS equations."
    },
    "model_parameters": {
        "name": "Higgs Inflation",
        "xi": 1000,
        "lambda": 0.13,
        "phi0": 5.507142857142857,
        "yi": -0.1,
        "S": 5e-05
    },
    "numerical_settings": {
        "delta_finite_difference": 1e-05,
        "k_start_factor": 100.0
    },
    "background_info": {
        "total_efolds": 63.89050534427008,
        "exit_N_simulation": 3.909934065867631
    },
    "observables": {
        "n_s": 0.9973601028102794,
        "r": 0.003010796921216668,
        "n_s_SR": 0.9674115670445608,
        "r_SR": 0.0030835600913360433,
        "P_S_pivot": 7.120022595629446e-07,
        "P_T_pivot": 2.1436942109914248e-09
    },
    "spectrum_scan": [
        {
            "label": "k_minus",
            "k_code": 0.001026279280393001,
            "P_S": 7.120022785289104e-07,
            "P_T": 2.1436936267721033e-09
        },
        {
            "label": "k_pivot",
            "k_code": 0.0010262895432884339,
            "P_S": 7.120022595629446e-07,
            "P_T": 2.1436942109914248e-09
        },
        {
            "label": "k_plus",
            "k_code": 0.0010262998061838669,
            "P_S": 7.120022409366551e-07,
            "P_T": 2.1436947935369243e-09
        }
    ]
}