{
    "metadata": {
        "run_id": "8c2697ce",
        "timestamp": "2026-03-23T01:03:09.921268",
        "description": "Batch automated calculation of ns and r from exact MS equations."
    },
    "model_parameters": {
        "name": "Higgs Inflation",
        "xi": 1000,
        "lambda": 0.13,
        "phi0": 5.515789473684211,
        "yi": -0.2,
        "S": 5e-05
    },
    "numerical_settings": {
        "delta_finite_difference": 1e-05,
        "k_start_factor": 100.0
    },
    "background_info": {
        "total_efolds": 63.4847978570994,
        "exit_N_simulation": 3.0869887809559593
    },
    "observables": {
        "n_s": 0.9811234610912107,
        "r": 0.0029705874072508466,
        "n_s_SR": 0.9697793811709434,
        "r_SR": 0.003044086699358283,
        "P_S_pivot": 7.230418880748961e-07,
        "P_T_pivot": 2.1478591276301624e-09
    },
    "spectrum_scan": [
        {
            "label": "k_minus",
            "k_code": 0.0004507130275025059,
            "P_S": 7.230420208884776e-07,
            "P_T": 2.1478589403824857e-09
        },
        {
            "label": "k_pivot",
            "k_code": 0.00045071753467785267,
            "P_S": 7.230418880748961e-07,
            "P_T": 2.1478591276301624e-09
        },
        {
            "label": "k_plus",
            "k_code": 0.0004507220418531995,
            "P_S": 7.230417479179128e-07,
            "P_T": 2.1478592950034604e-09
        }
    ]
}