{
    "metadata": {
        "run_id": "683f5b7a",
        "timestamp": "2026-03-23T01:08:23.205943",
        "description": "Batch automated calculation of ns and r from exact MS equations."
    },
    "model_parameters": {
        "name": "Higgs Inflation",
        "xi": 1000,
        "lambda": 0.13,
        "phi0": 5.626315789473684,
        "yi": -0.1736842105263158,
        "S": 5e-05
    },
    "numerical_settings": {
        "delta_finite_difference": 1e-05,
        "k_start_factor": 100.0
    },
    "background_info": {
        "total_efolds": 70.21876211131917,
        "exit_N_simulation": 10.294193700516807
    },
    "observables": {
        "n_s": 0.9659205323088752,
        "r": 0.0030436173751187644,
        "n_s_SR": 0.9671580321134227,
        "r_SR": 0.0031175277372928593,
        "P_S_pivot": 7.038417969144069e-07,
        "P_T_pivot": 2.1422251224235016e-09
    },
    "spectrum_scan": [
        {
            "label": "k_minus",
            "k_code": 0.6079750276468772,
            "P_S": 7.038420374739536e-07,
            "P_T": 2.1422251310209878e-09
        },
        {
            "label": "k_pivot",
            "k_code": 0.6079811074579518,
            "P_S": 7.038417969144069e-07,
            "P_T": 2.1422251224235016e-09
        },
        {
            "label": "k_plus",
            "k_code": 0.6079871872690263,
            "P_S": 7.038415577428771e-07,
            "P_T": 2.142225117130265e-09
        }
    ]
}