{
    "metadata": {
        "run_id": "a6630da9",
        "timestamp": "2026-03-23T02:03:37.642912",
        "description": "Batch automated calculation of ns and r from exact MS equations."
    },
    "model_parameters": {
        "name": "Higgs Inflation",
        "xi": 1000,
        "lambda": 0.13,
        "phi0": 5.511111111111111,
        "yi": -0.12222222222222223,
        "S": 5e-05
    },
    "numerical_settings": {
        "delta_finite_difference": 1e-05,
        "k_start_factor": 100.0
    },
    "background_info": {
        "total_efolds": 64.14880361055933,
        "exit_N_simulation": 4.115686025557342
    },
    "observables": {
        "n_s": 0.9665908386087637,
        "r": 0.003028600242424497,
        "n_s_SR": 0.9672929695104177,
        "r_SR": 0.0031020102653637463,
        "P_S_pivot": 7.073746766072778e-07,
        "P_T_pivot": 2.1423551170577515e-09
    },
    "spectrum_scan": [
        {
            "label": "k_minus",
            "k_code": 0.0012606861781463336,
            "P_S": 7.073749124274725e-07,
            "P_T": 2.142355111095564e-09
        },
        {
            "label": "k_pivot",
            "k_code": 0.0012606987851341849,
            "P_S": 7.073746766072778e-07,
            "P_T": 2.1423551170577515e-09
        },
        {
            "label": "k_plus",
            "k_code": 0.0012607113921220363,
            "P_S": 7.073744397715784e-07,
            "P_T": 2.1423551215867973e-09
        }
    ]
}