{
    "metadata": {
        "run_id": "057e8d92",
        "timestamp": "2026-03-23T02:11:00.032580",
        "description": "Batch automated calculation of ns and r from exact MS equations."
    },
    "model_parameters": {
        "name": "Higgs Inflation",
        "xi": 1000,
        "lambda": 0.13,
        "phi0": 5.535714285714286,
        "yi": -0.15714285714285714,
        "S": 5e-05
    },
    "numerical_settings": {
        "delta_finite_difference": 1e-05,
        "k_start_factor": 100.0
    },
    "background_info": {
        "total_efolds": 64.93176394365996,
        "exit_N_simulation": 4.939400846490962
    },
    "observables": {
        "n_s": 0.9596598633487283,
        "r": 0.0030085977673715114,
        "n_s_SR": 0.9673593771533978,
        "r_SR": 0.003081241298824987,
        "P_S_pivot": 7.122486838811729e-07,
        "P_T_pivot": 2.142869800138194e-09
    },
    "spectrum_scan": [
        {
            "label": "k_minus",
            "k_code": 0.0028731559407731977,
            "P_S": 7.122489164455233e-07,
            "P_T": 2.142869788753228e-09
        },
        {
            "label": "k_pivot",
            "k_code": 0.0028731846726199237,
            "P_S": 7.122486838811729e-07,
            "P_T": 2.142869800138194e-09
        },
        {
            "label": "k_plus",
            "k_code": 0.00287321340446665,
            "P_S": 7.12248341801383e-07,
            "P_T": 2.1428694788594906e-09
        }
    ]
}