{
    "metadata": {
        "run_id": "54119a19",
        "timestamp": "2026-03-23T01:10:54.056777",
        "description": "Batch automated calculation of ns and r from exact MS equations."
    },
    "model_parameters": {
        "name": "Higgs Inflation",
        "xi": 1000,
        "lambda": 0.13,
        "phi0": 5.673684210526316,
        "yi": -0.11578947368421054,
        "S": 5e-05
    },
    "numerical_settings": {
        "delta_finite_difference": 1e-05,
        "k_start_factor": 100.0
    },
    "background_info": {
        "total_efolds": 73.53039333272177,
        "exit_N_simulation": 13.386172494690856
    },
    "observables": {
        "n_s": 0.9671121639916,
        "r": 0.0030123727287837475,
        "n_s_SR": 0.9673322649907096,
        "r_SR": 0.0030851294166000546,
        "P_S_pivot": 7.112319895285973e-07,
        "P_T_pivot": 2.1424958490945544e-09
    },
    "spectrum_scan": [
        {
            "label": "k_minus",
            "k_code": 13.388818024980184,
            "P_S": 7.112322231600382e-07,
            "P_T": 2.1424958370492773e-09
        },
        {
            "label": "k_pivot",
            "k_code": 13.388951914499328,
            "P_S": 7.112319895285973e-07,
            "P_T": 2.1424958490945544e-09
        },
        {
            "label": "k_plus",
            "k_code": 13.389085804018475,
            "P_S": 7.112317553424166e-07,
            "P_T": 2.142495863099194e-09
        }
    ]
}