{
    "metadata": {
        "run_id": "49a5f10e",
        "timestamp": "2026-03-23T02:10:37.622936",
        "description": "Batch automated calculation of ns and r from exact MS equations."
    },
    "model_parameters": {
        "name": "Higgs Inflation",
        "xi": 1000,
        "lambda": 0.13,
        "phi0": 5.521428571428571,
        "yi": -0.17142857142857143,
        "S": 5e-05
    },
    "numerical_settings": {
        "delta_finite_difference": 1e-05,
        "k_start_factor": 100.0
    },
    "background_info": {
        "total_efolds": 64.06690474223907,
        "exit_N_simulation": 4.115866002557253
    },
    "observables": {
        "n_s": 0.9670882735908325,
        "r": 0.003016138192038187,
        "n_s_SR": 0.9673926609822502,
        "r_SR": 0.003089122310768349,
        "P_S_pivot": 7.103333089464484e-07,
        "P_T_pivot": 2.1424634221902436e-09
    },
    "spectrum_scan": [
        {
            "label": "k_minus",
            "k_code": 0.0012609445775109624,
            "P_S": 7.103335425171617e-07,
            "P_T": 2.142463407379279e-09
        },
        {
            "label": "k_pivot",
            "k_code": 0.0012609571870828332,
            "P_S": 7.103333089464484e-07,
            "P_T": 2.1424634221902436e-09
        },
        {
            "label": "k_plus",
            "k_code": 0.001260969796654704,
            "P_S": 7.103330749512513e-07,
            "P_T": 2.1424634353800007e-09
        }
    ]
}