{
    "metadata": {
        "run_id": "230c9e24",
        "timestamp": "2026-03-23T01:09:20.328589",
        "description": "Batch automated calculation of ns and r from exact MS equations."
    },
    "model_parameters": {
        "name": "Higgs Inflation",
        "xi": 1000,
        "lambda": 0.13,
        "phi0": 5.6421052631578945,
        "yi": -0.1368421052631579,
        "S": 5e-05
    },
    "numerical_settings": {
        "delta_finite_difference": 1e-05,
        "k_start_factor": 100.0
    },
    "background_info": {
        "total_efolds": 71.42785249282582,
        "exit_N_simulation": 11.324927054272543
    },
    "observables": {
        "n_s": 0.966844805233522,
        "r": 0.0030185228074962474,
        "n_s_SR": 0.9672979028844146,
        "r_SR": 0.0030915063658491513,
        "P_S_pivot": 7.097651874703547e-07,
        "P_T_pivot": 2.1424424063461154e-09
    },
    "spectrum_scan": [
        {
            "label": "k_minus",
            "k_code": 1.7043130109353557,
            "P_S": 7.097654240500377e-07,
            "P_T": 2.142442399037408e-09
        },
        {
            "label": "k_pivot",
            "k_code": 1.704330054235898,
            "P_S": 7.097651874703547e-07,
            "P_T": 2.1424424063461154e-09
        },
        {
            "label": "k_plus",
            "k_code": 1.7043470975364403,
            "P_S": 7.097649534019761e-07,
            "P_T": 2.1424424158039017e-09
        }
    ]
}