{
    "metadata": {
        "run_id": "b9d24910",
        "timestamp": "2026-03-23T01:08:44.346077",
        "description": "Batch automated calculation of ns and r from exact MS equations."
    },
    "model_parameters": {
        "name": "Higgs Inflation",
        "xi": 1000,
        "lambda": 0.13,
        "phi0": 5.626315789473684,
        "yi": -0.12105263157894738,
        "S": 5e-05
    },
    "numerical_settings": {
        "delta_finite_difference": 1e-05,
        "k_start_factor": 100.0
    },
    "background_info": {
        "total_efolds": 70.54741835463682,
        "exit_N_simulation": 10.294959860071089
    },
    "observables": {
        "n_s": 0.9677872249760079,
        "r": 0.0029954758874939143,
        "n_s_SR": 0.9674268416451647,
        "r_SR": 0.003067611877775239,
        "P_S_pivot": 7.152930414603886e-07,
        "P_T_pivot": 2.1426430581867787e-09
    },
    "spectrum_scan": [
        {
            "label": "k_minus",
            "k_code": 0.6084997438692841,
            "P_S": 7.152932718976154e-07,
            "P_T": 2.142643032727703e-09
        },
        {
            "label": "k_pivot",
            "k_code": 0.6085058289275733,
            "P_S": 7.152930414603886e-07,
            "P_T": 2.1426430581867787e-09
        },
        {
            "label": "k_plus",
            "k_code": 0.6085119139858627,
            "P_S": 7.152928110661393e-07,
            "P_T": 2.1426430856834836e-09
        }
    ]
}