{
    "metadata": {
        "run_id": "701c236c",
        "timestamp": "2026-03-23T01:16:10.869105",
        "description": "Batch automated calculation of ns and r from exact MS equations."
    },
    "model_parameters": {
        "name": "Higgs Inflation",
        "xi": 1000,
        "lambda": 0.13,
        "phi0": 5.8,
        "yi": -0.16842105263157897,
        "S": 5e-05
    },
    "numerical_settings": {
        "delta_finite_difference": 1e-05,
        "k_start_factor": 100.0
    },
    "background_info": {
        "total_efolds": 80.98799262484593,
        "exit_N_simulation": 20.605704954900236
    },
    "observables": {
        "n_s": 0.9686442335710477,
        "r": 0.0029734256473824675,
        "n_s_SR": 0.9675506402424792,
        "r_SR": 0.003044752757045508,
        "P_S_pivot": 7.20662385450046e-07,
        "P_T_pivot": 2.1428360200009964e-09
    },
    "spectrum_scan": [
        {
            "label": "k_minus",
            "k_code": 18288.555708932894,
            "P_S": 7.206626112676729e-07,
            "P_T": 2.142835980574074e-09
        },
        {
            "label": "k_pivot",
            "k_code": 18288.738596318857,
            "P_S": 7.20662385450046e-07,
            "P_T": 2.1428360200009964e-09
        },
        {
            "label": "k_plus",
            "k_code": 18288.92148370482,
            "P_S": 7.206621593292436e-07,
            "P_T": 2.142836062878081e-09
        }
    ]
}