{
    "metadata": {
        "run_id": "87dab9d6",
        "timestamp": "2026-03-23T01:07:17.410241",
        "description": "Batch automated calculation of ns and r from exact MS equations."
    },
    "model_parameters": {
        "name": "Higgs Inflation",
        "xi": 1000,
        "lambda": 0.13,
        "phi0": 5.594736842105263,
        "yi": -0.12631578947368421,
        "S": 5e-05
    },
    "numerical_settings": {
        "delta_finite_difference": 1e-05,
        "k_start_factor": 100.0
    },
    "background_info": {
        "total_efolds": 68.58018357124077,
        "exit_N_simulation": 8.234875249724588
    },
    "observables": {
        "n_s": 0.9702156128664436,
        "r": 0.002979929219544046,
        "n_s_SR": 0.9675140821175139,
        "r_SR": 0.0030514954301255953,
        "P_S_pivot": 7.190704375929496e-07,
        "P_T_pivot": 2.142779007893554e-09
    },
    "spectrum_scan": [
        {
            "label": "k_minus",
            "k_code": 0.07755157621722811,
            "P_S": 7.190706378572797e-07,
            "P_T": 2.14277888911282e-09
        },
        {
            "label": "k_pivot",
            "k_code": 0.07755235174074551,
            "P_S": 7.190704375929496e-07,
            "P_T": 2.142779007893554e-09
        },
        {
            "label": "k_plus",
            "k_code": 0.07755312726426293,
            "P_S": 7.190702095158429e-07,
            "P_T": 2.142779041823621e-09
        }
    ]
}