{
    "metadata": {
        "run_id": "393225a9",
        "timestamp": "2026-03-23T01:10:37.234327",
        "description": "Batch automated calculation of ns and r from exact MS equations."
    },
    "model_parameters": {
        "name": "Higgs Inflation",
        "xi": 1000,
        "lambda": 0.13,
        "phi0": 5.673684210526316,
        "yi": -0.15789473684210528,
        "S": 5e-05
    },
    "numerical_settings": {
        "delta_finite_difference": 1e-05,
        "k_start_factor": 100.0
    },
    "background_info": {
        "total_efolds": 73.24190305605053,
        "exit_N_simulation": 13.385348913601797
    },
    "observables": {
        "n_s": 0.9656141931768556,
        "r": 0.003052705703514532,
        "n_s_SR": 0.9671075098556585,
        "r_SR": 0.0031269523828732744,
        "P_S_pivot": 7.017206831354499e-07,
        "P_T_pivot": 2.142146731681702e-09
    },
    "spectrum_scan": [
        {
            "label": "k_minus",
            "k_code": 13.376716277905404,
            "P_S": 7.017209244895213e-07,
            "P_T": 2.142146747511431e-09
        },
        {
            "label": "k_pivot",
            "k_code": 13.376850046405867,
            "P_S": 7.017206831354499e-07,
            "P_T": 2.142146731681702e-09
        },
        {
            "label": "k_plus",
            "k_code": 13.376983814906332,
            "P_S": 7.017204419048848e-07,
            "P_T": 2.1421467173704606e-09
        }
    ]
}