{
    "metadata": {
        "run_id": "8e67c04c",
        "timestamp": "2026-03-23T01:06:39.199676",
        "description": "Batch automated calculation of ns and r from exact MS equations."
    },
    "model_parameters": {
        "name": "Higgs Inflation",
        "xi": 1000,
        "lambda": 0.13,
        "phi0": 5.578947368421052,
        "yi": -0.11578947368421054,
        "S": 5e-05
    },
    "numerical_settings": {
        "delta_finite_difference": 1e-05,
        "k_start_factor": 100.0
    },
    "background_info": {
        "total_efolds": 68.05200437233576,
        "exit_N_simulation": 8.233725200677315
    },
    "observables": {
        "n_s": 0.9653894011696313,
        "r": 0.0030577369895389843,
        "n_s_SR": 0.9670795707791268,
        "r_SR": 0.0031321707017388893,
        "P_S_pivot": 7.005518817852179e-07,
        "P_T_pivot": 2.1421034020258027e-09
    },
    "spectrum_scan": [
        {
            "label": "k_minus",
            "k_code": 0.07745035424959644,
            "P_S": 7.005521255774797e-07,
            "P_T": 2.1421034232261986e-09
        },
        {
            "label": "k_pivot",
            "k_code": 0.07745112876088404,
            "P_S": 7.005518817852179e-07,
            "P_T": 2.1421034020258027e-09
        },
        {
            "label": "k_plus",
            "k_code": 0.07745190327217166,
            "P_S": 7.005516406470762e-07,
            "P_T": 2.1421033884500673e-09
        }
    ]
}