{
    "metadata": {
        "run_id": "3d4ff622",
        "timestamp": "2026-03-22T22:15:27.377110",
        "description": "Batch automated calculation of ns and r from exact MS equations."
    },
    "model_parameters": {
        "name": "Higgs Inflation",
        "xi": 1000,
        "lambda": 0.13,
        "phi0": 5.75,
        "yi": -0.2,
        "S": 5e-05
    },
    "numerical_settings": {
        "delta_finite_difference": 1e-05,
        "k_start_factor": 100.0
    },
    "background_info": {
        "total_efolds": 77.55397062156086,
        "exit_N_simulation": 17.509860642240724
    },
    "observables": {
        "n_s": 0.9665469982107874,
        "r": 0.0030270395266044463,
        "P_S_pivot": 7.077438226350722e-07,
        "P_T_pivot": 2.14236852582649e-09
    },
    "spectrum_scan": [
        {
            "label": "k_minus",
            "k_code": 827.2265706356394,
            "P_S": 7.077440603723335e-07,
            "P_T": 2.1423685239803728e-09
        },
        {
            "label": "k_pivot",
            "k_code": 827.2348429840692,
            "P_S": 7.077438226350722e-07,
            "P_T": 2.14236852582649e-09
        },
        {
            "label": "k_plus",
            "k_code": 827.2431153324991,
            "P_S": 7.077435868492255e-07,
            "P_T": 2.142368528548473e-09
        }
    ]
}