{
    "metadata": {
        "run_id": "dc14cbaf",
        "timestamp": "2026-03-23T02:11:59.292563",
        "description": "Batch automated calculation of ns and r from exact MS equations."
    },
    "model_parameters": {
        "name": "Higgs Inflation",
        "xi": 1000,
        "lambda": 0.13,
        "phi0": 5.571428571428571,
        "yi": -0.10714285714285715,
        "S": 5e-05
    },
    "numerical_settings": {
        "delta_finite_difference": 1e-05,
        "k_start_factor": 100.0
    },
    "background_info": {
        "total_efolds": 67.38642137401119,
        "exit_N_simulation": 7.410451573105576
    },
    "observables": {
        "n_s": 0.9555606200031821,
        "r": 0.003011613717464147,
        "n_s_SR": 0.9673364074471986,
        "r_SR": 0.0030843619350810116,
        "P_S_pivot": 7.115269275002984e-07,
        "P_T_pivot": 2.142844255205016e-09
    },
    "spectrum_scan": [
        {
            "label": "k_minus",
            "k_code": 0.03400323703786935,
            "P_S": 7.115272272853643e-07,
            "P_T": 2.1428444476163167e-09
        },
        {
            "label": "k_pivot",
            "k_code": 0.03400357707364009,
            "P_S": 7.115269275002984e-07,
            "P_T": 2.142844255205016e-09
        },
        {
            "label": "k_plus",
            "k_code": 0.03400391710941083,
            "P_S": 7.115265948890684e-07,
            "P_T": 2.142843959953892e-09
        }
    ]
}