{
    "metadata": {
        "run_id": "a021990c",
        "timestamp": "2026-03-23T01:13:30.598106",
        "description": "Batch automated calculation of ns and r from exact MS equations."
    },
    "model_parameters": {
        "name": "Higgs Inflation",
        "xi": 1000,
        "lambda": 0.13,
        "phi0": 5.7368421052631575,
        "yi": -0.1473684210526316,
        "S": 5e-05
    },
    "numerical_settings": {
        "delta_finite_difference": 1e-05,
        "k_start_factor": 100.0
    },
    "background_info": {
        "total_efolds": 77.33594192383602,
        "exit_N_simulation": 17.508962608085703
    },
    "observables": {
        "n_s": 0.9655546509398153,
        "r": 0.0030565979094435906,
        "n_s_SR": 0.9670858945267854,
        "r_SR": 0.0031309889151704736,
        "P_S_pivot": 7.008161602462606e-07,
        "P_T_pivot": 2.1421132103130045e-09
    },
    "spectrum_scan": [
        {
            "label": "k_minus",
            "k_code": 826.4352230590713,
            "P_S": 7.008164023083724e-07,
            "P_T": 2.142113226381363e-09
        },
        {
            "label": "k_pivot",
            "k_code": 826.4434874939462,
            "P_S": 7.008161602462606e-07,
            "P_T": 2.1421132103130045e-09
        },
        {
            "label": "k_plus",
            "k_code": 826.4517519288212,
            "P_S": 7.008159195112273e-07,
            "P_T": 2.1421131964371072e-09
        }
    ]
}