{
    "metadata": {
        "run_id": "bfb54203",
        "timestamp": "2026-03-23T02:04:15.924354",
        "description": "Batch automated calculation of ns and r from exact MS equations."
    },
    "model_parameters": {
        "name": "Higgs Inflation",
        "xi": 1000,
        "lambda": 0.13,
        "phi0": 5.555555555555555,
        "yi": -0.14444444444444446,
        "S": 5e-05
    },
    "numerical_settings": {
        "delta_finite_difference": 1e-05,
        "k_start_factor": 100.0
    },
    "background_info": {
        "total_efolds": 66.32716139262942,
        "exit_N_simulation": 6.1748137269825225
    },
    "observables": {
        "n_s": 0.967302649041546,
        "r": 0.0030111444703229792,
        "n_s_SR": 0.967339263889532,
        "r_SR": 0.0030838564821154624,
        "P_S_pivot": 7.115256512399395e-07,
        "P_T_pivot": 2.1425065302241005e-09
    },
    "spectrum_scan": [
        {
            "label": "k_minus",
            "k_code": 0.009883027183311749,
            "P_S": 7.115258860056787e-07,
            "P_T": 2.142506518573461e-09
        },
        {
            "label": "k_pivot",
            "k_code": 0.009883126014571893,
            "P_S": 7.115256512399395e-07,
            "P_T": 2.1425065302241005e-09
        },
        {
            "label": "k_plus",
            "k_code": 0.00988322484583204,
            "P_S": 7.115254207055987e-07,
            "P_T": 2.1425065504039078e-09
        }
    ]
}