{
    "metadata": {
        "run_id": "8c48b63e",
        "timestamp": "2026-03-22T22:09:50.352131",
        "description": "Batch automated calculation of ns and r from exact MS equations."
    },
    "model_parameters": {
        "name": "Higgs Inflation",
        "xi": 17000,
        "lambda": 0.13,
        "phi0": 5.8500000000000005,
        "yi": -0.01,
        "S": 5e-05
    },
    "numerical_settings": {
        "delta_finite_difference": 1e-05,
        "k_start_factor": 100.0
    },
    "background_info": {
        "total_efolds": 84.41288858427286,
        "exit_N_simulation": 24.428392245470377
    },
    "observables": {
        "n_s": 0.9838660382772135,
        "r": 0.0030089891504642583,
        "P_S_pivot": 2.4643239347770875e-09,
        "P_T_pivot": 7.415123982973647e-12
    },
    "spectrum_scan": [
        {
            "label": "k_minus",
            "k_code": 49189.38267402085,
            "P_S": 2.4643243379192536e-09,
            "P_T": 7.415122811750088e-12
        },
        {
            "label": "k_pivot",
            "k_code": 49189.87457276658,
            "P_S": 2.4643239347770875e-09,
            "P_T": 7.415123982973647e-12
        },
        {
            "label": "k_plus",
            "k_code": 49190.36647151231,
            "P_S": 2.464323542733092e-09,
            "P_T": 7.415125184889555e-12
        }
    ]
}