{
    "metadata": {
        "run_id": "d45e4a61",
        "timestamp": "2026-03-23T01:15:35.142507",
        "description": "Batch automated calculation of ns and r from exact MS equations."
    },
    "model_parameters": {
        "name": "Higgs Inflation",
        "xi": 1000,
        "lambda": 0.13,
        "phi0": 5.784210526315789,
        "yi": -0.15263157894736842,
        "S": 5e-05
    },
    "numerical_settings": {
        "delta_finite_difference": 1e-05,
        "k_start_factor": 100.0
    },
    "background_info": {
        "total_efolds": 80.40928702901587,
        "exit_N_simulation": 20.603012019835926
    },
    "observables": {
        "n_s": 0.9652175653803671,
        "r": 0.0030593045793586185,
        "n_s_SR": 0.9670708700433379,
        "r_SR": 0.0031337952009588142,
        "P_S_pivot": 7.001885096125664e-07,
        "P_T_pivot": 2.1420899138720103e-09
    },
    "spectrum_scan": [
        {
            "label": "k_minus",
            "k_code": 18236.23007180001,
            "P_S": 7.001887539029892e-07,
            "P_T": 2.1420899349404474e-09
        },
        {
            "label": "k_pivot",
            "k_code": 18236.41243592437,
            "P_S": 7.001885096125664e-07,
            "P_T": 2.1420899138720103e-09
        },
        {
            "label": "k_plus",
            "k_code": 18236.59480004873,
            "P_S": 7.001882668177668e-07,
            "P_T": 2.1420898949479824e-09
        }
    ]
}