{
    "metadata": {
        "run_id": "fa0d819e",
        "timestamp": "2026-03-23T01:16:08.753940",
        "description": "Batch automated calculation of ns and r from exact MS equations."
    },
    "model_parameters": {
        "name": "Higgs Inflation",
        "xi": 1000,
        "lambda": 0.13,
        "phi0": 5.8,
        "yi": -0.1736842105263158,
        "S": 5e-05
    },
    "numerical_settings": {
        "delta_finite_difference": 1e-05,
        "k_start_factor": 100.0
    },
    "background_info": {
        "total_efolds": 80.95718081282726,
        "exit_N_simulation": 20.605544677873823
    },
    "observables": {
        "n_s": 0.9684212856914661,
        "r": 0.00297882965906011,
        "n_s_SR": 0.9675202601870713,
        "r_SR": 0.003050354387094788,
        "P_S_pivot": 7.193390976915043e-07,
        "P_T_pivot": 2.142788639124991e-09
    },
    "spectrum_scan": [
        {
            "label": "k_minus",
            "k_code": 18285.425172652023,
            "P_S": 7.193393251329492e-07,
            "P_T": 2.142788603608082e-09
        },
        {
            "label": "k_pivot",
            "k_code": 18285.60802873231,
            "P_S": 7.193390976915043e-07,
            "P_T": 2.142788639124991e-09
        },
        {
            "label": "k_plus",
            "k_code": 18285.7908848126,
            "P_S": 7.193388708168726e-07,
            "P_T": 2.1427886757378527e-09
        }
    ]
}