{
    "metadata": {
        "run_id": "30443587",
        "timestamp": "2026-03-23T01:05:58.339375",
        "description": "Batch automated calculation of ns and r from exact MS equations."
    },
    "model_parameters": {
        "name": "Higgs Inflation",
        "xi": 1000,
        "lambda": 0.13,
        "phi0": 5.563157894736842,
        "yi": -0.1105263157894737,
        "S": 5e-05
    },
    "numerical_settings": {
        "delta_finite_difference": 1e-05,
        "k_start_factor": 100.0
    },
    "background_info": {
        "total_efolds": 67.15615780280454,
        "exit_N_simulation": 7.204124438027416
    },
    "observables": {
        "n_s": 0.9660208874106894,
        "r": 0.0030398838283355605,
        "n_s_SR": 0.9671788118672972,
        "r_SR": 0.003113656142958324,
        "P_S_pivot": 7.047168551754835e-07,
        "P_T_pivot": 2.1422573716034454e-09
    },
    "spectrum_scan": [
        {
            "label": "k_minus",
            "k_code": 0.027662342301284563,
            "P_S": 7.047170950960511e-07,
            "P_T": 2.1422573754044115e-09
        },
        {
            "label": "k_pivot",
            "k_code": 0.027662618927473837,
            "P_S": 7.047168551754835e-07,
            "P_T": 2.1422573716034454e-09
        },
        {
            "label": "k_plus",
            "k_code": 0.027662895553663115,
            "P_S": 7.047166161829839e-07,
            "P_T": 2.142257366064321e-09
        }
    ]
}