{
    "metadata": {
        "run_id": "7bfeb3be",
        "timestamp": "2026-03-23T02:12:15.760426",
        "description": "Batch automated calculation of ns and r from exact MS equations."
    },
    "model_parameters": {
        "name": "Higgs Inflation",
        "xi": 1000,
        "lambda": 0.13,
        "phi0": 5.585714285714285,
        "yi": -0.16428571428571428,
        "S": 5e-05
    },
    "numerical_settings": {
        "delta_finite_difference": 1e-05,
        "k_start_factor": 100.0
    },
    "background_info": {
        "total_efolds": 67.73203101110755,
        "exit_N_simulation": 7.822330738918081
    },
    "observables": {
        "n_s": 0.9607651048461234,
        "r": 0.003023414383476548,
        "n_s_SR": 0.9672704944259917,
        "r_SR": 0.003096597356785152,
        "P_S_pivot": 7.087165594057449e-07,
        "P_T_pivot": 2.1427438395153405e-09
    },
    "spectrum_scan": [
        {
            "label": "k_minus",
            "k_code": 0.0513318401293281,
            "P_S": 7.087168143190256e-07,
            "P_T": 2.1427438988871137e-09
        },
        {
            "label": "k_pivot",
            "k_code": 0.05133235345286263,
            "P_S": 7.087165594057449e-07,
            "P_T": 2.1427438395153405e-09
        },
        {
            "label": "k_plus",
            "k_code": 0.05133286677639716,
            "P_S": 7.087162581906461e-07,
            "P_T": 2.1427436359478366e-09
        }
    ]
}