{
    "metadata": {
        "run_id": "b0ba8bdf",
        "timestamp": "2026-03-23T02:07:48.451379",
        "description": "Batch automated calculation of ns and r from exact MS equations."
    },
    "model_parameters": {
        "name": "Higgs Inflation",
        "xi": 1000,
        "lambda": 0.13,
        "phi0": 5.4875,
        "yi": -0.17500000000000002,
        "S": 5e-05
    },
    "numerical_settings": {
        "delta_finite_difference": 1e-05,
        "k_start_factor": 100.0
    },
    "background_info": {
        "total_efolds": 62.2225428759496,
        "exit_N_simulation": 2.263448337051564
    },
    "observables": {
        "n_s": 0.8604929513383904,
        "r": 0.003013505256139264,
        "n_s_SR": 0.9893722275934353,
        "r_SR": 0.0031101194948999515,
        "P_S_pivot": 7.180189632793792e-07,
        "P_T_pivot": 2.1637539198500745e-09
    },
    "spectrum_scan": [
        {
            "label": "k_minus",
            "k_code": 0.0001977892543096129,
            "P_S": 7.1801996372701e-07,
            "P_T": 2.1637563860180934e-09
        },
        {
            "label": "k_pivot",
            "k_code": 0.0001977912322219351,
            "P_S": 7.180189632793792e-07,
            "P_T": 2.1637539198500745e-09
        },
        {
            "label": "k_plus",
            "k_code": 0.00019779321013425733,
            "P_S": 7.180179603528833e-07,
            "P_T": 2.1637514507768613e-09
        }
    ]
}