{
    "metadata": {
        "run_id": "4d6db66d",
        "timestamp": "2026-03-23T02:10:11.707006",
        "description": "Batch automated calculation of ns and r from exact MS equations."
    },
    "model_parameters": {
        "name": "Higgs Inflation",
        "xi": 1000,
        "lambda": 0.13,
        "phi0": 5.5,
        "yi": -0.2,
        "S": 5e-05
    },
    "numerical_settings": {
        "delta_finite_difference": 1e-05,
        "k_start_factor": 100.0
    },
    "background_info": {
        "total_efolds": 62.65266197010569,
        "exit_N_simulation": 2.675115407528706
    },
    "observables": {
        "n_s": 1.0708537159574394,
        "r": 0.0030119637388179923,
        "n_s_SR": 0.9749170250040968,
        "r_SR": 0.0030917870539012475,
        "P_S_pivot": 7.091922229673644e-07,
        "P_T_pivot": 2.136061259429426e-09
    },
    "spectrum_scan": [
        {
            "label": "k_minus",
            "k_code": 0.0002985315374169556,
            "P_S": 7.091917211616912e-07,
            "P_T": 2.1360590004003296e-09
        },
        {
            "label": "k_pivot",
            "k_code": 0.0002985345227621832,
            "P_S": 7.091922229673644e-07,
            "P_T": 2.136061259429426e-09
        },
        {
            "label": "k_plus",
            "k_code": 0.00029853750810741083,
            "P_S": 7.091927261397784e-07,
            "P_T": 2.136063519501018e-09
        }
    ]
}