{
    "metadata": {
        "run_id": "eff4b569",
        "timestamp": "2026-03-23T02:10:16.641071",
        "description": "Batch automated calculation of ns and r from exact MS equations."
    },
    "model_parameters": {
        "name": "Higgs Inflation",
        "xi": 1000,
        "lambda": 0.13,
        "phi0": 5.5,
        "yi": -0.12857142857142856,
        "S": 5e-05
    },
    "numerical_settings": {
        "delta_finite_difference": 1e-05,
        "k_start_factor": 100.0
    },
    "background_info": {
        "total_efolds": 63.26656364400103,
        "exit_N_simulation": 3.292441623499162
    },
    "observables": {
        "n_s": 0.997809570917454,
        "r": 0.003012107682047739,
        "n_s_SR": 0.9679940989041275,
        "r_SR": 0.0030853829783166423,
        "P_S_pivot": 7.105873263417691e-07,
        "P_T_pivot": 2.1403655444398064e-09
    },
    "spectrum_scan": [
        {
            "label": "k_minus",
            "k_code": 0.0005534660387660728,
            "P_S": 7.105873422260439e-07,
            "P_T": 2.1403648508550464e-09
        },
        {
            "label": "k_pivot",
            "k_code": 0.0005534715734818075,
            "P_S": 7.105873263417691e-07,
            "P_T": 2.1403655444398064e-09
        },
        {
            "label": "k_plus",
            "k_code": 0.0005534771081975424,
            "P_S": 7.105873110962209e-07,
            "P_T": 2.1403662378601643e-09
        }
    ]
}