{
    "metadata": {
        "run_id": "33ca377b",
        "timestamp": "2026-03-23T01:03:50.961502",
        "description": "Batch automated calculation of ns and r from exact MS equations."
    },
    "model_parameters": {
        "name": "Higgs Inflation",
        "xi": 1000,
        "lambda": 0.13,
        "phi0": 5.515789473684211,
        "yi": -0.1,
        "S": 5e-05
    },
    "numerical_settings": {
        "delta_finite_difference": 1e-05,
        "k_start_factor": 100.0
    },
    "background_info": {
        "total_efolds": 64.42671301610025,
        "exit_N_simulation": 4.1159849494435
    },
    "observables": {
        "n_s": 0.9681351711802035,
        "r": 0.0029858436274832647,
        "n_s_SR": 0.9675190406894092,
        "r_SR": 0.0030576661795267317,
        "P_S_pivot": 7.176287888251844e-07,
        "P_T_pivot": 2.1427273460122103e-09
    },
    "spectrum_scan": [
        {
            "label": "k_minus",
            "k_code": 0.0012611714146088429,
            "P_S": 7.176290172915543e-07,
            "P_T": 2.1427273148162326e-09
        },
        {
            "label": "k_pivot",
            "k_code": 0.0012611840264491073,
            "P_S": 7.176287888251844e-07,
            "P_T": 2.1427273460122103e-09
        },
        {
            "label": "k_plus",
            "k_code": 0.001261196638289372,
            "P_S": 7.176285599491837e-07,
            "P_T": 2.142727377520785e-09
        }
    ]
}