{
    "metadata": {
        "run_id": "d32e78ed",
        "timestamp": "2026-03-23T01:06:15.675782",
        "description": "Batch automated calculation of ns and r from exact MS equations."
    },
    "model_parameters": {
        "name": "Higgs Inflation",
        "xi": 1000,
        "lambda": 0.13,
        "phi0": 5.578947368421052,
        "yi": -0.1736842105263158,
        "S": 5e-05
    },
    "numerical_settings": {
        "delta_finite_difference": 1e-05,
        "k_start_factor": 100.0
    },
    "background_info": {
        "total_efolds": 67.36948490928029,
        "exit_N_simulation": 7.204623915958758
    },
    "observables": {
        "n_s": 0.9672431370898988,
        "r": 0.0030092411726667045,
        "n_s_SR": 0.9673497819581911,
        "r_SR": 0.003081882990658362,
        "P_S_pivot": 7.119811823612075e-07,
        "P_T_pivot": 2.1425230881252668e-09
    },
    "spectrum_scan": [
        {
            "label": "k_minus",
            "k_code": 0.027677861526425245,
            "P_S": 7.119814151766073e-07,
            "P_T": 2.14252307268262e-09
        },
        {
            "label": "k_pivot",
            "k_code": 0.027678138307808322,
            "P_S": 7.119811823612075e-07,
            "P_T": 2.1425230881252668e-09
        },
        {
            "label": "k_plus",
            "k_code": 0.027678415089191402,
            "P_S": 7.119809487312078e-07,
            "P_T": 2.1425231032316056e-09
        }
    ]
}