{
    "metadata": {
        "run_id": "8d5b23ca",
        "timestamp": "2026-03-23T02:02:24.181633",
        "description": "Batch automated calculation of ns and r from exact MS equations."
    },
    "model_parameters": {
        "name": "Higgs Inflation",
        "xi": 1000,
        "lambda": 0.13,
        "phi0": 5.444444444444445,
        "yi": -0.1888888888888889,
        "S": 5e-05
    },
    "numerical_settings": {
        "delta_finite_difference": 1e-05,
        "k_start_factor": 100.0
    },
    "background_info": {
        "total_efolds": 60.082623096718734,
        "exit_N_simulation": 0.0
    },
    "observables": {
        "n_s": 2.701108996308161,
        "r": 0.0031178745975753244,
        "n_s_SR": 5.717157619351003,
        "r_SR": 0.06734760251341791,
        "P_S_pivot": 2.63269669234282e-07,
        "P_T_pivot": 8.208418140176259e-10
    },
    "spectrum_scan": [
        {
            "label": "k_minus",
            "k_code": 2.058666476350638e-05,
            "P_S": 2.6326519057733736e-07,
            "P_T": 8.208278550131725e-10
        },
        {
            "label": "k_pivot",
            "k_code": 2.0586870632212702e-05,
            "P_S": 2.63269669234282e-07,
            "P_T": 8.208418140176259e-10
        },
        {
            "label": "k_plus",
            "k_code": 2.0587076500919024e-05,
            "P_S": 2.632741475853867e-07,
            "P_T": 8.208557730731228e-10
        }
    ]
}