{
    "metadata": {
        "run_id": "f4e47afb",
        "timestamp": "2026-03-22T22:44:51.531434",
        "description": "Batch automated calculation of ns and r from exact MS equations."
    },
    "model_parameters": {
        "name": "Higgs Inflation",
        "xi": 1000,
        "lambda": 0.13,
        "phi0": 6.0,
        "yi": -0.1,
        "S": 5e-05
    },
    "numerical_settings": {
        "delta_finite_difference": 1e-05,
        "k_start_factor": 100.0
    },
    "background_info": {
        "total_efolds": 96.94390005942817,
        "exit_N_simulation": 37.12110835978512
    },
    "observables": {
        "n_s": 0.9654027805094051,
        "r": 0.0030571464793283276,
        "P_S_pivot": 7.006888002090872e-07,
        "P_T_pivot": 2.1421082986640008e-09
    },
    "spectrum_scan": [
        {
            "label": "k_minus",
            "k_code": 272053941399.5734,
            "P_S": 7.006890421432666e-07,
            "P_T": 2.14210831625608e-09
        },
        {
            "label": "k_pivot",
            "k_code": 272056661966.19305,
            "P_S": 7.006888002090872e-07,
            "P_T": 2.1421082986640008e-09
        },
        {
            "label": "k_plus",
            "k_code": 272059382532.81274,
            "P_S": 7.006885573055834e-07,
            "P_T": 2.1421082819133084e-09
        }
    ]
}