{
    "metadata": {
        "run_id": "a537a19a",
        "timestamp": "2026-03-23T02:12:37.783203",
        "description": "Batch automated calculation of ns and r from exact MS equations."
    },
    "model_parameters": {
        "name": "Higgs Inflation",
        "xi": 1000,
        "lambda": 0.13,
        "phi0": 5.6,
        "yi": -0.14285714285714285,
        "S": 5e-05
    },
    "numerical_settings": {
        "delta_finite_difference": 1e-05,
        "k_start_factor": 100.0
    },
    "background_info": {
        "total_efolds": 68.75535834580181,
        "exit_N_simulation": 8.852251569510514
    },
    "observables": {
        "n_s": 0.9575259725949073,
        "r": 0.00302455589595113,
        "n_s_SR": 0.9672641239190166,
        "r_SR": 0.003097780970903947,
        "P_S_pivot": 7.084458715462195e-07,
        "P_T_pivot": 2.142734137747355e-09
    },
    "spectrum_scan": [
        {
            "label": "k_minus",
            "k_code": 0.14377215196904,
            "P_S": 7.084461735332881e-07,
            "P_T": 2.1427343416972385e-09
        },
        {
            "label": "k_pivot",
            "k_code": 0.14377358970493703,
            "P_S": 7.084458715462195e-07,
            "P_T": 2.142734137747355e-09
        },
        {
            "label": "k_plus",
            "k_code": 0.1437750274408341,
            "P_S": 7.084455717223e-07,
            "P_T": 2.142733939878665e-09
        }
    ]
}