{
    "metadata": {
        "run_id": "0ed092b5",
        "timestamp": "2026-03-23T02:11:13.791811",
        "description": "Batch automated calculation of ns and r from exact MS equations."
    },
    "model_parameters": {
        "name": "Higgs Inflation",
        "xi": 1000,
        "lambda": 0.13,
        "phi0": 5.542857142857143,
        "yi": -0.12142857142857143,
        "S": 5e-05
    },
    "numerical_settings": {
        "delta_finite_difference": 1e-05,
        "k_start_factor": 100.0
    },
    "background_info": {
        "total_efolds": 65.69466978694554,
        "exit_N_simulation": 5.762841317862822
    },
    "observables": {
        "n_s": 0.9576758426658715,
        "r": 0.003019541332298089,
        "n_s_SR": 0.9672924716236563,
        "r_SR": 0.0030925819111866505,
        "P_S_pivot": 7.0963650393008e-07,
        "P_T_pivot": 2.142776754524392e-09
    },
    "spectrum_scan": [
        {
            "label": "k_minus",
            "k_code": 0.006545838909924063,
            "P_S": 7.096368037213393e-07,
            "P_T": 2.1427769522225274e-09
        },
        {
            "label": "k_pivot",
            "k_code": 0.006545904368967752,
            "P_S": 7.0963650393008e-07,
            "P_T": 2.142776754524392e-09
        },
        {
            "label": "k_plus",
            "k_code": 0.006545969828011442,
            "P_S": 7.096362030259985e-07,
            "P_T": 2.142776557548216e-09
        }
    ]
}