{
    "metadata": {
        "run_id": "e98c5cd7",
        "timestamp": "2026-03-23T01:14:42.284398",
        "description": "Batch automated calculation of ns and r from exact MS equations."
    },
    "model_parameters": {
        "name": "Higgs Inflation",
        "xi": 1000,
        "lambda": 0.13,
        "phi0": 5.768421052631579,
        "yi": -0.17894736842105263,
        "S": 5e-05
    },
    "numerical_settings": {
        "delta_finite_difference": 1e-05,
        "k_start_factor": 100.0
    },
    "background_info": {
        "total_efolds": 78.83358185540082,
        "exit_N_simulation": 18.542200410894015
    },
    "observables": {
        "n_s": 0.9680046162369924,
        "r": 0.002989087898910205,
        "n_s_SR": 0.9674626618909402,
        "r_SR": 0.003060988661150315,
        "P_S_pivot": 7.168403657683863e-07,
        "P_T_pivot": 2.1426988627686487e-09
    },
    "spectrum_scan": [
        {
            "label": "k_minus",
            "k_code": 2322.721013991334,
            "P_S": 7.168405946275097e-07,
            "P_T": 2.1426988322219014e-09
        },
        {
            "label": "k_pivot",
            "k_code": 2322.7442414337484,
            "P_S": 7.168403657683863e-07,
            "P_T": 2.1426988627686487e-09
        },
        {
            "label": "k_plus",
            "k_code": 2322.7674688761626,
            "P_S": 7.168401359158577e-07,
            "P_T": 2.1426988915943483e-09
        }
    ]
}