{
    "metadata": {
        "run_id": "034818a0",
        "timestamp": "2026-03-23T02:10:42.862960",
        "description": "Batch automated calculation of ns and r from exact MS equations."
    },
    "model_parameters": {
        "name": "Higgs Inflation",
        "xi": 1000,
        "lambda": 0.13,
        "phi0": 5.521428571428571,
        "yi": -0.1142857142857143,
        "S": 5e-05
    },
    "numerical_settings": {
        "delta_finite_difference": 1e-05,
        "k_start_factor": 100.0
    },
    "background_info": {
        "total_efolds": 64.52442973037337,
        "exit_N_simulation": 4.527572969070392
    },
    "observables": {
        "n_s": 0.9580836844262325,
        "r": 0.003007763535303427,
        "n_s_SR": 0.9673714687505689,
        "r_SR": 0.0030803845154435965,
        "P_S_pivot": 7.124485310864747e-07,
        "P_T_pivot": 2.1428767125823888e-09
    },
    "spectrum_scan": [
        {
            "label": "k_minus",
            "k_code": 0.0019032916868476524,
            "P_S": 7.124488310178956e-07,
            "P_T": 2.1428769086255927e-09
        },
        {
            "label": "k_pivot",
            "k_code": 0.0019033107199548519,
            "P_S": 7.124485310864747e-07,
            "P_T": 2.1428767125823888e-09
        },
        {
            "label": "k_plus",
            "k_code": 0.0019033297530620516,
            "P_S": 7.124482337535455e-07,
            "P_T": 2.1428765262727738e-09
        }
    ]
}