{
    "metadata": {
        "run_id": "8c50d48e",
        "timestamp": "2026-03-23T02:02:36.319472",
        "description": "Batch automated calculation of ns and r from exact MS equations."
    },
    "model_parameters": {
        "name": "Higgs Inflation",
        "xi": 1000,
        "lambda": 0.13,
        "phi0": 5.444444444444445,
        "yi": -0.12222222222222223,
        "S": 5e-05
    },
    "numerical_settings": {
        "delta_finite_difference": 1e-05,
        "k_start_factor": 100.0
    },
    "background_info": {
        "total_efolds": 60.4038667739561,
        "exit_N_simulation": 0.0
    },
    "observables": {
        "n_s": 2.701194578098601,
        "r": 0.003058631341519108,
        "n_s_SR": 5.035592563293582,
        "r_SR": 0.028220456520531303,
        "P_S_pivot": 2.682638871931297e-07,
        "P_T_pivot": 8.20520333166653e-10
    },
    "spectrum_scan": [
        {
            "label": "k_minus",
            "k_code": 2.0578267516635002e-05,
            "P_S": 2.6825932348623537e-07,
            "P_T": 8.205063777362018e-10
        },
        {
            "label": "k_pivot",
            "k_code": 2.0578473301368016e-05,
            "P_S": 2.682638871931297e-07,
            "P_T": 8.20520333166653e-10
        },
        {
            "label": "k_plus",
            "k_code": 2.057867908610103e-05,
            "P_S": 2.682684508676425e-07,
            "P_T": 8.205342886591344e-10
        }
    ]
}