{
    "metadata": {
        "run_id": "6106233e",
        "timestamp": "2026-03-23T01:04:27.969764",
        "description": "Batch automated calculation of ns and r from exact MS equations."
    },
    "model_parameters": {
        "name": "Higgs Inflation",
        "xi": 1000,
        "lambda": 0.13,
        "phi0": 5.531578947368421,
        "yi": -0.11578947368421054,
        "S": 5e-05
    },
    "numerical_settings": {
        "delta_finite_difference": 1e-05,
        "k_start_factor": 100.0
    },
    "background_info": {
        "total_efolds": 65.27119744259925,
        "exit_N_simulation": 5.145165240508671
    },
    "observables": {
        "n_s": 0.964643845464377,
        "r": 0.0030150999604711794,
        "n_s_SR": 0.967319172656966,
        "r_SR": 0.003087959692384654,
        "P_S_pivot": 7.105808002860394e-07,
        "P_T_pivot": 2.1424721428540163e-09
    },
    "spectrum_scan": [
        {
            "label": "k_minus",
            "k_code": 0.003529521941567948,
            "P_S": 7.105810355313384e-07,
            "P_T": 2.1424721359634314e-09
        },
        {
            "label": "k_pivot",
            "k_code": 0.003529557237140319,
            "P_S": 7.105808002860394e-07,
            "P_T": 2.1424721428540163e-09
        },
        {
            "label": "k_plus",
            "k_code": 0.0035295925327126906,
            "P_S": 7.105805330632573e-07,
            "P_T": 2.142472056746066e-09
        }
    ]
}