{
    "metadata": {
        "run_id": "91056e51",
        "timestamp": "2026-03-23T02:12:17.066183",
        "description": "Batch automated calculation of ns and r from exact MS equations."
    },
    "model_parameters": {
        "name": "Higgs Inflation",
        "xi": 1000,
        "lambda": 0.13,
        "phi0": 5.585714285714285,
        "yi": -0.15000000000000002,
        "S": 5e-05
    },
    "numerical_settings": {
        "delta_finite_difference": 1e-05,
        "k_start_factor": 100.0
    },
    "background_info": {
        "total_efolds": 67.80289205561061,
        "exit_N_simulation": 7.822481807970389
    },
    "observables": {
        "n_s": 0.9605105498912381,
        "r": 0.0030108007597683052,
        "n_s_SR": 0.9673409515201851,
        "r_SR": 0.003083519013141903,
        "P_S_pivot": 7.117213487524696e-07,
        "P_T_pivot": 2.1428511775672583e-09
    },
    "spectrum_scan": [
        {
            "label": "k_minus",
            "k_code": 0.051340894282912775,
            "P_S": 7.117216135189405e-07,
            "P_T": 2.1428512636094387e-09
        },
        {
            "label": "k_pivot",
            "k_code": 0.05134140769698974,
            "P_S": 7.117213487524696e-07,
            "P_T": 2.1428511775672583e-09
        },
        {
            "label": "k_plus",
            "k_code": 0.05134192111106672,
            "P_S": 7.117210514092595e-07,
            "P_T": 2.142850990554396e-09
        }
    ]
}