{
    "metadata": {
        "run_id": "b011fc90",
        "timestamp": "2026-03-23T02:11:55.357070",
        "description": "Batch automated calculation of ns and r from exact MS equations."
    },
    "model_parameters": {
        "name": "Higgs Inflation",
        "xi": 1000,
        "lambda": 0.13,
        "phi0": 5.571428571428571,
        "yi": -0.14285714285714285,
        "S": 5e-05
    },
    "numerical_settings": {
        "delta_finite_difference": 1e-05,
        "k_start_factor": 100.0
    },
    "background_info": {
        "total_efolds": 67.11579695941887,
        "exit_N_simulation": 7.204390403826532
    },
    "observables": {
        "n_s": 0.9575519246363657,
        "r": 0.0030231180491684805,
        "n_s_SR": 0.9672721528793119,
        "r_SR": 0.0030962901207476066,
        "P_S_pivot": 7.087867970004026e-07,
        "P_T_pivot": 2.142746159024233e-09
    },
    "spectrum_scan": [
        {
            "label": "k_minus",
            "k_code": 0.02767062783468624,
            "P_S": 7.087871626232366e-07,
            "P_T": 2.1427465541242353e-09
        },
        {
            "label": "k_pivot",
            "k_code": 0.027670904543731677,
            "P_S": 7.087867970004026e-07,
            "P_T": 2.142746159024233e-09
        },
        {
            "label": "k_plus",
            "k_code": 0.027671181252777118,
            "P_S": 7.087865608904739e-07,
            "P_T": 2.1427461559023703e-09
        }
    ]
}