{
    "metadata": {
        "run_id": "a64ca7fd",
        "timestamp": "2026-03-23T01:15:20.262571",
        "description": "Batch automated calculation of ns and r from exact MS equations."
    },
    "model_parameters": {
        "name": "Higgs Inflation",
        "xi": 1000,
        "lambda": 0.13,
        "phi0": 5.784210526315789,
        "yi": -0.18947368421052632,
        "S": 5e-05
    },
    "numerical_settings": {
        "delta_finite_difference": 1e-05,
        "k_start_factor": 100.0
    },
    "background_info": {
        "total_efolds": 79.80989367586295,
        "exit_N_simulation": 19.573407859935344
    },
    "observables": {
        "n_s": 0.9677476308678206,
        "r": 0.0029980467544309373,
        "n_s_SR": 0.9674124352821448,
        "r_SR": 0.0030702760149827215,
        "P_S_pivot": 7.146721841196016e-07,
        "P_T_pivot": 2.1426206220818408e-09
    },
    "spectrum_scan": [
        {
            "label": "k_minus",
            "k_code": 6513.837495784935,
            "P_S": 7.146724151912675e-07,
            "P_T": 2.142620599397515e-09
        },
        {
            "label": "k_pivot",
            "k_code": 6513.902634811282,
            "P_S": 7.146721841196016e-07,
            "P_T": 2.1426206220818408e-09
        },
        {
            "label": "k_plus",
            "k_code": 6513.96777383763,
            "P_S": 7.146719541938446e-07,
            "P_T": 2.142620649852108e-09
        }
    ]
}