{
    "metadata": {
        "run_id": "6d80f332",
        "timestamp": "2026-03-23T01:13:11.514774",
        "description": "Batch automated calculation of ns and r from exact MS equations."
    },
    "model_parameters": {
        "name": "Higgs Inflation",
        "xi": 1000,
        "lambda": 0.13,
        "phi0": 5.7368421052631575,
        "yi": -0.19473684210526318,
        "S": 5e-05
    },
    "numerical_settings": {
        "delta_finite_difference": 1e-05,
        "k_start_factor": 100.0
    },
    "background_info": {
        "total_efolds": 76.67557874080063,
        "exit_N_simulation": 16.47927866175461
    },
    "observables": {
        "n_s": 0.9674609088453536,
        "r": 0.0030043922873933732,
        "n_s_SR": 0.9673769027283371,
        "r_SR": 0.00307685528823108,
        "P_S_pivot": 7.131443240195929e-07,
        "P_T_pivot": 2.1425653068828257e-09
    },
    "spectrum_scan": [
        {
            "label": "k_minus",
            "k_code": 295.1672307726196,
            "P_S": 7.131445567036574e-07,
            "P_T": 2.1425652856980035e-09
        },
        {
            "label": "k_pivot",
            "k_code": 295.1701824744443,
            "P_S": 7.131443240195929e-07,
            "P_T": 2.1425653068828257e-09
        },
        {
            "label": "k_plus",
            "k_code": 295.17313417626906,
            "P_S": 7.131440926022932e-07,
            "P_T": 2.1425653257922762e-09
        }
    ]
}