{
    "metadata": {
        "run_id": "af6c599a",
        "timestamp": "2026-03-23T01:08:40.102579",
        "description": "Batch automated calculation of ns and r from exact MS equations."
    },
    "model_parameters": {
        "name": "Higgs Inflation",
        "xi": 1000,
        "lambda": 0.13,
        "phi0": 5.626315789473684,
        "yi": -0.13157894736842107,
        "S": 5e-05
    },
    "numerical_settings": {
        "delta_finite_difference": 1e-05,
        "k_start_factor": 100.0
    },
    "background_info": {
        "total_efolds": 70.48694228720137,
        "exit_N_simulation": 10.294805676182218
    },
    "observables": {
        "n_s": 0.9673284210476608,
        "r": 0.0030050400772231125,
        "n_s_SR": 0.9673732773571243,
        "r_SR": 0.0030775273615330744,
        "P_S_pivot": 7.129887139067494e-07,
        "P_T_pivot": 2.142559659897546e-09
    },
    "spectrum_scan": [
        {
            "label": "k_minus",
            "k_code": 0.6083942267843439,
            "P_S": 7.129889485372642e-07,
            "P_T": 2.1425596473417447e-09
        },
        {
            "label": "k_pivot",
            "k_code": 0.6084003107874517,
            "P_S": 7.129887139067494e-07,
            "P_T": 2.142559659897546e-09
        },
        {
            "label": "k_plus",
            "k_code": 0.6084063947905596,
            "P_S": 7.129884826479214e-07,
            "P_T": 2.14255968215243e-09
        }
    ]
}