{
    "metadata": {
        "run_id": "bb73a91c",
        "timestamp": "2026-03-22T23:39:25.326485",
        "description": "Batch automated calculation of ns and r from exact MS equations."
    },
    "model_parameters": {
        "name": "Higgs Inflation",
        "xi": 1000,
        "lambda": 0.13,
        "phi0": 5.5,
        "yi": -0.125,
        "S": 5e-05
    },
    "numerical_settings": {
        "delta_finite_difference": 1e-05,
        "k_start_factor": 100.0
    },
    "background_info": {
        "total_efolds": 63.37628403354961,
        "exit_N_simulation": 3.0867419639126474
    },
    "observables": {
        "n_s": 0.9816598106337404,
        "r": 0.002989301855221516,
        "P_S_pivot": 7.184602399077477e-07,
        "P_T_pivot": 2.147694528059126e-09
    },
    "spectrum_scan": [
        {
            "label": "k_minus",
            "k_code": 0.0004505847338036035,
            "P_S": 7.184603713423584e-07,
            "P_T": 2.1476943392379896e-09
        },
        {
            "label": "k_pivot",
            "k_code": 0.00045058923969600045,
            "P_S": 7.184602399077477e-07,
            "P_T": 2.147694528059126e-09
        },
        {
            "label": "k_plus",
            "k_code": 0.00045059374558839745,
            "P_S": 7.184601078084221e-07,
            "P_T": 2.1476947168854073e-09
        }
    ]
}