{
    "metadata": {
        "run_id": "14ced6d4",
        "timestamp": "2026-03-23T02:10:20.220863",
        "description": "Batch automated calculation of ns and r from exact MS equations."
    },
    "model_parameters": {
        "name": "Higgs Inflation",
        "xi": 1000,
        "lambda": 0.13,
        "phi0": 5.507142857142857,
        "yi": -0.18571428571428572,
        "S": 5e-05
    },
    "numerical_settings": {
        "delta_finite_difference": 1e-05,
        "k_start_factor": 100.0
    },
    "background_info": {
        "total_efolds": 63.207342808998845,
        "exit_N_simulation": 3.2924769575605914
    },
    "observables": {
        "n_s": 0.9973674006170826,
        "r": 0.0030226547417098277,
        "n_s_SR": 0.9683503129072214,
        "r_SR": 0.003096763638004169,
        "P_S_pivot": 7.080767722961591e-07,
        "P_T_pivot": 2.1402716132755753e-09
    },
    "spectrum_scan": [
        {
            "label": "k_minus",
            "k_code": 0.0005534738717232455,
            "P_S": 7.080767915881165e-07,
            "P_T": 2.140270924489178e-09
        },
        {
            "label": "k_pivot",
            "k_code": 0.0005534794065173106,
            "P_S": 7.080767722961591e-07,
            "P_T": 2.1402716132755753e-09
        },
        {
            "label": "k_plus",
            "k_code": 0.0005534849413113759,
            "P_S": 7.080767543064671e-07,
            "P_T": 2.140272303461529e-09
        }
    ]
}