{
    "metadata": {
        "run_id": "0abeca6d",
        "timestamp": "2026-03-23T01:15:58.336569",
        "description": "Batch automated calculation of ns and r from exact MS equations."
    },
    "model_parameters": {
        "name": "Higgs Inflation",
        "xi": 1000,
        "lambda": 0.13,
        "phi0": 5.8,
        "yi": -0.2,
        "S": 5e-05
    },
    "numerical_settings": {
        "delta_finite_difference": 1e-05,
        "k_start_factor": 100.0
    },
    "background_info": {
        "total_efolds": 80.7906137179623,
        "exit_N_simulation": 20.60474383072894
    },
    "observables": {
        "n_s": 0.9673776267544694,
        "r": 0.0030060118063560443,
        "n_s_SR": 0.9673678392658348,
        "r_SR": 0.0030785336852405666,
        "P_S_pivot": 7.127554167786026e-07,
        "P_T_pivot": 2.1425511978807022e-09
    },
    "spectrum_scan": [
        {
            "label": "k_minus",
            "k_code": 18269.787056331712,
            "P_S": 7.127556497725994e-07,
            "P_T": 2.1425511806779958e-09
        },
        {
            "label": "k_pivot",
            "k_code": 18269.96975602927,
            "P_S": 7.127554167786026e-07,
            "P_T": 2.1425511978807022e-09
        },
        {
            "label": "k_plus",
            "k_code": 18270.15245572683,
            "P_S": 7.127551847371347e-07,
            "P_T": 2.1425512165741077e-09
        }
    ]
}