{
    "metadata": {
        "run_id": "390e1bd2",
        "timestamp": "2026-03-23T02:10:51.353105",
        "description": "Batch automated calculation of ns and r from exact MS equations."
    },
    "model_parameters": {
        "name": "Higgs Inflation",
        "xi": 1000,
        "lambda": 0.13,
        "phi0": 5.5285714285714285,
        "yi": -0.13571428571428573,
        "S": 5e-05
    },
    "numerical_settings": {
        "delta_finite_difference": 1e-05,
        "k_start_factor": 100.0
    },
    "background_info": {
        "total_efolds": 64.72792875475724,
        "exit_N_simulation": 4.733481827936962
    },
    "observables": {
        "n_s": 0.9615206305334139,
        "r": 0.003008211355724404,
        "n_s_SR": 0.9673647494042188,
        "r_SR": 0.0030808441450876534,
        "P_S_pivot": 7.123412408251197e-07,
        "P_T_pivot": 2.1428730098009378e-09
    },
    "spectrum_scan": [
        {
            "label": "k_minus",
            "k_code": 0.002338460516336751,
            "P_S": 7.123414921017668e-07,
            "P_T": 2.1428730564061013e-09
        },
        {
            "label": "k_pivot",
            "k_code": 0.0023384839011757626,
            "P_S": 7.123412408251197e-07,
            "P_T": 2.1428730098009378e-09
        },
        {
            "label": "k_plus",
            "k_code": 0.0023385072860147745,
            "P_S": 7.12340943892948e-07,
            "P_T": 2.142872825840766e-09
        }
    ]
}