{
    "metadata": {
        "run_id": "946a394e",
        "timestamp": "2026-03-23T01:15:22.396619",
        "description": "Batch automated calculation of ns and r from exact MS equations."
    },
    "model_parameters": {
        "name": "Higgs Inflation",
        "xi": 1000,
        "lambda": 0.13,
        "phi0": 5.784210526315789,
        "yi": -0.1842105263157895,
        "S": 5e-05
    },
    "numerical_settings": {
        "delta_finite_difference": 1e-05,
        "k_start_factor": 100.0
    },
    "background_info": {
        "total_efolds": 79.84324020810301,
        "exit_N_simulation": 19.573559583095893
    },
    "observables": {
        "n_s": 0.9677496977506855,
        "r": 0.0029926713895788433,
        "n_s_SR": 0.9674425630752301,
        "r_SR": 0.0030647034410779673,
        "P_S_pivot": 7.159715411652391e-07,
        "P_T_pivot": 2.142667546997882e-09
    },
    "spectrum_scan": [
        {
            "label": "k_minus",
            "k_code": 6514.896362509962,
            "P_S": 7.159717725713659e-07,
            "P_T": 2.1426675231804537e-09
        },
        {
            "label": "k_pivot",
            "k_code": 6514.961512125084,
            "P_S": 7.159715411652391e-07,
            "P_T": 2.142667546997882e-09
        },
        {
            "label": "k_plus",
            "k_code": 6515.026661740205,
            "P_S": 7.159713107653941e-07,
            "P_T": 2.142667574107232e-09
        }
    ]
}