{
    "metadata": {
        "run_id": "b6ec709e",
        "timestamp": "2026-03-23T02:04:33.959262",
        "description": "Batch automated calculation of ns and r from exact MS equations."
    },
    "model_parameters": {
        "name": "Higgs Inflation",
        "xi": 1000,
        "lambda": 0.13,
        "phi0": 5.5777777777777775,
        "yi": -0.16666666666666669,
        "S": 5e-05
    },
    "numerical_settings": {
        "delta_finite_difference": 1e-05,
        "k_start_factor": 100.0
    },
    "background_info": {
        "total_efolds": 67.36804562876951,
        "exit_N_simulation": 7.204608358720531
    },
    "observables": {
        "n_s": 0.9671810378752412,
        "r": 0.0030094584738334777,
        "n_s_SR": 0.9673485663121676,
        "r_SR": 0.0030821082911227636,
        "P_S_pivot": 7.119291454524756e-07,
        "P_T_pivot": 2.142521199550979e-09
    },
    "spectrum_scan": [
        {
            "label": "k_minus",
            "k_code": 0.027677418860167908,
            "P_S": 7.119293794317295e-07,
            "P_T": 2.1425211846872426e-09
        },
        {
            "label": "k_pivot",
            "k_code": 0.02767769563712428,
            "P_S": 7.119291454524756e-07,
            "P_T": 2.142521199550979e-09
        },
        {
            "label": "k_plus",
            "k_code": 0.027677972414080654,
            "P_S": 7.119289121362157e-07,
            "P_T": 2.1425212131228607e-09
        }
    ]
}