{
    "metadata": {
        "run_id": "dde7af17",
        "timestamp": "2026-03-23T01:05:25.629790",
        "description": "Batch automated calculation of ns and r from exact MS equations."
    },
    "model_parameters": {
        "name": "Higgs Inflation",
        "xi": 1000,
        "lambda": 0.13,
        "phi0": 5.563157894736842,
        "yi": -0.18947368421052632,
        "S": 5e-05
    },
    "numerical_settings": {
        "delta_finite_difference": 1e-05,
        "k_start_factor": 100.0
    },
    "background_info": {
        "total_efolds": 66.3396944901755,
        "exit_N_simulation": 6.174916361278161
    },
    "observables": {
        "n_s": 0.9673082507813869,
        "r": 0.0030092538266187534,
        "n_s_SR": 0.9673498914341969,
        "r_SR": 0.003081896277200934,
        "P_S_pivot": 7.119781521122616e-07,
        "P_T_pivot": 2.142522978712772e-09
    },
    "spectrum_scan": [
        {
            "label": "k_minus",
            "k_code": 0.009884079097538178,
            "P_S": 7.119783858445052e-07,
            "P_T": 2.142522965385774e-09
        },
        {
            "label": "k_pivot",
            "k_code": 0.00988417793931757,
            "P_S": 7.119781521122616e-07,
            "P_T": 2.142522978712772e-09
        },
        {
            "label": "k_plus",
            "k_code": 0.009884276781096964,
            "P_S": 7.119779203282803e-07,
            "P_T": 2.1425229985907145e-09
        }
    ]
}