{
    "metadata": {
        "run_id": "074150aa",
        "timestamp": "2026-03-23T01:11:15.132670",
        "description": "Batch automated calculation of ns and r from exact MS equations."
    },
    "model_parameters": {
        "name": "Higgs Inflation",
        "xi": 1000,
        "lambda": 0.13,
        "phi0": 5.689473684210526,
        "yi": -0.16842105263157897,
        "S": 5e-05
    },
    "numerical_settings": {
        "delta_finite_difference": 1e-05,
        "k_start_factor": 100.0
    },
    "background_info": {
        "total_efolds": 73.79160691731917,
        "exit_N_simulation": 13.387208588786173
    },
    "observables": {
        "n_s": 0.9687607830987192,
        "r": 0.002969444660509569,
        "n_s_SR": 0.9675730374214374,
        "r_SR": 0.003040627082938076,
        "P_S_pivot": 7.216403095676953e-07,
        "P_T_pivot": 2.142870964054265e-09
    },
    "spectrum_scan": [
        {
            "label": "k_minus",
            "k_code": 13.403856324910635,
            "P_S": 7.216405360410993e-07,
            "P_T": 2.142870921890605e-09
        },
        {
            "label": "k_pivot",
            "k_code": 13.403990364814282,
            "P_S": 7.216403095676953e-07,
            "P_T": 2.142870964054265e-09
        },
        {
            "label": "k_plus",
            "k_code": 13.404124404717932,
            "P_S": 7.216400851715351e-07,
            "P_T": 2.1428710075701075e-09
        }
    ]
}