{
    "metadata": {
        "run_id": "d710a477",
        "timestamp": "2026-03-23T02:07:49.868945",
        "description": "Batch automated calculation of ns and r from exact MS equations."
    },
    "model_parameters": {
        "name": "Higgs Inflation",
        "xi": 1000,
        "lambda": 0.13,
        "phi0": 5.4875,
        "yi": -0.1,
        "S": 5e-05
    },
    "numerical_settings": {
        "delta_finite_difference": 1e-05,
        "k_start_factor": 100.0
    },
    "background_info": {
        "total_efolds": 62.85041022108112,
        "exit_N_simulation": 2.880746699279845
    },
    "observables": {
        "n_s": 1.072395521307419,
        "r": 0.0030132669414537163,
        "n_s_SR": 0.9688828376310815,
        "r_SR": 0.0030871348525007215,
        "P_S_pivot": 7.102747668890429e-07,
        "P_T_pivot": 2.1402474744154976e-09
    },
    "spectrum_scan": [
        {
            "label": "k_minus",
            "k_code": 0.00036668525251128706,
            "P_S": 7.102742518945282e-07,
            "P_T": 2.140245245533466e-09
        },
        {
            "label": "k_pivot",
            "k_code": 0.00036668891940048104,
            "P_S": 7.102747668890429e-07,
            "P_T": 2.1402474744154976e-09
        },
        {
            "label": "k_plus",
            "k_code": 0.00036669258628967507,
            "P_S": 7.102752803087671e-07,
            "P_T": 2.1402497029657012e-09
        }
    ]
}