{
    "metadata": {
        "run_id": "67f8f679",
        "timestamp": "2026-03-23T02:11:00.727492",
        "description": "Batch automated calculation of ns and r from exact MS equations."
    },
    "model_parameters": {
        "name": "Higgs Inflation",
        "xi": 1000,
        "lambda": 0.13,
        "phi0": 5.535714285714286,
        "yi": -0.15000000000000002,
        "S": 5e-05
    },
    "numerical_settings": {
        "delta_finite_difference": 1e-05,
        "k_start_factor": 100.0
    },
    "background_info": {
        "total_efolds": 65.06106682352222,
        "exit_N_simulation": 5.145150854581898
    },
    "observables": {
        "n_s": 0.9596388551739581,
        "r": 0.0030223330184236206,
        "n_s_SR": 0.9672796100210216,
        "r_SR": 0.0030954793084482556,
        "P_S_pivot": 7.089731441420738e-07,
        "P_T_pivot": 2.1427529427161986e-09
    },
    "spectrum_scan": [
        {
            "label": "k_minus",
            "k_code": 0.0035294198448524014,
            "P_S": 7.089734162198835e-07,
            "P_T": 2.1427530583746412e-09
        },
        {
            "label": "k_pivot",
            "k_code": 0.0035294551394037953,
            "P_S": 7.089731441420738e-07,
            "P_T": 2.1427529427161986e-09
        },
        {
            "label": "k_plus",
            "k_code": 0.0035294904339551896,
            "P_S": 7.089728439205408e-07,
            "P_T": 2.1427527458174794e-09
        }
    ]
}