{
    "metadata": {
        "run_id": "c3e734ff",
        "timestamp": "2026-03-23T01:11:10.932897",
        "description": "Batch automated calculation of ns and r from exact MS equations."
    },
    "model_parameters": {
        "name": "Higgs Inflation",
        "xi": 1000,
        "lambda": 0.13,
        "phi0": 5.689473684210526,
        "yi": -0.17894736842105263,
        "S": 5e-05
    },
    "numerical_settings": {
        "delta_finite_difference": 1e-05,
        "k_start_factor": 100.0
    },
    "background_info": {
        "total_efolds": 73.73584876996951,
        "exit_N_simulation": 13.387007371698372
    },
    "observables": {
        "n_s": 0.9683918298752013,
        "r": 0.0029793159617919167,
        "n_s_SR": 0.967517528022443,
        "r_SR": 0.0030508593170322715,
        "P_S_pivot": 7.192202540658755e-07,
        "P_T_pivot": 2.1427843829825006e-09
    },
    "spectrum_scan": [
        {
            "label": "k_minus",
            "k_code": 13.400892312147594,
            "P_S": 7.192204812378344e-07,
            "P_T": 2.142784345838419e-09
        },
        {
            "label": "k_pivot",
            "k_code": 13.401026322410818,
            "P_S": 7.192202540658755e-07,
            "P_T": 2.1427843829825006e-09
        },
        {
            "label": "k_plus",
            "k_code": 13.401160332674042,
            "P_S": 7.192200265731111e-07,
            "P_T": 2.142784417561322e-09
        }
    ]
}