{
    "metadata": {
        "run_id": "e7697ea7",
        "timestamp": "2026-03-23T02:11:30.438064",
        "description": "Batch automated calculation of ns and r from exact MS equations."
    },
    "model_parameters": {
        "name": "Higgs Inflation",
        "xi": 1000,
        "lambda": 0.13,
        "phi0": 5.557142857142857,
        "yi": -0.17142857142857143,
        "S": 5e-05
    },
    "numerical_settings": {
        "delta_finite_difference": 1e-05,
        "k_start_factor": 100.0
    },
    "background_info": {
        "total_efolds": 65.97474138843133,
        "exit_N_simulation": 5.968989057625912
    },
    "observables": {
        "n_s": 0.9583286455442875,
        "r": 0.003006104765632205,
        "n_s_SR": 0.9673675249653486,
        "r_SR": 0.003078650555847477,
        "P_S_pivot": 7.128464864332346e-07,
        "P_T_pivot": 2.1428912200311197e-09
    },
    "spectrum_scan": [
        {
            "label": "k_minus",
            "k_code": 0.008044625881965504,
            "P_S": 7.128467831315188e-07,
            "P_T": 2.142891404612582e-09
        },
        {
            "label": "k_pivot",
            "k_code": 0.008044706329028794,
            "P_S": 7.128464864332346e-07,
            "P_T": 2.1428912200311197e-09
        },
        {
            "label": "k_plus",
            "k_code": 0.008044786776092085,
            "P_S": 7.128461890259476e-07,
            "P_T": 2.1428910325321203e-09
        }
    ]
}