{
    "metadata": {
        "run_id": "eb3a12f7",
        "timestamp": "2026-03-23T02:12:31.945042",
        "description": "Batch automated calculation of ns and r from exact MS equations."
    },
    "model_parameters": {
        "name": "Higgs Inflation",
        "xi": 1000,
        "lambda": 0.13,
        "phi0": 5.5928571428571425,
        "yi": -0.1,
        "S": 5e-05
    },
    "numerical_settings": {
        "delta_finite_difference": 1e-05,
        "k_start_factor": 100.0
    },
    "background_info": {
        "total_efolds": 68.65214835606103,
        "exit_N_simulation": 8.646461321144184
    },
    "observables": {
        "n_s": 0.9546298943733093,
        "r": 0.0030061169908398152,
        "n_s_SR": 0.9673671484940339,
        "r_SR": 0.0030786629567118116,
        "P_S_pivot": 7.128435301315826e-07,
        "P_T_pivot": 2.142891047738784e-09
    },
    "spectrum_scan": [
        {
            "label": "k_minus",
            "k_code": 0.11703540725626016,
            "P_S": 7.12843852802054e-07,
            "P_T": 2.142891309056173e-09
        },
        {
            "label": "k_pivot",
            "k_code": 0.11703657762203637,
            "P_S": 7.128435301315826e-07,
            "P_T": 2.142891047738784e-09
        },
        {
            "label": "k_plus",
            "k_code": 0.1170377479878126,
            "P_S": 7.128432059663293e-07,
            "P_T": 2.1428907830611005e-09
        }
    ]
}