{
    "metadata": {
        "run_id": "19103f1d",
        "timestamp": "2026-03-23T01:14:04.352280",
        "description": "Batch automated calculation of ns and r from exact MS equations."
    },
    "model_parameters": {
        "name": "Higgs Inflation",
        "xi": 1000,
        "lambda": 0.13,
        "phi0": 5.752631578947368,
        "yi": -0.16842105263157897,
        "S": 5e-05
    },
    "numerical_settings": {
        "delta_finite_difference": 1e-05,
        "k_start_factor": 100.0
    },
    "background_info": {
        "total_efolds": 77.86085461157545,
        "exit_N_simulation": 17.51111941157853
    },
    "observables": {
        "n_s": 0.9683434564803206,
        "r": 0.002979160545621238,
        "n_s_SR": 0.9675184008971222,
        "r_SR": 0.0030506976846672003,
        "P_S_pivot": 7.192582315258651e-07,
        "P_T_pivot": 2.142785745475163e-09
    },
    "spectrum_scan": [
        {
            "label": "k_minus",
            "k_code": 828.3482425286245,
            "P_S": 7.192584595989678e-07,
            "P_T": 2.1427857079590244e-09
        },
        {
            "label": "k_pivot",
            "k_code": 828.3565260938853,
            "P_S": 7.192582315258651e-07,
            "P_T": 2.142785745475163e-09
        },
        {
            "label": "k_plus",
            "k_code": 828.3648096591463,
            "P_S": 7.192580042143776e-07,
            "P_T": 2.1427857804812425e-09
        }
    ]
}