{
    "metadata": {
        "run_id": "fcc22db3",
        "timestamp": "2026-03-23T01:12:50.250917",
        "description": "Batch automated calculation of ns and r from exact MS equations."
    },
    "model_parameters": {
        "name": "Higgs Inflation",
        "xi": 1000,
        "lambda": 0.13,
        "phi0": 5.721052631578948,
        "yi": -0.14210526315789473,
        "S": 5e-05
    },
    "numerical_settings": {
        "delta_finite_difference": 1e-05,
        "k_start_factor": 100.0
    },
    "background_info": {
        "total_efolds": 76.35737887110714,
        "exit_N_simulation": 16.47800709011426
    },
    "observables": {
        "n_s": 0.9656607018396788,
        "r": 0.0030496795760305926,
        "n_s_SR": 0.96712432445157,
        "r_SR": 0.00312381412081103,
        "P_S_pivot": 7.024255379801371e-07,
        "P_T_pivot": 2.1421728168603256e-09
    },
    "spectrum_scan": [
        {
            "label": "k_minus",
            "k_code": 294.76540931058616,
            "P_S": 7.024257789577844e-07,
            "P_T": 2.1421728286107442e-09
        },
        {
            "label": "k_pivot",
            "k_code": 294.7683569941561,
            "P_S": 7.024255379801371e-07,
            "P_T": 2.1421728168603256e-09
        },
        {
            "label": "k_plus",
            "k_code": 294.77130467772605,
            "P_S": 7.024252965417854e-07,
            "P_T": 2.1421728043271707e-09
        }
    ]
}