{
    "metadata": {
        "run_id": "dda7e604",
        "timestamp": "2026-03-23T01:11:32.081351",
        "description": "Batch automated calculation of ns and r from exact MS equations."
    },
    "model_parameters": {
        "name": "Higgs Inflation",
        "xi": 1000,
        "lambda": 0.13,
        "phi0": 5.689473684210526,
        "yi": -0.12631578947368421,
        "S": 5e-05
    },
    "numerical_settings": {
        "delta_finite_difference": 1e-05,
        "k_start_factor": 100.0
    },
    "background_info": {
        "total_efolds": 74.45786049304463,
        "exit_N_simulation": 14.416622850056985
    },
    "observables": {
        "n_s": 0.9665141020353724,
        "r": 0.003027448738292486,
        "n_s_SR": 0.967248090052629,
        "r_SR": 0.0031007611396069727,
        "P_S_pivot": 7.07646987480949e-07,
        "P_T_pivot": 2.1423649794056776e-09
    },
    "spectrum_scan": [
        {
            "label": "k_minus",
            "k_code": 37.51872016400728,
            "P_S": 7.076472244297275e-07,
            "P_T": 2.1423649730081317e-09
        },
        {
            "label": "k_pivot",
            "k_code": 37.519095354960825,
            "P_S": 7.07646987480949e-07,
            "P_T": 2.1423649794056776e-09
        },
        {
            "label": "k_plus",
            "k_code": 37.51947054591438,
            "P_S": 7.076467505058309e-07,
            "P_T": 2.1423649830727165e-09
        }
    ]
}