{
    "metadata": {
        "run_id": "f5453f4f",
        "timestamp": "2026-03-22T22:11:14.421174",
        "description": "Batch automated calculation of ns and r from exact MS equations."
    },
    "model_parameters": {
        "name": "Higgs Inflation",
        "xi": 17000,
        "lambda": 0.13,
        "phi0": 6.0,
        "yi": -0.125,
        "S": 5e-05
    },
    "numerical_settings": {
        "delta_finite_difference": 1e-05,
        "k_start_factor": 100.0
    },
    "background_info": {
        "total_efolds": 74.12356304159519,
        "exit_N_simulation": 14.128805397005062
    },
    "observables": {
        "n_s": 0.9840177157044585,
        "r": 0.0030070731008178977,
        "P_S_pivot": 2.465914025586111e-09,
        "P_T_pivot": 7.415183735269571e-12
    },
    "spectrum_scan": [
        {
            "label": "k_minus",
            "k_code": 1.6550812150096734,
            "P_S": 2.4659144182124268e-09,
            "P_T": 7.415182536653445e-12
        },
        {
            "label": "k_pivot",
            "k_code": 1.6550977659873332,
            "P_S": 2.465914025586111e-09,
            "P_T": 7.415183735269571e-12
        },
        {
            "label": "k_plus",
            "k_code": 1.6551143169649931,
            "P_S": 2.4659136299936457e-09,
            "P_T": 7.415184929792643e-12
        }
    ]
}