{
    "metadata": {
        "run_id": "8dea1a04",
        "timestamp": "2026-03-23T01:02:40.657850",
        "description": "Batch automated calculation of ns and r from exact MS equations."
    },
    "model_parameters": {
        "name": "Higgs Inflation",
        "xi": 1000,
        "lambda": 0.13,
        "phi0": 5.5,
        "yi": -0.16842105263157897,
        "S": 5e-05
    },
    "numerical_settings": {
        "delta_finite_difference": 1e-05,
        "k_start_factor": 100.0
    },
    "background_info": {
        "total_efolds": 63.1446701460876,
        "exit_N_simulation": 3.086605844208419
    },
    "observables": {
        "n_s": 0.982253520602998,
        "r": 0.003024975436202701,
        "n_s_SR": 0.969023500875092,
        "r_SR": 0.003100068333925232,
        "P_S_pivot": 7.098831218092691e-07,
        "P_T_pivot": 2.147379006047929e-09
    },
    "spectrum_scan": [
        {
            "label": "k_minus",
            "k_code": 0.0004504911449214633,
            "P_S": 7.098832486249713e-07,
            "P_T": 2.1473788002017524e-09
        },
        {
            "label": "k_pivot",
            "k_code": 0.0004504956498779621,
            "P_S": 7.098831218092691e-07,
            "P_T": 2.147379006047929e-09
        },
        {
            "label": "k_plus",
            "k_code": 0.0004505001548344609,
            "P_S": 7.098829966664479e-07,
            "P_T": 2.1473792109301477e-09
        }
    ]
}