{
    "metadata": {
        "run_id": "d2f8aeb2",
        "timestamp": "2026-03-23T01:13:45.375964",
        "description": "Batch automated calculation of ns and r from exact MS equations."
    },
    "model_parameters": {
        "name": "Higgs Inflation",
        "xi": 1000,
        "lambda": 0.13,
        "phi0": 5.7368421052631575,
        "yi": -0.1105263157894737,
        "S": 5e-05
    },
    "numerical_settings": {
        "delta_finite_difference": 1e-05,
        "k_start_factor": 100.0
    },
    "background_info": {
        "total_efolds": 77.60744297714584,
        "exit_N_simulation": 17.509926613622575
    },
    "observables": {
        "n_s": 0.966874334235723,
        "r": 0.0030193175290215346,
        "n_s_SR": 0.9672934647477365,
        "r_SR": 0.0030923295103470107,
        "P_S_pivot": 7.095760839681552e-07,
        "P_T_pivot": 2.142435508499507e-09
    },
    "spectrum_scan": [
        {
            "label": "k_minus",
            "k_code": 827.2939466265857,
            "P_S": 7.095763197338725e-07,
            "P_T": 2.142435500719138e-09
        },
        {
            "label": "k_pivot",
            "k_code": 827.3022196487822,
            "P_S": 7.095760839681552e-07,
            "P_T": 2.142435508499507e-09
        },
        {
            "label": "k_plus",
            "k_code": 827.3104926709788,
            "P_S": 7.095758496302675e-07,
            "P_T": 2.142435517534281e-09
        }
    ]
}