{
    "metadata": {
        "run_id": "634e97bf",
        "timestamp": "2026-03-23T01:07:47.216518",
        "description": "Batch automated calculation of ns and r from exact MS equations."
    },
    "model_parameters": {
        "name": "Higgs Inflation",
        "xi": 1000,
        "lambda": 0.13,
        "phi0": 5.610526315789474,
        "yi": -0.15789473684210528,
        "S": 5e-05
    },
    "numerical_settings": {
        "delta_finite_difference": 1e-05,
        "k_start_factor": 100.0
    },
    "background_info": {
        "total_efolds": 69.36435960988689,
        "exit_N_simulation": 9.264400927888044
    },
    "observables": {
        "n_s": 0.9668215640911788,
        "r": 0.003018959003782863,
        "n_s_SR": 0.9672954671013945,
        "r_SR": 0.003091958623228685,
        "P_S_pivot": 7.096613833101407e-07,
        "P_T_pivot": 2.1424386227811507e-09
    },
    "spectrum_scan": [
        {
            "label": "k_minus",
            "k_code": 0.217107013405498,
            "P_S": 7.096616187823775e-07,
            "P_T": 2.1424386118984785e-09
        },
        {
            "label": "k_pivot",
            "k_code": 0.21710918449734298,
            "P_S": 7.096613833101407e-07,
            "P_T": 2.1424386227811507e-09
        },
        {
            "label": "k_plus",
            "k_code": 0.21711135558918798,
            "P_S": 7.096611478732833e-07,
            "P_T": 2.1424386302140365e-09
        }
    ]
}