{
    "metadata": {
        "run_id": "c1bfcf8b",
        "timestamp": "2026-03-23T01:08:37.997542",
        "description": "Batch automated calculation of ns and r from exact MS equations."
    },
    "model_parameters": {
        "name": "Higgs Inflation",
        "xi": 1000,
        "lambda": 0.13,
        "phi0": 5.626315789473684,
        "yi": -0.1368421052631579,
        "S": 5e-05
    },
    "numerical_settings": {
        "delta_finite_difference": 1e-05,
        "k_start_factor": 100.0
    },
    "background_info": {
        "total_efolds": 70.45570155100397,
        "exit_N_simulation": 10.294728762711559
    },
    "observables": {
        "n_s": 0.9673227015339095,
        "r": 0.0030098341595399506,
        "n_s_SR": 0.9673464581059131,
        "r_SR": 0.003082497788199709,
        "P_S_pivot": 7.118391967969006e-07,
        "P_T_pivot": 2.1425179306187926e-09
    },
    "spectrum_scan": [
        {
            "label": "k_minus",
            "k_code": 0.6083415758834987,
            "P_S": 7.118394288977409e-07,
            "P_T": 2.1425179136324096e-09
        },
        {
            "label": "k_pivot",
            "k_code": 0.6083476593600923,
            "P_S": 7.118391967969006e-07,
            "P_T": 2.1425179306187926e-09
        },
        {
            "label": "k_plus",
            "k_code": 0.6083537428366859,
            "P_S": 7.118389636781034e-07,
            "P_T": 2.1425179494269648e-09
        }
    ]
}