{
    "metadata": {
        "run_id": "1c9b3b06",
        "timestamp": "2026-03-23T01:14:59.225697",
        "description": "Batch automated calculation of ns and r from exact MS equations."
    },
    "model_parameters": {
        "name": "Higgs Inflation",
        "xi": 1000,
        "lambda": 0.13,
        "phi0": 5.768421052631579,
        "yi": -0.1368421052631579,
        "S": 5e-05
    },
    "numerical_settings": {
        "delta_finite_difference": 1e-05,
        "k_start_factor": 100.0
    },
    "background_info": {
        "total_efolds": 79.48605825522957,
        "exit_N_simulation": 19.571918634425572
    },
    "observables": {
        "n_s": 0.9658284851395612,
        "r": 0.0030450247982406107,
        "n_s_SR": 0.9671502033871734,
        "r_SR": 0.0031189862004638125,
        "P_S_pivot": 7.035124870564632e-07,
        "P_T_pivot": 2.142212968958857e-09
    },
    "spectrum_scan": [
        {
            "label": "k_minus",
            "k_code": 6503.531737019254,
            "P_S": 7.035127283258786e-07,
            "P_T": 2.1422129807561546e-09
        },
        {
            "label": "k_pivot",
            "k_code": 6503.5967729869835,
            "P_S": 7.035124870564632e-07,
            "P_T": 2.142212968958857e-09
        },
        {
            "label": "k_plus",
            "k_code": 6503.661808954714,
            "P_S": 7.035122475241298e-07,
            "P_T": 2.14221296261404e-09
        }
    ]
}