{
    "metadata": {
        "run_id": "cf16b2d1",
        "timestamp": "2026-03-23T01:02:30.242171",
        "description": "Batch automated calculation of ns and r from exact MS equations."
    },
    "model_parameters": {
        "name": "Higgs Inflation",
        "xi": 1000,
        "lambda": 0.13,
        "phi0": 5.5,
        "yi": -0.19473684210526318,
        "S": 5e-05
    },
    "numerical_settings": {
        "delta_finite_difference": 1e-05,
        "k_start_factor": 100.0
    },
    "background_info": {
        "total_efolds": 62.98705772915647,
        "exit_N_simulation": 3.086528889592131
    },
    "observables": {
        "n_s": 0.9826705432860477,
        "r": 0.0030468054042765143,
        "n_s_SR": 0.9692497890632965,
        "r_SR": 0.003123056660868034,
        "P_S_pivot": 7.047337264787215e-07,
        "P_T_pivot": 2.1471865264112955e-09
    },
    "spectrum_scan": [
        {
            "label": "k_minus",
            "k_code": 0.00045043683647753396,
            "P_S": 7.047338478324204e-07,
            "P_T": 2.1471863093740863e-09
        },
        {
            "label": "k_pivot",
            "k_code": 0.00045044134089094285,
            "P_S": 7.047337264787215e-07,
            "P_T": 2.1471865264112955e-09
        },
        {
            "label": "k_plus",
            "k_code": 0.0004504458453043518,
            "P_S": 7.047336035793694e-07,
            "P_T": 2.1471867420380347e-09
        }
    ]
}