{
    "metadata": {
        "run_id": "dfde5f14",
        "timestamp": "2026-03-22T22:44:39.942185",
        "description": "Batch automated calculation of ns and r from exact MS equations."
    },
    "model_parameters": {
        "name": "Higgs Inflation",
        "xi": 1000,
        "lambda": 0.13,
        "phi0": 5.875,
        "yi": -0.1,
        "S": 5e-05
    },
    "numerical_settings": {
        "delta_finite_difference": 1e-05,
        "k_start_factor": 100.0
    },
    "background_info": {
        "total_efolds": 87.1032022072454,
        "exit_N_simulation": 26.796983879141536
    },
    "observables": {
        "n_s": 0.9681129969220257,
        "r": 0.002986604912818711,
        "P_S_pivot": 7.17443592857878e-07,
        "P_T_pivot": 2.1427205590996456e-09
    },
    "spectrum_scan": [
        {
            "label": "k_minus",
            "k_code": 8933180.966512538,
            "P_S": 7.174438228082731e-07,
            "P_T": 2.142720532017631e-09
        },
        {
            "label": "k_pivot",
            "k_code": 8933270.299215531,
            "P_S": 7.17443592857878e-07,
            "P_T": 2.1427205590996456e-09
        },
        {
            "label": "k_plus",
            "k_code": 8933359.631918523,
            "P_S": 7.174433652657517e-07,
            "P_T": 2.142720593658345e-09
        }
    ]
}