{
    "metadata": {
        "run_id": "5ed34c1c",
        "timestamp": "2026-03-23T01:15:56.228712",
        "description": "Batch automated calculation of ns and r from exact MS equations."
    },
    "model_parameters": {
        "name": "Higgs Inflation",
        "xi": 1000,
        "lambda": 0.13,
        "phi0": 5.784210526315789,
        "yi": -0.1,
        "S": 5e-05
    },
    "numerical_settings": {
        "delta_finite_difference": 1e-05,
        "k_start_factor": 100.0
    },
    "background_info": {
        "total_efolds": 80.80270364626197,
        "exit_N_simulation": 20.60464616440848
    },
    "observables": {
        "n_s": 0.9674662408454158,
        "r": 0.0030041183221084225,
        "n_s_SR": 0.9673784357218631,
        "r_SR": 0.0030765705600754555,
        "P_S_pivot": 7.132101540000531e-07,
        "P_T_pivot": 2.1425676911453294e-09
    },
    "spectrum_scan": [
        {
            "label": "k_minus",
            "k_code": 18268.072317419726,
            "P_S": 7.132103871655199e-07,
            "P_T": 2.1425676710760856e-09
        },
        {
            "label": "k_pivot",
            "k_code": 18268.254999969726,
            "P_S": 7.132101540000531e-07,
            "P_T": 2.1425676911453294e-09
        },
        {
            "label": "k_plus",
            "k_code": 18268.437682519725,
            "P_S": 7.13209923097372e-07,
            "P_T": 2.1425677115893745e-09
        }
    ]
}