{
    "metadata": {
        "run_id": "cdc4c950",
        "timestamp": "2026-03-23T02:11:16.837664",
        "description": "Batch automated calculation of ns and r from exact MS equations."
    },
    "model_parameters": {
        "name": "Higgs Inflation",
        "xi": 1000,
        "lambda": 0.13,
        "phi0": 5.55,
        "yi": -0.2,
        "S": 5e-05
    },
    "numerical_settings": {
        "delta_finite_difference": 1e-05,
        "k_start_factor": 100.0
    },
    "background_info": {
        "total_efolds": 65.3404613542925,
        "exit_N_simulation": 5.351269475241501
    },
    "observables": {
        "n_s": 0.9580620673181292,
        "r": 0.003009184402037846,
        "n_s_SR": 0.9673523879935841,
        "r_SR": 0.003081845581258003,
        "P_S_pivot": 7.121081398689737e-07,
        "P_T_pivot": 2.1428647070579004e-09
    },
    "spectrum_scan": [
        {
            "label": "k_minus",
            "k_code": 0.004337414820748584,
            "P_S": 7.121085017936931e-07,
            "P_T": 2.142865087778845e-09
        },
        {
            "label": "k_pivot",
            "k_code": 0.004337458195330537,
            "P_S": 7.121081398689737e-07,
            "P_T": 2.1428647070579004e-09
        },
        {
            "label": "k_plus",
            "k_code": 0.004337501569912491,
            "P_S": 7.121079045067754e-07,
            "P_T": 2.142864706659379e-09
        }
    ]
}