{
    "metadata": {
        "run_id": "47527f0b",
        "timestamp": "2026-03-23T01:08:02.028230",
        "description": "Batch automated calculation of ns and r from exact MS equations."
    },
    "model_parameters": {
        "name": "Higgs Inflation",
        "xi": 1000,
        "lambda": 0.13,
        "phi0": 5.610526315789474,
        "yi": -0.12105263157894738,
        "S": 5e-05
    },
    "numerical_settings": {
        "delta_finite_difference": 1e-05,
        "k_start_factor": 100.0
    },
    "background_info": {
        "total_efolds": 69.57508574777474,
        "exit_N_simulation": 9.264877662734365
    },
    "observables": {
        "n_s": 0.9680802451616244,
        "r": 0.002985932563268301,
        "n_s_SR": 0.9674803688374213,
        "r_SR": 0.0030577186012682982,
        "P_S_pivot": 7.17607115620282e-07,
        "P_T_pivot": 2.1427264541636407e-09
    },
    "spectrum_scan": [
        {
            "label": "k_minus",
            "k_code": 0.21722496437494382,
            "P_S": 7.176073447418556e-07,
            "P_T": 2.1427264212158363e-09
        },
        {
            "label": "k_pivot",
            "k_code": 0.21722713664631027,
            "P_S": 7.17607115620282e-07,
            "P_T": 2.1427264541636407e-09
        },
        {
            "label": "k_plus",
            "k_code": 0.21722930891767675,
            "P_S": 7.176068866249918e-07,
            "P_T": 2.1427264835119505e-09
        }
    ]
}