{
    "metadata": {
        "run_id": "1860009a",
        "timestamp": "2026-03-23T02:12:35.281745",
        "description": "Batch automated calculation of ns and r from exact MS equations."
    },
    "model_parameters": {
        "name": "Higgs Inflation",
        "xi": 1000,
        "lambda": 0.13,
        "phi0": 5.6,
        "yi": -0.17142857142857143,
        "S": 5e-05
    },
    "numerical_settings": {
        "delta_finite_difference": 1e-05,
        "k_start_factor": 100.0
    },
    "background_info": {
        "total_efolds": 68.42276791840482,
        "exit_N_simulation": 8.440502312099055
    },
    "observables": {
        "n_s": 0.9542015410205333,
        "r": 0.0030104602170814166,
        "n_s_SR": 0.9673428548672162,
        "r_SR": 0.00308316587273476,
        "P_S_pivot": 7.118028243834018e-07,
        "P_T_pivot": 2.1428540852124214e-09
    },
    "spectrum_scan": [
        {
            "label": "k_minus",
            "k_code": 0.09525035890446754,
            "P_S": 7.118031219402688e-07,
            "P_T": 2.1428542755328044e-09
        },
        {
            "label": "k_pivot",
            "k_code": 0.09525131141758171,
            "P_S": 7.118028243834018e-07,
            "P_T": 2.1428540852124214e-09
        },
        {
            "label": "k_plus",
            "k_code": 0.0952522639306959,
            "P_S": 7.118024699508453e-07,
            "P_T": 2.142853727472741e-09
        }
    ]
}