{
    "metadata": {
        "run_id": "a29e7052",
        "timestamp": "2026-03-22T22:10:53.920938",
        "description": "Batch automated calculation of ns and r from exact MS equations."
    },
    "model_parameters": {
        "name": "Higgs Inflation",
        "xi": 17000,
        "lambda": 0.13,
        "phi0": 6.0,
        "yi": -0.19999999999999996,
        "S": 5e-05
    },
    "numerical_settings": {
        "delta_finite_difference": 1e-05,
        "k_start_factor": 100.0
    },
    "background_info": {
        "total_efolds": 63.756369554407534,
        "exit_N_simulation": 3.7264627113279856
    },
    "observables": {
        "n_s": 0.8931674550616308,
        "r": 0.0030085956906938,
        "P_S_pivot": 2.4653639461194826e-09,
        "P_T_pivot": 7.417283344286937e-12
    },
    "spectrum_scan": [
        {
            "label": "k_minus",
            "k_code": 5.025048991089465e-05,
            "P_S": 2.465366579263551e-09,
            "P_T": 7.417281035630326e-12
        },
        {
            "label": "k_pivot",
            "k_code": 5.025099242081886e-05,
            "P_S": 2.4653639461194826e-09,
            "P_T": 7.417283344286937e-12
        },
        {
            "label": "k_plus",
            "k_code": 5.025149493074307e-05,
            "P_S": 2.465361311641462e-09,
            "P_T": 7.417285648188901e-12
        }
    ]
}