{
    "metadata": {
        "run_id": "774f52f4",
        "timestamp": "2026-03-23T02:07:56.039674",
        "description": "Batch automated calculation of ns and r from exact MS equations."
    },
    "model_parameters": {
        "name": "Higgs Inflation",
        "xi": 1000,
        "lambda": 0.13,
        "phi0": 5.5625,
        "yi": -0.125,
        "S": 5e-05
    },
    "numerical_settings": {
        "delta_finite_difference": 1e-05,
        "k_start_factor": 100.0
    },
    "background_info": {
        "total_efolds": 66.7426106173233,
        "exit_N_simulation": 6.792539991071555
    },
    "observables": {
        "n_s": 0.957789797379141,
        "r": 0.003016298426639224,
        "n_s_SR": 0.9673102415698067,
        "r_SR": 0.003089219152931634,
        "P_S_pivot": 7.104086046856031e-07,
        "P_T_pivot": 2.142804356584151e-09
    },
    "spectrum_scan": [
        {
            "label": "k_minus",
            "k_code": 0.018329920849115913,
            "P_S": 7.104089049170437e-07,
            "P_T": 2.142804554339273e-09
        },
        {
            "label": "k_pivot",
            "k_code": 0.018330104150157414,
            "P_S": 7.104086046856031e-07,
            "P_T": 2.142804356584151e-09
        },
        {
            "label": "k_plus",
            "k_code": 0.018330287451198916,
            "P_S": 7.104083051872203e-07,
            "P_T": 2.142804162850774e-09
        }
    ]
}