{
    "metadata": {
        "run_id": "e1af120b",
        "timestamp": "2026-03-23T02:12:33.374613",
        "description": "Batch automated calculation of ns and r from exact MS equations."
    },
    "model_parameters": {
        "name": "Higgs Inflation",
        "xi": 1000,
        "lambda": 0.13,
        "phi0": 5.6,
        "yi": -0.19285714285714287,
        "S": 5e-05
    },
    "numerical_settings": {
        "delta_finite_difference": 1e-05,
        "k_start_factor": 100.0
    },
    "background_info": {
        "total_efolds": 68.22078567899572,
        "exit_N_simulation": 8.234554142416712
    },
    "observables": {
        "n_s": 0.9580079590456445,
        "r": 0.003009730581593884,
        "n_s_SR": 0.9673469351946341,
        "r_SR": 0.0030824093791666537,
        "P_S_pivot": 7.119774481562164e-07,
        "P_T_pivot": 2.142860299120939e-09
    },
    "spectrum_scan": [
        {
            "label": "k_minus",
            "k_code": 0.07752202406697487,
            "P_S": 7.119777483151529e-07,
            "P_T": 2.1428604931374684e-09
        },
        {
            "label": "k_pivot",
            "k_code": 0.07752279929496782,
            "P_S": 7.119774481562164e-07,
            "P_T": 2.142860299120939e-09
        },
        {
            "label": "k_plus",
            "k_code": 0.07752357452296077,
            "P_S": 7.11977150367429e-07,
            "P_T": 2.142860111662288e-09
        }
    ]
}