{
    "metadata": {
        "run_id": "f1c58def",
        "timestamp": "2026-03-23T01:14:00.137798",
        "description": "Batch automated calculation of ns and r from exact MS equations."
    },
    "model_parameters": {
        "name": "Higgs Inflation",
        "xi": 1000,
        "lambda": 0.13,
        "phi0": 5.752631578947368,
        "yi": -0.17894736842105263,
        "S": 5e-05
    },
    "numerical_settings": {
        "delta_finite_difference": 1e-05,
        "k_start_factor": 100.0
    },
    "background_info": {
        "total_efolds": 77.79914149290222,
        "exit_N_simulation": 17.51084967596944
    },
    "observables": {
        "n_s": 0.9679054757189802,
        "r": 0.0029896015459942456,
        "n_s_SR": 0.9674597803617042,
        "r_SR": 0.003061521134935763,
        "P_S_pivot": 7.167157028825074e-07,
        "P_T_pivot": 2.1426943733758965e-09
    },
    "spectrum_scan": [
        {
            "label": "k_minus",
            "k_code": 828.1074018864748,
            "P_S": 7.167159330539192e-07,
            "P_T": 2.1426943471469634e-09
        },
        {
            "label": "k_pivot",
            "k_code": 828.1156830433052,
            "P_S": 7.167157028825074e-07,
            "P_T": 2.1426943733758965e-09
        },
        {
            "label": "k_plus",
            "k_code": 828.1239642001357,
            "P_S": 7.167154730009282e-07,
            "P_T": 2.1426944017974688e-09
        }
    ]
}