{
    "metadata": {
        "run_id": "ba9a9e1a",
        "timestamp": "2026-03-23T02:10:21.245284",
        "description": "Batch automated calculation of ns and r from exact MS equations."
    },
    "model_parameters": {
        "name": "Higgs Inflation",
        "xi": 1000,
        "lambda": 0.13,
        "phi0": 5.507142857142857,
        "yi": -0.17142857142857143,
        "S": 5e-05
    },
    "numerical_settings": {
        "delta_finite_difference": 1e-05,
        "k_start_factor": 100.0
    },
    "background_info": {
        "total_efolds": 63.273397008826976,
        "exit_N_simulation": 3.2925234897889286
    },
    "observables": {
        "n_s": 0.9977843079257557,
        "r": 0.003010859225783633,
        "n_s_SR": 0.968314363333156,
        "r_SR": 0.0030844206278803307,
        "P_S_pivot": 7.108862770497748e-07,
        "P_T_pivot": 2.140378505738294e-09
    },
    "spectrum_scan": [
        {
            "label": "k_minus",
            "k_code": 0.0005535127273436769,
            "P_S": 7.108862935105733e-07,
            "P_T": 2.14037781265821e-09
        },
        {
            "label": "k_pivot",
            "k_code": 0.0005535182625263022,
            "P_S": 7.108862770497748e-07,
            "P_T": 2.140378505738294e-09
        },
        {
            "label": "k_plus",
            "k_code": 0.0005535237977089274,
            "P_S": 7.108862620084719e-07,
            "P_T": 2.1403792028092106e-09
        }
    ]
}