{
    "metadata": {
        "run_id": "b51d5684",
        "timestamp": "2026-03-23T01:12:54.482331",
        "description": "Batch automated calculation of ns and r from exact MS equations."
    },
    "model_parameters": {
        "name": "Higgs Inflation",
        "xi": 1000,
        "lambda": 0.13,
        "phi0": 5.721052631578948,
        "yi": -0.13157894736842107,
        "S": 5e-05
    },
    "numerical_settings": {
        "delta_finite_difference": 1e-05,
        "k_start_factor": 100.0
    },
    "background_info": {
        "total_efolds": 76.4357281393024,
        "exit_N_simulation": 16.478265058440595
    },
    "observables": {
        "n_s": 0.96593492701709,
        "r": 0.0030391408601345253,
        "n_s_SR": 0.9671829437775935,
        "r_SR": 0.0031128851814639425,
        "P_S_pivot": 7.048912478602012e-07,
        "P_T_pivot": 2.1422637933231507e-09
    },
    "spectrum_scan": [
        {
            "label": "k_minus",
            "k_code": 294.84766430899276,
            "P_S": 7.048914871579938e-07,
            "P_T": 2.142263800568143e-09
        },
        {
            "label": "k_pivot",
            "k_code": 294.8506128151209,
            "P_S": 7.048912478602012e-07,
            "P_T": 2.1422637933231507e-09
        },
        {
            "label": "k_plus",
            "k_code": 294.85356132124906,
            "P_S": 7.04891006914558e-07,
            "P_T": 2.1422637842312616e-09
        }
    ]
}