{
    "metadata": {
        "run_id": "8bd0a994",
        "timestamp": "2026-03-23T02:02:50.409767",
        "description": "Batch automated calculation of ns and r from exact MS equations."
    },
    "model_parameters": {
        "name": "Higgs Inflation",
        "xi": 1000,
        "lambda": 0.13,
        "phi0": 5.466666666666667,
        "yi": -0.15555555555555556,
        "S": 5e-05
    },
    "numerical_settings": {
        "delta_finite_difference": 1e-05,
        "k_start_factor": 100.0
    },
    "background_info": {
        "total_efolds": 61.34505002782154,
        "exit_N_simulation": 1.0288504847106292
    },
    "observables": {
        "n_s": 0.9322709543426821,
        "r": 0.0029808470820732237,
        "n_s_SR": 1.6628308909868086,
        "r_SR": 0.0038999036637049423,
        "P_S_pivot": 8.121806285614294e-07,
        "P_T_pivot": 2.4209862567637334e-09
    },
    "spectrum_scan": [
        {
            "label": "k_minus",
            "k_code": 5.7551528434905444e-05,
            "P_S": 8.121811784255517e-07,
            "P_T": 2.420987633221694e-09
        },
        {
            "label": "k_pivot",
            "k_code": 5.7552103955945e-05,
            "P_S": 8.121806285614294e-07,
            "P_T": 2.4209862567637334e-09
        },
        {
            "label": "k_plus",
            "k_code": 5.7552679476984566e-05,
            "P_S": 8.121800782611738e-07,
            "P_T": 2.4209848794926656e-09
        }
    ]
}