{
    "metadata": {
        "run_id": "7fffbec1",
        "timestamp": "2026-03-22T23:39:50.628059",
        "description": "Batch automated calculation of ns and r from exact MS equations."
    },
    "model_parameters": {
        "name": "Higgs Inflation",
        "xi": 1000,
        "lambda": 0.13,
        "phi0": 5.75,
        "yi": -0.1,
        "S": 5e-05
    },
    "numerical_settings": {
        "delta_finite_difference": 1e-05,
        "k_start_factor": 100.0
    },
    "background_info": {
        "total_efolds": 78.59851649752302,
        "exit_N_simulation": 18.541046026946184
    },
    "observables": {
        "n_s": 0.9664640805380637,
        "r": 0.003025128209607626,
        "P_S_pivot": 7.081964618684658e-07,
        "P_T_pivot": 2.1423850947426073e-09
    },
    "spectrum_scan": [
        {
            "label": "k_minus",
            "k_code": 2319.873267728125,
            "P_S": 7.081966984295612e-07,
            "P_T": 2.1423850909300558e-09
        },
        {
            "label": "k_pivot",
            "k_code": 2319.896466692792,
            "P_S": 7.081964618684658e-07,
            "P_T": 2.1423850947426073e-09
        },
        {
            "label": "k_plus",
            "k_code": 2319.919665657459,
            "P_S": 7.081962234291711e-07,
            "P_T": 2.1423850975998016e-09
        }
    ]
}