{
    "metadata": {
        "run_id": "b6e2339a",
        "timestamp": "2026-03-23T01:04:34.558682",
        "description": "Batch automated calculation of ns and r from exact MS equations."
    },
    "model_parameters": {
        "name": "Higgs Inflation",
        "xi": 1000,
        "lambda": 0.13,
        "phi0": 5.531578947368421,
        "yi": -0.1,
        "S": 5e-05
    },
    "numerical_settings": {
        "delta_finite_difference": 1e-05,
        "k_start_factor": 100.0
    },
    "background_info": {
        "total_efolds": 65.35860547343306,
        "exit_N_simulation": 5.145270251934242
    },
    "observables": {
        "n_s": 0.9675620801833269,
        "r": 0.0030017232333860943,
        "n_s_SR": 0.9673935667797744,
        "r_SR": 0.0030740904559354533,
        "P_S_pivot": 7.137861818281697e-07,
        "P_T_pivot": 2.1425885656635683e-09
    },
    "spectrum_scan": [
        {
            "label": "k_minus",
            "k_code": 0.003529987446509267,
            "P_S": 7.137864146450273e-07,
            "P_T": 2.142588547315278e-09
        },
        {
            "label": "k_pivot",
            "k_code": 0.0035300227467367344,
            "P_S": 7.137861818281697e-07,
            "P_T": 2.1425885656635683e-09
        },
        {
            "label": "k_plus",
            "k_code": 0.003530058046964202,
            "P_S": 7.137859515702477e-07,
            "P_T": 2.142588589810241e-09
        }
    ]
}