{
    "metadata": {
        "run_id": "43fb5c52",
        "timestamp": "2026-03-23T02:12:08.581925",
        "description": "Batch automated calculation of ns and r from exact MS equations."
    },
    "model_parameters": {
        "name": "Higgs Inflation",
        "xi": 1000,
        "lambda": 0.13,
        "phi0": 5.578571428571428,
        "yi": -0.12857142857142856,
        "S": 5e-05
    },
    "numerical_settings": {
        "delta_finite_difference": 1e-05,
        "k_start_factor": 100.0
    },
    "background_info": {
        "total_efolds": 67.59447916027328,
        "exit_N_simulation": 7.61646144187698
    },
    "observables": {
        "n_s": 0.9527469433338299,
        "r": 0.0030112391415459943,
        "n_s_SR": 0.9673385011115802,
        "r_SR": 0.0030839735369506556,
        "P_S_pivot": 7.116164945813351e-07,
        "P_T_pivot": 2.1428474422530692e-09
    },
    "spectrum_scan": [
        {
            "label": "k_minus",
            "k_code": 0.041782030211916184,
            "P_S": 7.116167944498519e-07,
            "P_T": 2.142847637694466e-09
        },
        {
            "label": "k_pivot",
            "k_code": 0.041782448036396545,
            "P_S": 7.116164945813351e-07,
            "P_T": 2.1428474422530692e-09
        },
        {
            "label": "k_plus",
            "k_code": 0.041782865860876914,
            "P_S": 7.116161219287947e-07,
            "P_T": 2.1428470281115666e-09
        }
    ]
}