{
    "metadata": {
        "run_id": "d8ba0321",
        "timestamp": "2026-03-23T02:07:55.424050",
        "description": "Batch automated calculation of ns and r from exact MS equations."
    },
    "model_parameters": {
        "name": "Higgs Inflation",
        "xi": 1000,
        "lambda": 0.13,
        "phi0": 5.5625,
        "yi": -0.15000000000000002,
        "S": 5e-05
    },
    "numerical_settings": {
        "delta_finite_difference": 1e-05,
        "k_start_factor": 100.0
    },
    "background_info": {
        "total_efolds": 66.5259378842885,
        "exit_N_simulation": 6.58661216931113
    },
    "observables": {
        "n_s": 0.9578445660141479,
        "r": 0.0030182141158833897,
        "n_s_SR": 0.9672995644731422,
        "r_SR": 0.0030912054213819108,
        "P_S_pivot": 7.099523003032208e-07,
        "P_T_pivot": 2.1427880543790644e-09
    },
    "spectrum_scan": [
        {
            "label": "k_minus",
            "k_code": 0.014918515307879158,
            "P_S": 7.09952599232724e-07,
            "P_T": 2.1427882470416717e-09
        },
        {
            "label": "k_pivot",
            "k_code": 0.014918664494524102,
            "P_S": 7.099523003032208e-07,
            "P_T": 2.1427880543790644e-09
        },
        {
            "label": "k_plus",
            "k_code": 0.014918813681169048,
            "P_S": 7.099520006657775e-07,
            "P_T": 2.1427878564058094e-09
        }
    ]
}