{
    "metadata": {
        "run_id": "e5c6b250",
        "timestamp": "2026-03-23T01:10:41.436089",
        "description": "Batch automated calculation of ns and r from exact MS equations."
    },
    "model_parameters": {
        "name": "Higgs Inflation",
        "xi": 1000,
        "lambda": 0.13,
        "phi0": 5.673684210526316,
        "yi": -0.1473684210526316,
        "S": 5e-05
    },
    "numerical_settings": {
        "delta_finite_difference": 1e-05,
        "k_start_factor": 100.0
    },
    "background_info": {
        "total_efolds": 73.31786554302586,
        "exit_N_simulation": 13.385554238531112
    },
    "observables": {
        "n_s": 0.9660430892066459,
        "r": 0.003042568847776407,
        "n_s_SR": 0.9671638657283768,
        "r_SR": 0.0031164400584839254,
        "P_S_pivot": 7.04087330128967e-07,
        "P_T_pivot": 2.1422341767644578e-09
    },
    "spectrum_scan": [
        {
            "label": "k_minus",
            "k_code": 13.379733831306377,
            "P_S": 7.040875681223016e-07,
            "P_T": 2.1422341835526563e-09
        },
        {
            "label": "k_pivot",
            "k_code": 13.379867629982675,
            "P_S": 7.04087330128967e-07,
            "P_T": 2.1422341767644578e-09
        },
        {
            "label": "k_plus",
            "k_code": 13.380001428658975,
            "P_S": 7.040870899496898e-07,
            "P_T": 2.142234169756139e-09
        }
    ]
}