{
    "metadata": {
        "run_id": "9d9e7850",
        "timestamp": "2026-03-23T01:10:26.595016",
        "description": "Batch automated calculation of ns and r from exact MS equations."
    },
    "model_parameters": {
        "name": "Higgs Inflation",
        "xi": 1000,
        "lambda": 0.13,
        "phi0": 5.673684210526316,
        "yi": -0.1842105263157895,
        "S": 5e-05
    },
    "numerical_settings": {
        "delta_finite_difference": 1e-05,
        "k_start_factor": 100.0
    },
    "background_info": {
        "total_efolds": 72.70909533790679,
        "exit_N_simulation": 12.356334147393857
    },
    "observables": {
        "n_s": 0.968430920117705,
        "r": 0.002978633599858277,
        "n_s_SR": 0.9675213621229607,
        "r_SR": 0.0030501519542743324,
        "P_S_pivot": 7.193870228516435e-07,
        "P_T_pivot": 2.1427903575679196e-09
    },
    "spectrum_scan": [
        {
            "label": "k_minus",
            "k_code": 4.780998654058261,
            "P_S": 7.193872504144295e-07,
            "P_T": 2.1427903212457046e-09
        },
        {
            "label": "k_pivot",
            "k_code": 4.781046464522906,
            "P_S": 7.193870228516435e-07,
            "P_T": 2.1427903575679196e-09
        },
        {
            "label": "k_plus",
            "k_code": 4.781094274987552,
            "P_S": 7.193867962067018e-07,
            "P_T": 2.142790396535336e-09
        }
    ]
}