{
    "metadata": {
        "run_id": "b17cd5b6",
        "timestamp": "2026-03-23T01:14:46.473378",
        "description": "Batch automated calculation of ns and r from exact MS equations."
    },
    "model_parameters": {
        "name": "Higgs Inflation",
        "xi": 1000,
        "lambda": 0.13,
        "phi0": 5.768421052631579,
        "yi": -0.16842105263157897,
        "S": 5e-05
    },
    "numerical_settings": {
        "delta_finite_difference": 1e-05,
        "k_start_factor": 100.0
    },
    "background_info": {
        "total_efolds": 78.89592421272705,
        "exit_N_simulation": 18.542487150689517
    },
    "observables": {
        "n_s": 0.9683230644381182,
        "r": 0.0029785157354056935,
        "n_s_SR": 0.9675220243842211,
        "r_SR": 0.003050029215581926,
        "P_S_pivot": 7.194158371615671e-07,
        "P_T_pivot": 2.1427913912857877e-09
    },
    "spectrum_scan": [
        {
            "label": "k_minus",
            "k_code": 2323.4366640900853,
            "P_S": 7.194160653003054e-07,
            "P_T": 2.1427913549529584e-09
        },
        {
            "label": "k_pivot",
            "k_code": 2323.459898689072,
            "P_S": 7.194158371615671e-07,
            "P_T": 2.1427913912857877e-09
        },
        {
            "label": "k_plus",
            "k_code": 2323.483133288059,
            "P_S": 7.194156095225229e-07,
            "P_T": 2.1427914287849058e-09
        }
    ]
}