{
    "metadata": {
        "run_id": "411b8650",
        "timestamp": "2026-03-23T01:11:57.363447",
        "description": "Batch automated calculation of ns and r from exact MS equations."
    },
    "model_parameters": {
        "name": "Higgs Inflation",
        "xi": 1000,
        "lambda": 0.13,
        "phi0": 5.705263157894737,
        "yi": -0.16842105263157897,
        "S": 5e-05
    },
    "numerical_settings": {
        "delta_finite_difference": 1e-05,
        "k_start_factor": 100.0
    },
    "background_info": {
        "total_efolds": 74.79881989216284,
        "exit_N_simulation": 14.41795656965709
    },
    "observables": {
        "n_s": 0.9684906256911711,
        "r": 0.002973679692735225,
        "n_s_SR": 0.967549211991458,
        "r_SR": 0.003045016882106856,
        "P_S_pivot": 7.206000697459655e-07,
        "P_T_pivot": 2.1428337939871643e-09
    },
    "spectrum_scan": [
        {
            "label": "k_minus",
            "k_code": 37.57285595834903,
            "P_S": 7.206002968772743e-07,
            "P_T": 2.1428337576858703e-09
        },
        {
            "label": "k_pivot",
            "k_code": 37.573231690665935,
            "P_S": 7.206000697459655e-07,
            "P_T": 2.1428337939871643e-09
        },
        {
            "label": "k_plus",
            "k_code": 37.573607422982846,
            "P_S": 7.205998427641285e-07,
            "P_T": 2.142833833378898e-09
        }
    ]
}