{
    "metadata": {
        "run_id": "5bb0c08d",
        "timestamp": "2026-03-23T01:15:26.558713",
        "description": "Batch automated calculation of ns and r from exact MS equations."
    },
    "model_parameters": {
        "name": "Higgs Inflation",
        "xi": 1000,
        "lambda": 0.13,
        "phi0": 5.784210526315789,
        "yi": -0.1736842105263158,
        "S": 5e-05
    },
    "numerical_settings": {
        "delta_finite_difference": 1e-05,
        "k_start_factor": 100.0
    },
    "background_info": {
        "total_efolds": 79.90744808905552,
        "exit_N_simulation": 19.57386316422358
    },
    "observables": {
        "n_s": 0.9683418610468312,
        "r": 0.00298195219817106,
        "n_s_SR": 0.9675027178614355,
        "r_SR": 0.0030535913367474767,
        "P_S_pivot": 7.185766726221915e-07,
        "P_T_pivot": 2.14276128848019e-09
    },
    "spectrum_scan": [
        {
            "label": "k_minus",
            "k_code": 6517.015262831784,
            "P_S": 7.18576899827095e-07,
            "P_T": 2.1427612551757077e-09
        },
        {
            "label": "k_pivot",
            "k_code": 6517.08043363612,
            "P_S": 7.185766726221915e-07,
            "P_T": 2.14276128848019e-09
        },
        {
            "label": "k_plus",
            "k_code": 6517.145604440457,
            "P_S": 7.185764448510921e-07,
            "P_T": 2.14276132530212e-09
        }
    ]
}