{
    "metadata": {
        "run_id": "e6c46850",
        "timestamp": "2026-03-23T02:07:47.072699",
        "description": "Batch automated calculation of ns and r from exact MS equations."
    },
    "model_parameters": {
        "name": "Higgs Inflation",
        "xi": 1000,
        "lambda": 0.13,
        "phi0": 5.45,
        "yi": -0.125,
        "S": 5e-05
    },
    "numerical_settings": {
        "delta_finite_difference": 1e-05,
        "k_start_factor": 100.0
    },
    "background_info": {
        "total_efolds": 60.734718613162364,
        "exit_N_simulation": 0.8229803885328462
    },
    "observables": {
        "n_s": 1.525206956032301,
        "r": 0.003033869990739621,
        "n_s_SR": 1.8730201059730571,
        "r_SR": 0.004279211356242437,
        "P_S_pivot": 7.591432544251478e-07,
        "P_T_pivot": 2.3031419382728687e-09
    },
    "spectrum_scan": [
        {
            "label": "k_minus",
            "k_code": 4.6840139089503795e-05,
            "P_S": 7.591392667143369e-07,
            "P_T": 2.3031297647554546e-09
        },
        {
            "label": "k_pivot",
            "k_code": 4.684060749557875e-05,
            "P_S": 7.591432544251478e-07,
            "P_T": 2.3031419382728687e-09
        },
        {
            "label": "k_plus",
            "k_code": 4.684107590165371e-05,
            "P_S": 7.591472408606873e-07,
            "P_T": 2.3031541110158578e-09
        }
    ]
}