{
    "metadata": {
        "run_id": "9e94853b",
        "timestamp": "2026-03-23T01:06:09.243324",
        "description": "Batch automated calculation of ns and r from exact MS equations."
    },
    "model_parameters": {
        "name": "Higgs Inflation",
        "xi": 1000,
        "lambda": 0.13,
        "phi0": 5.578947368421052,
        "yi": -0.18947368421052632,
        "S": 5e-05
    },
    "numerical_settings": {
        "delta_finite_difference": 1e-05,
        "k_start_factor": 100.0
    },
    "background_info": {
        "total_efolds": 67.27634517287146,
        "exit_N_simulation": 7.204474977434269
    },
    "observables": {
        "n_s": 0.969162177839061,
        "r": 0.003023053271524864,
        "n_s_SR": 0.967272619502635,
        "r_SR": 0.0030962038552588603,
        "P_S_pivot": 7.086885002819807e-07,
        "P_T_pivot": 2.1424030892694914e-09
    },
    "spectrum_scan": [
        {
            "label": "k_minus",
            "k_code": 0.027672972749422226,
            "P_S": 7.086887020977868e-07,
            "P_T": 2.14240297692706e-09
        },
        {
            "label": "k_pivot",
            "k_code": 0.027673249481917045,
            "P_S": 7.086885002819807e-07,
            "P_T": 2.1424030892694914e-09
        },
        {
            "label": "k_plus",
            "k_code": 0.027673526214411867,
            "P_S": 7.086882650095979e-07,
            "P_T": 2.142403093986583e-09
        }
    ]
}