{
    "metadata": {
        "run_id": "a3e10088",
        "timestamp": "2026-03-23T01:03:53.129715",
        "description": "Batch automated calculation of ns and r from exact MS equations."
    },
    "model_parameters": {
        "name": "Higgs Inflation",
        "xi": 1000,
        "lambda": 0.13,
        "phi0": 5.531578947368421,
        "yi": -0.2,
        "S": 5e-05
    },
    "numerical_settings": {
        "delta_finite_difference": 1e-05,
        "k_start_factor": 100.0
    },
    "background_info": {
        "total_efolds": 64.4173212475133,
        "exit_N_simulation": 4.116144123107858
    },
    "observables": {
        "n_s": 0.9683268298691218,
        "r": 0.002987444069018806,
        "n_s_SR": 0.9675712651469325,
        "r_SR": 0.0030593936396903047,
        "P_S_pivot": 7.172397926466963e-07,
        "P_T_pivot": 2.1427137646066513e-09
    },
    "spectrum_scan": [
        {
            "label": "k_minus",
            "k_code": 0.0012613680917940482,
            "P_S": 7.172400193617734e-07,
            "P_T": 2.1427137273639162e-09
        },
        {
            "label": "k_pivot",
            "k_code": 0.0012613807056011041,
            "P_S": 7.172397926466963e-07,
            "P_T": 2.1427137646066513e-09
        },
        {
            "label": "k_plus",
            "k_code": 0.0012613933194081603,
            "P_S": 7.17239565016614e-07,
            "P_T": 2.142713799615588e-09
        }
    ]
}