{
    "metadata": {
        "run_id": "94ee09e4",
        "timestamp": "2026-03-23T02:04:43.144396",
        "description": "Batch automated calculation of ns and r from exact MS equations."
    },
    "model_parameters": {
        "name": "Higgs Inflation",
        "xi": 1000,
        "lambda": 0.13,
        "phi0": 5.5777777777777775,
        "yi": -0.13333333333333336,
        "S": 5e-05
    },
    "numerical_settings": {
        "delta_finite_difference": 1e-05,
        "k_start_factor": 100.0
    },
    "background_info": {
        "total_efolds": 67.54689662474631,
        "exit_N_simulation": 7.204928519593345
    },
    "observables": {
        "n_s": 0.9683927053526696,
        "r": 0.002980507467470131,
        "n_s_SR": 0.9675108389713254,
        "r_SR": 0.0030520948747617244,
        "P_S_pivot": 7.189292327613412e-07,
        "P_T_pivot": 2.1427739468277496e-09
    },
    "spectrum_scan": [
        {
            "label": "k_minus",
            "k_code": 0.027687895097850735,
            "P_S": 7.189294595592326e-07,
            "P_T": 2.1427739063277804e-09
        },
        {
            "label": "k_pivot",
            "k_code": 0.02768817197957053,
            "P_S": 7.189292327613412e-07,
            "P_T": 2.1427739468277496e-09
        },
        {
            "label": "k_plus",
            "k_code": 0.027688448861290328,
            "P_S": 7.189290050910704e-07,
            "P_T": 2.1427739801800917e-09
        }
    ]
}