{
    "metadata": {
        "run_id": "15b6e29b",
        "timestamp": "2026-03-23T02:12:33.973290",
        "description": "Batch automated calculation of ns and r from exact MS equations."
    },
    "model_parameters": {
        "name": "Higgs Inflation",
        "xi": 1000,
        "lambda": 0.13,
        "phi0": 5.6,
        "yi": -0.18571428571428572,
        "S": 5e-05
    },
    "numerical_settings": {
        "delta_finite_difference": 1e-05,
        "k_start_factor": 100.0
    },
    "background_info": {
        "total_efolds": 68.3513841982901,
        "exit_N_simulation": 8.440339317037353
    },
    "observables": {
        "n_s": 0.957497789006112,
        "r": 0.0030231808910603313,
        "n_s_SR": 0.9672717965673685,
        "r_SR": 0.00309635520629581,
        "P_S_pivot": 7.08771950941721e-07,
        "P_T_pivot": 2.1427458182065614e-09
    },
    "spectrum_scan": [
        {
            "label": "k_minus",
            "k_code": 0.09523240484519988,
            "P_S": 7.087722523413834e-07,
            "P_T": 2.1427460197712448e-09
        },
        {
            "label": "k_pivot",
            "k_code": 0.09523335717877165,
            "P_S": 7.08771950941721e-07,
            "P_T": 2.1427458182065614e-09
        },
        {
            "label": "k_plus",
            "k_code": 0.09523430951234345,
            "P_S": 7.087716498538837e-07,
            "P_T": 2.1427456204477915e-09
        }
    ]
}