{
    "metadata": {
        "run_id": "29b74f56",
        "timestamp": "2026-03-23T01:09:11.901329",
        "description": "Batch automated calculation of ns and r from exact MS equations."
    },
    "model_parameters": {
        "name": "Higgs Inflation",
        "xi": 1000,
        "lambda": 0.13,
        "phi0": 5.6421052631578945,
        "yi": -0.15789473684210528,
        "S": 5e-05
    },
    "numerical_settings": {
        "delta_finite_difference": 1e-05,
        "k_start_factor": 100.0
    },
    "background_info": {
        "total_efolds": 71.28954590005432,
        "exit_N_simulation": 11.324585747001393
    },
    "observables": {
        "n_s": 0.9660181591044085,
        "r": 0.003038112274849599,
        "n_s_SR": 0.9671886697600219,
        "r_SR": 0.003111818937710816,
        "P_S_pivot": 7.051328231569407e-07,
        "P_T_pivot": 2.142272685432453e-09
    },
    "spectrum_scan": [
        {
            "label": "k_minus",
            "k_code": 1.7036645953203182,
            "P_S": 7.05133061462523e-07,
            "P_T": 2.142272687401634e-09
        },
        {
            "label": "k_pivot",
            "k_code": 1.7036816321366395,
            "P_S": 7.051328231569407e-07,
            "P_T": 2.142272685432453e-09
        },
        {
            "label": "k_plus",
            "k_code": 1.703698668952961,
            "P_S": 7.051325822282958e-07,
            "P_T": 2.1422726780733477e-09
        }
    ]
}