{
    "metadata": {
        "run_id": "84241398",
        "timestamp": "2026-03-23T01:09:03.424133",
        "description": "Batch automated calculation of ns and r from exact MS equations."
    },
    "model_parameters": {
        "name": "Higgs Inflation",
        "xi": 1000,
        "lambda": 0.13,
        "phi0": 5.6421052631578945,
        "yi": -0.17894736842105263,
        "S": 5e-05
    },
    "numerical_settings": {
        "delta_finite_difference": 1e-05,
        "k_start_factor": 100.0
    },
    "background_info": {
        "total_efolds": 71.14177338104606,
        "exit_N_simulation": 11.324246219880797
    },
    "observables": {
        "n_s": 0.9653539412681431,
        "r": 0.003057835327311585,
        "n_s_SR": 0.9670790250525205,
        "r_SR": 0.0031322725948377183,
        "P_S_pivot": 7.00529075868183e-07,
        "P_T_pivot": 2.1421025559986673e-09
    },
    "spectrum_scan": [
        {
            "label": "k_minus",
            "k_code": 1.7030192156491955,
            "P_S": 7.005293194941498e-07,
            "P_T": 2.1421025770793537e-09
        },
        {
            "label": "k_pivot",
            "k_code": 1.7030362460116555,
            "P_S": 7.00529075868183e-07,
            "P_T": 2.1421025559986673e-09
        },
        {
            "label": "k_plus",
            "k_code": 1.7030532763741157,
            "P_S": 7.005288340827195e-07,
            "P_T": 2.1421025406510193e-09
        }
    ]
}