{
    "metadata": {
        "run_id": "74ac69df",
        "timestamp": "2026-03-23T01:03:31.444171",
        "description": "Batch automated calculation of ns and r from exact MS equations."
    },
    "model_parameters": {
        "name": "Higgs Inflation",
        "xi": 1000,
        "lambda": 0.13,
        "phi0": 5.515789473684211,
        "yi": -0.1473684210526316,
        "S": 5e-05
    },
    "numerical_settings": {
        "delta_finite_difference": 1e-05,
        "k_start_factor": 100.0
    },
    "background_info": {
        "total_efolds": 64.17184973693016,
        "exit_N_simulation": 4.115752161252374
    },
    "observables": {
        "n_s": 0.9667633273875706,
        "r": 0.0030253217065173777,
        "n_s_SR": 0.9673266031614804,
        "r_SR": 0.003098627804180704,
        "P_S_pivot": 7.08150673389756e-07,
        "P_T_pivot": 2.1423836036909267e-09
    },
    "spectrum_scan": [
        {
            "label": "k_minus",
            "k_code": 0.0012607778317378698,
            "P_S": 7.081509111454067e-07,
            "P_T": 2.1423836024768858e-09
        },
        {
            "label": "k_pivot",
            "k_code": 0.001260790439642266,
            "P_S": 7.08150673389756e-07,
            "P_T": 2.1423836036909267e-09
        },
        {
            "label": "k_plus",
            "k_code": 0.0012608030475466626,
            "P_S": 7.081504404139634e-07,
            "P_T": 2.142383619485344e-09
        }
    ]
}