{
    "metadata": {
        "run_id": "ef14078e",
        "timestamp": "2026-03-23T01:11:21.466548",
        "description": "Batch automated calculation of ns and r from exact MS equations."
    },
    "model_parameters": {
        "name": "Higgs Inflation",
        "xi": 1000,
        "lambda": 0.13,
        "phi0": 5.689473684210526,
        "yi": -0.15263157894736842,
        "S": 5e-05
    },
    "numerical_settings": {
        "delta_finite_difference": 1e-05,
        "k_start_factor": 100.0
    },
    "background_info": {
        "total_efolds": 74.26986648459763,
        "exit_N_simulation": 14.416064866015677
    },
    "observables": {
        "n_s": 0.9655222038273872,
        "r": 0.0030530693365175407,
        "n_s_SR": 0.967105490024678,
        "r_SR": 0.0031273294919657766,
        "P_S_pivot": 7.016360785986376e-07,
        "P_T_pivot": 2.1421435969639114e-09
    },
    "spectrum_scan": [
        {
            "label": "k_minus",
            "k_code": 37.495871427730535,
            "P_S": 7.016363218298467e-07,
            "P_T": 2.1421436148317542e-09
        },
        {
            "label": "k_pivot",
            "k_code": 37.496246390194436,
            "P_S": 7.016360785986376e-07,
            "P_T": 2.1421435969639114e-09
        },
        {
            "label": "k_plus",
            "k_code": 37.49662135265834,
            "P_S": 7.016358380125317e-07,
            "P_T": 2.142143584382568e-09
        }
    ]
}