{
    "metadata": {
        "run_id": "b5446802",
        "timestamp": "2026-03-23T01:03:16.352965",
        "description": "Batch automated calculation of ns and r from exact MS equations."
    },
    "model_parameters": {
        "name": "Higgs Inflation",
        "xi": 1000,
        "lambda": 0.13,
        "phi0": 5.515789473684211,
        "yi": -0.1842105263157895,
        "S": 5e-05
    },
    "numerical_settings": {
        "delta_finite_difference": 1e-05,
        "k_start_factor": 100.0
    },
    "background_info": {
        "total_efolds": 63.94411313294053,
        "exit_N_simulation": 4.115580118475036
    },
    "observables": {
        "n_s": 0.9656649098529204,
        "r": 0.003056387922250225,
        "n_s_SR": 0.9671756035673296,
        "r_SR": 0.0031308695380828987,
        "P_S_pivot": 7.008649747627148e-07,
        "P_T_pivot": 2.14211524399297e-09
    },
    "spectrum_scan": [
        {
            "label": "k_minus",
            "k_code": 0.0012604826919433581,
            "P_S": 7.008652159718933e-07,
            "P_T": 2.1421152560855444e-09
        },
        {
            "label": "k_pivot",
            "k_code": 0.0012604952968963271,
            "P_S": 7.008649747627148e-07,
            "P_T": 2.14211524399297e-09
        },
        {
            "label": "k_plus",
            "k_code": 0.001260507901849296,
            "P_S": 7.008647346866514e-07,
            "P_T": 2.1421152329054087e-09
        }
    ]
}