{
    "metadata": {
        "run_id": "725ba308",
        "timestamp": "2026-03-23T02:12:36.573414",
        "description": "Batch automated calculation of ns and r from exact MS equations."
    },
    "model_parameters": {
        "name": "Higgs Inflation",
        "xi": 1000,
        "lambda": 0.13,
        "phi0": 5.6,
        "yi": -0.15714285714285714,
        "S": 5e-05
    },
    "numerical_settings": {
        "delta_finite_difference": 1e-05,
        "k_start_factor": 100.0
    },
    "background_info": {
        "total_efolds": 68.58967063165632,
        "exit_N_simulation": 8.646375279442667
    },
    "observables": {
        "n_s": 0.9578353475205762,
        "r": 0.0030175082388840136,
        "n_s_SR": 0.9673034668052805,
        "r_SR": 0.0030904734570547064,
        "P_S_pivot": 7.101203670031002e-07,
        "P_T_pivot": 2.1427940580311944e-09
    },
    "spectrum_scan": [
        {
            "label": "k_minus",
            "k_code": 0.11702266165571844,
            "P_S": 7.101206666051149e-07,
            "P_T": 2.1427942552438915e-09
        },
        {
            "label": "k_pivot",
            "k_code": 0.11702383189403737,
            "P_S": 7.101203670031002e-07,
            "P_T": 2.1427940580311944e-09
        },
        {
            "label": "k_plus",
            "k_code": 0.11702500213235631,
            "P_S": 7.101200677655448e-07,
            "P_T": 2.1427938659151843e-09
        }
    ]
}