{
    "metadata": {
        "run_id": "8251e920",
        "timestamp": "2026-03-23T01:13:00.839951",
        "description": "Batch automated calculation of ns and r from exact MS equations."
    },
    "model_parameters": {
        "name": "Higgs Inflation",
        "xi": 1000,
        "lambda": 0.13,
        "phi0": 5.721052631578948,
        "yi": -0.11578947368421054,
        "S": 5e-05
    },
    "numerical_settings": {
        "delta_finite_difference": 1e-05,
        "k_start_factor": 100.0
    },
    "background_info": {
        "total_efolds": 76.54807797716641,
        "exit_N_simulation": 16.478652531318662
    },
    "observables": {
        "n_s": 0.9667720189239497,
        "r": 0.0030234066613233114,
        "n_s_SR": 0.9672706390103777,
        "r_SR": 0.0030965699317869063,
        "P_S_pivot": 7.086046513965638e-07,
        "P_T_pivot": 2.142400023277054e-09
    },
    "spectrum_scan": [
        {
            "label": "k_minus",
            "k_code": 294.9712195173288,
            "P_S": 7.086048862002778e-07,
            "P_T": 2.142400015502853e-09
        },
        {
            "label": "k_pivot",
            "k_code": 294.9741692590214,
            "P_S": 7.086046513965638e-07,
            "P_T": 2.142400023277054e-09
        },
        {
            "label": "k_plus",
            "k_code": 294.97711900071397,
            "P_S": 7.086044152902393e-07,
            "P_T": 2.1424000293231875e-09
        }
    ]
}