{
    "metadata": {
        "run_id": "dd504d87",
        "timestamp": "2026-03-23T02:12:16.369963",
        "description": "Batch automated calculation of ns and r from exact MS equations."
    },
    "model_parameters": {
        "name": "Higgs Inflation",
        "xi": 1000,
        "lambda": 0.13,
        "phi0": 5.585714285714285,
        "yi": -0.15714285714285714,
        "S": 5e-05
    },
    "numerical_settings": {
        "delta_finite_difference": 1e-05,
        "k_start_factor": 100.0
    },
    "background_info": {
        "total_efolds": 67.7679873514069,
        "exit_N_simulation": 7.822406147524665
    },
    "observables": {
        "n_s": 0.9577645218641274,
        "r": 0.003017100794064858,
        "n_s_SR": 0.9673057436393289,
        "r_SR": 0.0030900510081966325,
        "P_S_pivot": 7.102174163865064e-07,
        "P_T_pivot": 2.1427975309384203e-09
    },
    "spectrum_scan": [
        {
            "label": "k_minus",
            "k_code": 0.05133636090702547,
            "P_S": 7.102177161978481e-07,
            "P_T": 2.142797724704229e-09
        },
        {
            "label": "k_pivot",
            "k_code": 0.051336874275768225,
            "P_S": 7.102174163865064e-07,
            "P_T": 2.1427975309384203e-09
        },
        {
            "label": "k_plus",
            "k_code": 0.051337387644510984,
            "P_S": 7.102171162704043e-07,
            "P_T": 2.1427973331446404e-09
        }
    ]
}