{
    "metadata": {
        "run_id": "cc6f2c06",
        "timestamp": "2026-03-23T01:06:51.989368",
        "description": "Batch automated calculation of ns and r from exact MS equations."
    },
    "model_parameters": {
        "name": "Higgs Inflation",
        "xi": 1000,
        "lambda": 0.13,
        "phi0": 5.594736842105263,
        "yi": -0.18947368421052632,
        "S": 5e-05
    },
    "numerical_settings": {
        "delta_finite_difference": 1e-05,
        "k_start_factor": 100.0
    },
    "background_info": {
        "total_efolds": 68.21563014146096,
        "exit_N_simulation": 8.234167713579259
    },
    "observables": {
        "n_s": 0.9661237286129072,
        "r": 0.003035836596191744,
        "n_s_SR": 0.9672013427358901,
        "r_SR": 0.003109459155940317,
        "P_S_pivot": 7.05667847452054e-07,
        "P_T_pivot": 2.1422922760507985e-09
    },
    "spectrum_scan": [
        {
            "label": "k_minus",
            "k_code": 0.07748802208812644,
            "P_S": 7.05668116101592e-07,
            "P_T": 2.1422923653303583e-09
        },
        {
            "label": "k_pivot",
            "k_code": 0.0774887969760962,
            "P_S": 7.05667847452054e-07,
            "P_T": 2.1422922760507985e-09
        },
        {
            "label": "k_plus",
            "k_code": 0.07748957186406596,
            "P_S": 7.056676379936611e-07,
            "P_T": 2.1422923568580353e-09
        }
    ]
}