{
    "metadata": {
        "run_id": "073af844",
        "timestamp": "2026-03-23T01:13:09.376124",
        "description": "Batch automated calculation of ns and r from exact MS equations."
    },
    "model_parameters": {
        "name": "Higgs Inflation",
        "xi": 1000,
        "lambda": 0.13,
        "phi0": 5.7368421052631575,
        "yi": -0.2,
        "S": 5e-05
    },
    "numerical_settings": {
        "delta_finite_difference": 1e-05,
        "k_start_factor": 100.0
    },
    "background_info": {
        "total_efolds": 76.64174026707451,
        "exit_N_simulation": 16.479152648982193
    },
    "observables": {
        "n_s": 0.9671195378264756,
        "r": 0.0030095880507221766,
        "n_s_SR": 0.9673478345260532,
        "r_SR": 0.0030822421980859376,
        "P_S_pivot": 7.118981197874829e-07,
        "P_T_pivot": 2.1425200746439932e-09
    },
    "spectrum_scan": [
        {
            "label": "k_minus",
            "k_code": 295.12695749794074,
            "P_S": 7.118983508000011e-07,
            "P_T": 2.1425200525016586e-09
        },
        {
            "label": "k_pivot",
            "k_code": 295.1299087970287,
            "P_S": 7.118981197874829e-07,
            "P_T": 2.1425200746439932e-09
        },
        {
            "label": "k_plus",
            "k_code": 295.1328600961167,
            "P_S": 7.118978826492195e-07,
            "P_T": 2.1425200808401737e-09
        }
    ]
}