{
    "metadata": {
        "run_id": "00b08d27",
        "timestamp": "2026-03-23T01:08:08.333362",
        "description": "Batch automated calculation of ns and r from exact MS equations."
    },
    "model_parameters": {
        "name": "Higgs Inflation",
        "xi": 1000,
        "lambda": 0.13,
        "phi0": 5.610526315789474,
        "yi": -0.10526315789473685,
        "S": 5e-05
    },
    "numerical_settings": {
        "delta_finite_difference": 1e-05,
        "k_start_factor": 100.0
    },
    "background_info": {
        "total_efolds": 69.65592669407425,
        "exit_N_simulation": 9.265083875703937
    },
    "observables": {
        "n_s": 0.9685289762583363,
        "r": 0.0029718937238976933,
        "n_s_SR": 0.9675592574845895,
        "r_SR": 0.0030431660415075057,
        "P_S_pivot": 7.210383895122805e-07,
        "P_T_pivot": 2.142849464480847e-09
    },
    "spectrum_scan": [
        {
            "label": "k_minus",
            "k_code": 0.21727592011312538,
            "P_S": 7.210386172858625e-07,
            "P_T": 2.1428494274432373e-09
        },
        {
            "label": "k_pivot",
            "k_code": 0.2172780928940543,
            "P_S": 7.210383895122805e-07,
            "P_T": 2.142849464480847e-09
        },
        {
            "label": "k_plus",
            "k_code": 0.21728026567498326,
            "P_S": 7.210381634495368e-07,
            "P_T": 2.142849507109537e-09
        }
    ]
}