{
    "metadata": {
        "run_id": "7ccfd1f4",
        "timestamp": "2026-03-22T22:11:11.919927",
        "description": "Batch automated calculation of ns and r from exact MS equations."
    },
    "model_parameters": {
        "name": "Higgs Inflation",
        "xi": 17000,
        "lambda": 0.13,
        "phi0": 5.875,
        "yi": -0.15000000000000002,
        "S": 5e-05
    },
    "numerical_settings": {
        "delta_finite_difference": 1e-05,
        "k_start_factor": 100.0
    },
    "background_info": {
        "total_efolds": 63.3334300070691,
        "exit_N_simulation": 3.349709711072709
    },
    "observables": {
        "n_s": 0.9470228143421476,
        "r": 0.003015003269653045,
        "P_S_pivot": 2.461792654093416e-09,
        "P_T_pivot": 7.422312901299497e-12
    },
    "spectrum_scan": [
        {
            "label": "k_minus",
            "k_code": 3.447592109767181e-05,
            "P_S": 2.4617939566722275e-09,
            "P_T": 7.422310622249475e-12
        },
        {
            "label": "k_pivot",
            "k_code": 3.447626586033041e-05,
            "P_S": 2.461792654093416e-09,
            "P_T": 7.422312901299497e-12
        },
        {
            "label": "k_plus",
            "k_code": 3.4476610622989014e-05,
            "P_S": 2.461791348295304e-09,
            "P_T": 7.42231516892918e-12
        }
    ]
}