{
    "metadata": {
        "run_id": "02693cc7",
        "timestamp": "2026-03-23T02:02:28.179448",
        "description": "Batch automated calculation of ns and r from exact MS equations."
    },
    "model_parameters": {
        "name": "Higgs Inflation",
        "xi": 1000,
        "lambda": 0.13,
        "phi0": 5.444444444444445,
        "yi": -0.16666666666666669,
        "S": 5e-05
    },
    "numerical_settings": {
        "delta_finite_difference": 1e-05,
        "k_start_factor": 100.0
    },
    "background_info": {
        "total_efolds": 60.19831189381883,
        "exit_N_simulation": 0.0
    },
    "observables": {
        "n_s": 2.701111979370748,
        "r": 0.003097711749287328,
        "n_s_SR": 5.551858441165656,
        "r_SR": 0.05244955144490219,
        "P_S_pivot": 2.649430101990254e-07,
        "P_T_pivot": 8.207170755850733e-10
    },
    "spectrum_scan": [
        {
            "label": "k_minus",
            "k_code": 2.058346621626029e-05,
            "P_S": 2.649385033456262e-07,
            "P_T": 8.207031179915521e-10
        },
        {
            "label": "k_pivot",
            "k_code": 2.0583672052980817e-05,
            "P_S": 2.649430101990254e-07,
            "P_T": 8.207170755850733e-10
        },
        {
            "label": "k_plus",
            "k_code": 2.058387788970135e-05,
            "P_S": 2.649475173002002e-07,
            "P_T": 8.207310332238636e-10
        }
    ]
}