{
    "metadata": {
        "run_id": "b9264e65",
        "timestamp": "2026-03-23T01:15:51.990661",
        "description": "Batch automated calculation of ns and r from exact MS equations."
    },
    "model_parameters": {
        "name": "Higgs Inflation",
        "xi": 1000,
        "lambda": 0.13,
        "phi0": 5.784210526315789,
        "yi": -0.1105263157894737,
        "S": 5e-05
    },
    "numerical_settings": {
        "delta_finite_difference": 1e-05,
        "k_start_factor": 100.0
    },
    "background_info": {
        "total_efolds": 80.73057216655755,
        "exit_N_simulation": 20.604319073173695
    },
    "observables": {
        "n_s": 0.9670286779735056,
        "r": 0.003015067016875163,
        "n_s_SR": 0.9673172067841695,
        "r_SR": 0.0030879220918078576,
        "P_S_pivot": 7.105886589613146e-07,
        "P_T_pivot": 2.1424724281998133e-09
    },
    "spectrum_scan": [
        {
            "label": "k_minus",
            "k_code": 18261.696433157424,
            "P_S": 7.105888926755112e-07,
            "P_T": 2.142472414920797e-09
        },
        {
            "label": "k_pivot",
            "k_code": 18261.87905194794,
            "P_S": 7.105886589613146e-07,
            "P_T": 2.1424724281998133e-09
        },
        {
            "label": "k_plus",
            "k_code": 18262.06167073846,
            "P_S": 7.105884240945622e-07,
            "P_T": 2.142472439083905e-09
        }
    ]
}