{
    "metadata": {
        "run_id": "2d5db6f0",
        "timestamp": "2026-03-23T01:04:54.331366",
        "description": "Batch automated calculation of ns and r from exact MS equations."
    },
    "model_parameters": {
        "name": "Higgs Inflation",
        "xi": 1000,
        "lambda": 0.13,
        "phi0": 5.5473684210526315,
        "yi": -0.15789473684210528,
        "S": 5e-05
    },
    "numerical_settings": {
        "delta_finite_difference": 1e-05,
        "k_start_factor": 100.0
    },
    "background_info": {
        "total_efolds": 65.55810665105349,
        "exit_N_simulation": 5.145684387361536
    },
    "observables": {
        "n_s": 0.9686716478224802,
        "r": 0.0029679822134466363,
        "n_s_SR": 0.9675846018385457,
        "r_SR": 0.0030391149990866176,
        "P_S_pivot": 7.22000222357124e-07,
        "P_T_pivot": 2.1428838180604604e-09
    },
    "spectrum_scan": [
        {
            "label": "k_minus",
            "k_code": 0.003531689913113415,
            "P_S": 7.220004496204134e-07,
            "P_T": 2.142883781898795e-09
        },
        {
            "label": "k_pivot",
            "k_code": 0.0035317252303657186,
            "P_S": 7.22000222357124e-07,
            "P_T": 2.1428838180604604e-09
        },
        {
            "label": "k_plus",
            "k_code": 0.0035317605476180227,
            "P_S": 7.219999972388678e-07,
            "P_T": 2.142883863885471e-09
        }
    ]
}