{
    "metadata": {
        "run_id": "5c7e01f6",
        "timestamp": "2026-03-23T02:10:26.016562",
        "description": "Batch automated calculation of ns and r from exact MS equations."
    },
    "model_parameters": {
        "name": "Higgs Inflation",
        "xi": 1000,
        "lambda": 0.13,
        "phi0": 5.507142857142857,
        "yi": -0.10714285714285715,
        "S": 5e-05
    },
    "numerical_settings": {
        "delta_finite_difference": 1e-05,
        "k_start_factor": 100.0
    },
    "background_info": {
        "total_efolds": 63.85759349340767,
        "exit_N_simulation": 3.909900286927689
    },
    "observables": {
        "n_s": 0.9975602287706344,
        "r": 0.0030167502064362057,
        "n_s_SR": 0.9673863046480617,
        "r_SR": 0.003089740022440005,
        "P_S_pivot": 7.10579211893381e-07,
        "P_T_pivot": 2.1436399841686335e-09
    },
    "spectrum_scan": [
        {
            "label": "k_minus",
            "k_code": 0.001026232355255867,
            "P_S": 7.10579229597334e-07,
            "P_T": 2.143639397151415e-09
        },
        {
            "label": "k_pivot",
            "k_code": 0.0010262426176820439,
            "P_S": 7.10579211893381e-07,
            "P_T": 2.1436399841686335e-09
        },
        {
            "label": "k_plus",
            "k_code": 0.0010262528801082207,
            "P_S": 7.1057919492432e-07,
            "P_T": 2.1436405732963715e-09
        }
    ]
}