{
    "metadata": {
        "run_id": "f413581b",
        "timestamp": "2026-03-23T01:07:30.341610",
        "description": "Batch automated calculation of ns and r from exact MS equations."
    },
    "model_parameters": {
        "name": "Higgs Inflation",
        "xi": 1000,
        "lambda": 0.13,
        "phi0": 5.610526315789474,
        "yi": -0.2,
        "S": 5e-05
    },
    "numerical_settings": {
        "delta_finite_difference": 1e-05,
        "k_start_factor": 100.0
    },
    "background_info": {
        "total_efolds": 69.08649206003184,
        "exit_N_simulation": 9.263863683803407
    },
    "observables": {
        "n_s": 0.9654197722530565,
        "r": 0.0030571678802613945,
        "n_s_SR": 0.9670827301843491,
        "r_SR": 0.0031315803793991403,
        "P_S_pivot": 7.006838959813994e-07,
        "P_T_pivot": 2.1421083010107502e-09
    },
    "spectrum_scan": [
        {
            "label": "k_minus",
            "k_code": 0.21697383234196008,
            "P_S": 7.006841387803968e-07,
            "P_T": 2.1421083193391105e-09
        },
        {
            "label": "k_pivot",
            "k_code": 0.2169760021019811,
            "P_S": 7.006838959813994e-07,
            "P_T": 2.1421083010107502e-09
        },
        {
            "label": "k_plus",
            "k_code": 0.21697817186200213,
            "P_S": 7.006836541842223e-07,
            "P_T": 2.1421082842483454e-09
        }
    ]
}