{
    "metadata": {
        "run_id": "50184fa9",
        "timestamp": "2026-03-23T02:02:32.250747",
        "description": "Batch automated calculation of ns and r from exact MS equations."
    },
    "model_parameters": {
        "name": "Higgs Inflation",
        "xi": 1000,
        "lambda": 0.13,
        "phi0": 5.444444444444445,
        "yi": -0.14444444444444446,
        "S": 5e-05
    },
    "numerical_settings": {
        "delta_finite_difference": 1e-05,
        "k_start_factor": 100.0
    },
    "background_info": {
        "total_efolds": 60.30528882795965,
        "exit_N_simulation": 0.0
    },
    "observables": {
        "n_s": 2.701160098568261,
        "r": 0.0030779659040812853,
        "n_s_SR": 5.334120368428811,
        "r_SR": 0.039406157786840146,
        "P_S_pivot": 2.666078626170724e-07,
        "P_T_pivot": 8.206099108953363e-10
    },
    "spectrum_scan": [
        {
            "label": "k_minus",
            "k_code": 2.058066707964043e-05,
            "P_S": 2.6660332762177556e-07,
            "P_T": 8.20595954499307e-10
        },
        {
            "label": "k_pivot",
            "k_code": 2.0580872888369312e-05,
            "P_S": 2.666078626170724e-07,
            "P_T": 8.206099108953363e-10
        },
        {
            "label": "k_plus",
            "k_code": 2.0581078697098197e-05,
            "P_S": 2.666123984749469e-07,
            "P_T": 8.206238673381372e-10
        }
    ]
}