{
    "metadata": {
        "run_id": "1950f6b0",
        "timestamp": "2026-03-22T22:11:13.014667",
        "description": "Batch automated calculation of ns and r from exact MS equations."
    },
    "model_parameters": {
        "name": "Higgs Inflation",
        "xi": 17000,
        "lambda": 0.13,
        "phi0": 5.875,
        "yi": -0.1,
        "S": 5e-05
    },
    "numerical_settings": {
        "delta_finite_difference": 1e-05,
        "k_start_factor": 100.0
    },
    "background_info": {
        "total_efolds": 70.41000307299497,
        "exit_N_simulation": 10.425898676874127
    },
    "observables": {
        "n_s": 0.984096839256964,
        "r": 0.0030090620256334735,
        "P_S_pivot": 2.4642635230780068e-09,
        "P_T_pivot": 7.415121788447786e-12
    },
    "spectrum_scan": [
        {
            "label": "k_minus",
            "k_code": 0.040800512553341564,
            "P_S": 2.464263920639895e-09,
            "P_T": 7.415120604499339e-12
        },
        {
            "label": "k_pivot",
            "k_code": 0.04080092056254719,
            "P_S": 2.4642635230780068e-09,
            "P_T": 7.415121788447786e-12
        },
        {
            "label": "k_plus",
            "k_code": 0.040801328571752817,
            "P_S": 2.4642631368483176e-09,
            "P_T": 7.415122996102466e-12
        }
    ]
}