{
    "metadata": {
        "run_id": "6c294a14",
        "timestamp": "2026-03-23T02:11:37.770619",
        "description": "Batch automated calculation of ns and r from exact MS equations."
    },
    "model_parameters": {
        "name": "Higgs Inflation",
        "xi": 1000,
        "lambda": 0.13,
        "phi0": 5.564285714285714,
        "yi": -0.2,
        "S": 5e-05
    },
    "numerical_settings": {
        "delta_finite_difference": 1e-05,
        "k_start_factor": 100.0
    },
    "background_info": {
        "total_efolds": 66.14732061948325,
        "exit_N_simulation": 6.174903156211306
    },
    "observables": {
        "n_s": 0.958098058530002,
        "r": 0.0030122619976872345,
        "n_s_SR": 0.9673329819557784,
        "r_SR": 0.003085034184015522,
        "P_S_pivot": 7.113719612413994e-07,
        "P_T_pivot": 2.142838725067704e-09
    },
    "spectrum_scan": [
        {
            "label": "k_minus",
            "k_code": 0.009883888515618349,
            "P_S": 7.113722604708359e-07,
            "P_T": 2.1428389191615385e-09
        },
        {
            "label": "k_pivot",
            "k_code": 0.009883987355491904,
            "P_S": 7.113719612413994e-07,
            "P_T": 2.142838725067704e-09
        },
        {
            "label": "k_plus",
            "k_code": 0.009884086195365458,
            "P_S": 7.113716643135088e-07,
            "P_T": 2.1428385400424436e-09
        }
    ]
}