{
    "metadata": {
        "run_id": "2a73b000",
        "timestamp": "2026-03-23T01:03:38.079033",
        "description": "Batch automated calculation of ns and r from exact MS equations."
    },
    "model_parameters": {
        "name": "Higgs Inflation",
        "xi": 1000,
        "lambda": 0.13,
        "phi0": 5.515789473684211,
        "yi": -0.13157894736842107,
        "S": 5e-05
    },
    "numerical_settings": {
        "delta_finite_difference": 1e-05,
        "k_start_factor": 100.0
    },
    "background_info": {
        "total_efolds": 64.26181046589852,
        "exit_N_simulation": 4.115828308366894
    },
    "observables": {
        "n_s": 0.967204514918501,
        "r": 0.003012104467402935,
        "n_s_SR": 0.9673909624466169,
        "r_SR": 0.0030849125896606627,
        "P_S_pivot": 7.112961623980593e-07,
        "P_T_pivot": 2.142498348405758e-09
    },
    "spectrum_scan": [
        {
            "label": "k_minus",
            "k_code": 0.0012609072607138404,
            "P_S": 7.112963971350334e-07,
            "P_T": 2.1424983351104622e-09
        },
        {
            "label": "k_pivot",
            "k_code": 0.0012609198699125395,
            "P_S": 7.112961623980593e-07,
            "P_T": 2.142498348405758e-09
        },
        {
            "label": "k_plus",
            "k_code": 0.0012609324791112387,
            "P_S": 7.112959305889778e-07,
            "P_T": 2.1424983666639582e-09
        }
    ]
}