{
    "metadata": {
        "run_id": "e946ade3",
        "timestamp": "2026-03-23T01:10:45.666767",
        "description": "Batch automated calculation of ns and r from exact MS equations."
    },
    "model_parameters": {
        "name": "Higgs Inflation",
        "xi": 1000,
        "lambda": 0.13,
        "phi0": 5.673684210526316,
        "yi": -0.1368421052631579,
        "S": 5e-05
    },
    "numerical_settings": {
        "delta_finite_difference": 1e-05,
        "k_start_factor": 100.0
    },
    "background_info": {
        "total_efolds": 73.39143219889577,
        "exit_N_simulation": 13.385759943764233
    },
    "observables": {
        "n_s": 0.9662551229749607,
        "r": 0.003032467800819167,
        "n_s_SR": 0.9672201101972067,
        "r_SR": 0.0031059655214926737,
        "P_S_pivot": 7.064614209514653e-07,
        "P_T_pivot": 2.1423215115562737e-09
    },
    "spectrum_scan": [
        {
            "label": "k_minus",
            "k_code": 13.382756639090834,
            "P_S": 7.064616605391987e-07,
            "P_T": 2.1423215143084265e-09
        },
        {
            "label": "k_pivot",
            "k_code": 13.382890467995514,
            "P_S": 7.064614209514653e-07,
            "P_T": 2.1423215115562737e-09
        },
        {
            "label": "k_plus",
            "k_code": 13.383024296900194,
            "P_S": 7.064611837501225e-07,
            "P_T": 2.1423215113559012e-09
        }
    ]
}