{
    "metadata": {
        "run_id": "621a5c64",
        "timestamp": "2026-03-23T01:13:05.067853",
        "description": "Batch automated calculation of ns and r from exact MS equations."
    },
    "model_parameters": {
        "name": "Higgs Inflation",
        "xi": 1000,
        "lambda": 0.13,
        "phi0": 5.721052631578948,
        "yi": -0.10526315789473685,
        "S": 5e-05
    },
    "numerical_settings": {
        "delta_finite_difference": 1e-05,
        "k_start_factor": 100.0
    },
    "background_info": {
        "total_efolds": 76.61919040361788,
        "exit_N_simulation": 16.47891119314187
    },
    "observables": {
        "n_s": 0.9669701177057625,
        "r": 0.003012966275127741,
        "n_s_SR": 0.9673289482086492,
        "r_SR": 0.003085744686111973,
        "P_S_pivot": 7.110901659006983e-07,
        "P_T_pivot": 2.1424906884337944e-09
    },
    "spectrum_scan": [
        {
            "label": "k_minus",
            "k_code": 295.0537047910853,
            "P_S": 7.110904008240453e-07,
            "P_T": 2.142490677178528e-09
        },
        {
            "label": "k_pivot",
            "k_code": 295.0566553576389,
            "P_S": 7.110901659006983e-07,
            "P_T": 2.1424906884337944e-09
        },
        {
            "label": "k_plus",
            "k_code": 295.05960592419245,
            "P_S": 7.110899310795557e-07,
            "P_T": 2.142490700972095e-09
        }
    ]
}