{
    "metadata": {
        "run_id": "e80f4f5d",
        "timestamp": "2026-03-23T01:07:11.052615",
        "description": "Batch automated calculation of ns and r from exact MS equations."
    },
    "model_parameters": {
        "name": "Higgs Inflation",
        "xi": 1000,
        "lambda": 0.13,
        "phi0": 5.594736842105263,
        "yi": -0.14210526315789473,
        "S": 5e-05
    },
    "numerical_settings": {
        "delta_finite_difference": 1e-05,
        "k_start_factor": 100.0
    },
    "background_info": {
        "total_efolds": 68.49743647700323,
        "exit_N_simulation": 8.234696557477948
    },
    "observables": {
        "n_s": 0.9677247862104723,
        "r": 0.0029938057605135193,
        "n_s_SR": 0.9674362033609495,
        "r_SR": 0.003065880461896685,
        "P_S_pivot": 7.156969452095102e-07,
        "P_T_pivot": 2.1426576373501604e-09
    },
    "spectrum_scan": [
        {
            "label": "k_minus",
            "k_code": 0.07753555079615218,
            "P_S": 7.156971771351815e-07,
            "P_T": 2.142657616276075e-09
        },
        {
            "label": "k_pivot",
            "k_code": 0.07753632615941378,
            "P_S": 7.156969452095102e-07,
            "P_T": 2.1426576373501604e-09
        },
        {
            "label": "k_plus",
            "k_code": 0.07753710152267537,
            "P_S": 7.156967151497424e-07,
            "P_T": 2.1426576651663894e-09
        }
    ]
}