{
    "metadata": {
        "run_id": "d63d4a69",
        "timestamp": "2026-03-23T02:10:19.228024",
        "description": "Batch automated calculation of ns and r from exact MS equations."
    },
    "model_parameters": {
        "name": "Higgs Inflation",
        "xi": 1000,
        "lambda": 0.13,
        "phi0": 5.507142857142857,
        "yi": -0.2,
        "S": 5e-05
    },
    "numerical_settings": {
        "delta_finite_difference": 1e-05,
        "k_start_factor": 100.0
    },
    "background_info": {
        "total_efolds": 63.04689471864476,
        "exit_N_simulation": 3.0867295672847597
    },
    "observables": {
        "n_s": 0.9820513321156222,
        "r": 0.0030144549540697774,
        "n_s_SR": 0.9695147200313331,
        "r_SR": 0.0030895734920944155,
        "P_S_pivot": 7.123911813303493e-07,
        "P_T_pivot": 2.1474711257968927e-09
    },
    "spectrum_scan": [
        {
            "label": "k_minus",
            "k_code": 0.00045055641016211994,
            "P_S": 7.123913095389931e-07,
            "P_T": 2.147470926343654e-09
        },
        {
            "label": "k_pivot",
            "k_code": 0.0004505609157712776,
            "P_S": 7.123911813303493e-07,
            "P_T": 2.1474711257968927e-09
        },
        {
            "label": "k_plus",
            "k_code": 0.00045056542138043537,
            "P_S": 7.123910538095383e-07,
            "P_T": 2.147471324863451e-09
        }
    ]
}