{
    "metadata": {
        "run_id": "4a84d518",
        "timestamp": "2026-03-23T01:04:30.149893",
        "description": "Batch automated calculation of ns and r from exact MS equations."
    },
    "model_parameters": {
        "name": "Higgs Inflation",
        "xi": 1000,
        "lambda": 0.13,
        "phi0": 5.531578947368421,
        "yi": -0.1105263157894737,
        "S": 5e-05
    },
    "numerical_settings": {
        "delta_finite_difference": 1e-05,
        "k_start_factor": 100.0
    },
    "background_info": {
        "total_efolds": 65.30091114889132,
        "exit_N_simulation": 5.145200089946705
    },
    "observables": {
        "n_s": 0.9670522426792466,
        "r": 0.003010634333543752,
        "n_s_SR": 0.9673439911287857,
        "r_SR": 0.003083329519020522,
        "P_S_pivot": 7.116476900782457e-07,
        "P_T_pivot": 2.1425109691366698e-09
    },
    "spectrum_scan": [
        {
            "label": "k_minus",
            "k_code": 0.0035296765828137003,
            "P_S": 7.116479249579768e-07,
            "P_T": 2.1425109577178468e-09
        },
        {
            "label": "k_pivot",
            "k_code": 0.0035297118799324993,
            "P_S": 7.116476900782457e-07,
            "P_T": 2.1425109691366698e-09
        },
        {
            "label": "k_plus",
            "k_code": 0.0035297471770512987,
            "P_S": 7.116474560140687e-07,
            "P_T": 2.1425109832056587e-09
        }
    ]
}