{
    "metadata": {
        "run_id": "85fa6217",
        "timestamp": "2026-03-23T01:04:16.491180",
        "description": "Batch automated calculation of ns and r from exact MS equations."
    },
    "model_parameters": {
        "name": "Higgs Inflation",
        "xi": 1000,
        "lambda": 0.13,
        "phi0": 5.531578947368421,
        "yi": -0.14210526315789473,
        "S": 5e-05
    },
    "numerical_settings": {
        "delta_finite_difference": 1e-05,
        "k_start_factor": 100.0
    },
    "background_info": {
        "total_efolds": 65.11419358473624,
        "exit_N_simulation": 5.144993308974491
    },
    "observables": {
        "n_s": 0.966127097563223,
        "r": 0.0030375290859827424,
        "n_s_SR": 0.9671947742057088,
        "r_SR": 0.003111217228902068,
        "P_S_pivot": 7.052698640673948e-07,
        "P_T_pivot": 2.1422777255718067e-09
    },
    "spectrum_scan": [
        {
            "label": "k_minus",
            "k_code": 0.003528756639501452,
            "P_S": 7.052701024976887e-07,
            "P_T": 2.1422777310464734e-09
        },
        {
            "label": "k_pivot",
            "k_code": 0.003528791927420726,
            "P_S": 7.052698640673948e-07,
            "P_T": 2.1422777255718067e-09
        },
        {
            "label": "k_plus",
            "k_code": 0.0035288272153400006,
            "P_S": 7.052696247069427e-07,
            "P_T": 2.1422777223604785e-09
        }
    ]
}