{
    "metadata": {
        "run_id": "6faa9d6b",
        "timestamp": "2026-03-23T02:11:09.220201",
        "description": "Batch automated calculation of ns and r from exact MS equations."
    },
    "model_parameters": {
        "name": "Higgs Inflation",
        "xi": 1000,
        "lambda": 0.13,
        "phi0": 5.542857142857143,
        "yi": -0.17142857142857143,
        "S": 5e-05
    },
    "numerical_settings": {
        "delta_finite_difference": 1e-05,
        "k_start_factor": 100.0
    },
    "background_info": {
        "total_efolds": 65.26522124991472,
        "exit_N_simulation": 5.351081248964098
    },
    "observables": {
        "n_s": 0.9575170022583789,
        "r": 0.0030226425235829984,
        "n_s_SR": 0.9672767740128417,
        "r_SR": 0.003095799047351891,
        "P_S_pivot": 7.088996891505003e-07,
        "P_T_pivot": 2.1427503453810714e-09
    },
    "spectrum_scan": [
        {
            "label": "k_minus",
            "k_code": 0.004336481398823391,
            "P_S": 7.088999906559533e-07,
            "P_T": 2.142750544128657e-09
        },
        {
            "label": "k_pivot",
            "k_code": 0.004336524764071031,
            "P_S": 7.088996891505003e-07,
            "P_T": 2.1427503453810714e-09
        },
        {
            "label": "k_plus",
            "k_code": 0.004336568129318672,
            "P_S": 7.088993883322746e-07,
            "P_T": 2.142750142663654e-09
        }
    ]
}