{
    "metadata": {
        "run_id": "95de348f",
        "timestamp": "2026-03-23T02:04:07.353722",
        "description": "Batch automated calculation of ns and r from exact MS equations."
    },
    "model_parameters": {
        "name": "Higgs Inflation",
        "xi": 1000,
        "lambda": 0.13,
        "phi0": 5.555555555555555,
        "yi": -0.1888888888888889,
        "S": 5e-05
    },
    "numerical_settings": {
        "delta_finite_difference": 1e-05,
        "k_start_factor": 100.0
    },
    "background_info": {
        "total_efolds": 66.05410481818762,
        "exit_N_simulation": 6.17446159462636
    },
    "observables": {
        "n_s": 0.9657558066525921,
        "r": 0.0030496434442289894,
        "n_s_SR": 0.9671247109324382,
        "r_SR": 0.0031237771961861146,
        "P_S_pivot": 7.02433961012665e-07,
        "P_T_pivot": 2.1421731242060754e-09
    },
    "spectrum_scan": [
        {
            "label": "k_minus",
            "k_code": 0.00987878642665323,
            "P_S": 7.024342018043734e-07,
            "P_T": 2.142173140390797e-09
        },
        {
            "label": "k_pivot",
            "k_code": 0.009878885215505385,
            "P_S": 7.02433961012665e-07,
            "P_T": 2.1421731242060754e-09
        },
        {
            "label": "k_plus",
            "k_code": 0.00987898400435754,
            "P_S": 7.024337207186854e-07,
            "P_T": 2.142173114501407e-09
        }
    ]
}