{
    "metadata": {
        "run_id": "2a2b3e8e",
        "timestamp": "2026-03-23T01:05:32.282924",
        "description": "Batch automated calculation of ns and r from exact MS equations."
    },
    "model_parameters": {
        "name": "Higgs Inflation",
        "xi": 1000,
        "lambda": 0.13,
        "phi0": 5.563157894736842,
        "yi": -0.1736842105263158,
        "S": 5e-05
    },
    "numerical_settings": {
        "delta_finite_difference": 1e-05,
        "k_start_factor": 100.0
    },
    "background_info": {
        "total_efolds": 66.4260556740128,
        "exit_N_simulation": 6.17503924074497
    },
    "observables": {
        "n_s": 0.9678209098521341,
        "r": 0.0029957091707067335,
        "n_s_SR": 0.9674257029927963,
        "r_SR": 0.00306785389368541,
        "P_S_pivot": 7.15236659675392e-07,
        "P_T_pivot": 2.142641020615223e-09
    },
    "spectrum_scan": [
        {
            "label": "k_minus",
            "k_code": 0.009885562927229362,
            "P_S": 7.152368895537888e-07,
            "P_T": 2.1426409954094175e-09
        },
        {
            "label": "k_pivot",
            "k_code": 0.0098856617838472,
            "P_S": 7.15236659675392e-07,
            "P_T": 2.142641020615223e-09
        },
        {
            "label": "k_plus",
            "k_code": 0.009885760640465039,
            "P_S": 7.152364292404899e-07,
            "P_T": 2.1426410471980794e-09
        }
    ]
}