{
    "metadata": {
        "run_id": "34d8ed48",
        "timestamp": "2026-03-23T02:11:23.923662",
        "description": "Batch automated calculation of ns and r from exact MS equations."
    },
    "model_parameters": {
        "name": "Higgs Inflation",
        "xi": 1000,
        "lambda": 0.13,
        "phi0": 5.55,
        "yi": -0.12857142857142856,
        "S": 5e-05
    },
    "numerical_settings": {
        "delta_finite_difference": 1e-05,
        "k_start_factor": 100.0
    },
    "background_info": {
        "total_efolds": 65.96773028931057,
        "exit_N_simulation": 5.96890213412926
    },
    "observables": {
        "n_s": 0.9546515833360533,
        "r": 0.00300739748237483,
        "n_s_SR": 0.9673601942294412,
        "r_SR": 0.003079990758783612,
        "P_S_pivot": 7.125363716059948e-07,
        "P_T_pivot": 2.142880090068365e-09
    },
    "spectrum_scan": [
        {
            "label": "k_minus",
            "k_code": 0.008043905753039178,
            "P_S": 7.125367037372305e-07,
            "P_T": 2.1428803813892647e-09
        },
        {
            "label": "k_pivot",
            "k_code": 0.008043986192901108,
            "P_S": 7.125363716059948e-07,
            "P_T": 2.142880090068365e-09
        },
        {
            "label": "k_plus",
            "k_code": 0.008044066632763037,
            "P_S": 7.125360574892971e-07,
            "P_T": 2.142879856780958e-09
        }
    ]
}