{
    "metadata": {
        "run_id": "0e29da22",
        "timestamp": "2026-03-23T01:07:34.549631",
        "description": "Batch automated calculation of ns and r from exact MS equations."
    },
    "model_parameters": {
        "name": "Higgs Inflation",
        "xi": 1000,
        "lambda": 0.13,
        "phi0": 5.610526315789474,
        "yi": -0.18947368421052632,
        "S": 5e-05
    },
    "numerical_settings": {
        "delta_finite_difference": 1e-05,
        "k_start_factor": 100.0
    },
    "background_info": {
        "total_efolds": 69.1591848732713,
        "exit_N_simulation": 9.263997235074203
    },
    "observables": {
        "n_s": 0.965815962977717,
        "r": 0.0030475690080027157,
        "n_s_SR": 0.9671360562482691,
        "r_SR": 0.0031216256839733513,
        "P_S_pivot": 7.029179692198986e-07,
        "P_T_pivot": 2.14219101816277e-09
    },
    "spectrum_scan": [
        {
            "label": "k_minus",
            "k_code": 0.2170069657101886,
            "P_S": 7.029182095548817e-07,
            "P_T": 2.1421910278185674e-09
        },
        {
            "label": "k_pivot",
            "k_code": 0.2170091358015466,
            "P_S": 7.029179692198986e-07,
            "P_T": 2.14219101816277e-09
        },
        {
            "label": "k_plus",
            "k_code": 0.21701130589290463,
            "P_S": 7.029177289834041e-07,
            "P_T": 2.142191009377837e-09
        }
    ]
}