{
    "metadata": {
        "run_id": "fa773276",
        "timestamp": "2026-03-23T02:11:46.446824",
        "description": "Batch automated calculation of ns and r from exact MS equations."
    },
    "model_parameters": {
        "name": "Higgs Inflation",
        "xi": 1000,
        "lambda": 0.13,
        "phi0": 5.564285714285714,
        "yi": -0.1142857142857143,
        "S": 5e-05
    },
    "numerical_settings": {
        "delta_finite_difference": 1e-05,
        "k_start_factor": 100.0
    },
    "background_info": {
        "total_efolds": 66.94405302581947,
        "exit_N_simulation": 6.9984657917689415
    },
    "observables": {
        "n_s": 0.9577162765452778,
        "r": 0.0030170997127257314,
        "n_s_SR": 0.9673057565424484,
        "r_SR": 0.0030900499606743067,
        "P_S_pivot": 7.102176339235775e-07,
        "P_T_pivot": 2.1427974192835745e-09
    },
    "spectrum_scan": [
        {
            "label": "k_minus",
            "k_code": 0.02252124164858637,
            "P_S": 7.102179721619242e-07,
            "P_T": 2.1427977327292197e-09
        },
        {
            "label": "k_pivot",
            "k_code": 0.022521466863255003,
            "P_S": 7.102176339235775e-07,
            "P_T": 2.1427974192835745e-09
        },
        {
            "label": "k_plus",
            "k_code": 0.022521692077923636,
            "P_S": 7.102173715489712e-07,
            "P_T": 2.142797340114357e-09
        }
    ]
}