{
    "metadata": {
        "run_id": "86fe3e32",
        "timestamp": "2026-03-22T22:09:46.102140",
        "description": "Batch automated calculation of ns and r from exact MS equations."
    },
    "model_parameters": {
        "name": "Higgs Inflation",
        "xi": 17000,
        "lambda": 0.13,
        "phi0": 5.7,
        "yi": -0.057499999999999996,
        "S": 5e-05
    },
    "numerical_settings": {
        "delta_finite_difference": 1e-05,
        "k_start_factor": 100.0
    },
    "background_info": {
        "total_efolds": 66.77181325725984,
        "exit_N_simulation": 6.784128849489347
    },
    "observables": {
        "n_s": 0.9840410778170569,
        "r": 0.0030083955870375792,
        "P_S_pivot": 2.4648163373408302e-09,
        "P_T_pivot": 7.415142592114283e-12
    },
    "spectrum_scan": [
        {
            "label": "k_minus",
            "k_code": 0.0010692165190597245,
            "P_S": 2.464816729956073e-09,
            "P_T": 7.415141398134008e-12
        },
        {
            "label": "k_pivot",
            "k_code": 0.0010692272113318377,
            "P_S": 2.4648163373408302e-09,
            "P_T": 7.415142592114283e-12
        },
        {
            "label": "k_plus",
            "k_code": 0.0010692379036039512,
            "P_S": 2.4648159432398356e-09,
            "P_T": 7.41514378939624e-12
        }
    ]
}