{
    "metadata": {
        "run_id": "e3feaf8f",
        "timestamp": "2026-03-23T02:02:22.150984",
        "description": "Batch automated calculation of ns and r from exact MS equations."
    },
    "model_parameters": {
        "name": "Higgs Inflation",
        "xi": 1000,
        "lambda": 0.13,
        "phi0": 5.444444444444445,
        "yi": -0.2,
        "S": 5e-05
    },
    "numerical_settings": {
        "delta_finite_difference": 1e-05,
        "k_start_factor": 100.0
    },
    "background_info": {
        "total_efolds": 60.02155418373339,
        "exit_N_simulation": 0.0
    },
    "observables": {
        "n_s": 2.701118048915615,
        "r": 0.003128114222446886,
        "n_s_SR": 5.785556965908707,
        "r_SR": 0.07549105891902337,
        "P_S_pivot": 2.6242992116031997e-07,
        "P_T_pivot": 8.209107687772119e-10
    },
    "spectrum_scan": [
        {
            "label": "k_minus",
            "k_code": 2.0588413758849387e-05,
            "P_S": 2.6242545688809947e-07,
            "P_T": 8.208968090297867e-10
        },
        {
            "label": "k_pivot",
            "k_code": 2.0588619645045835e-05,
            "P_S": 2.6242992116031997e-07,
            "P_T": 8.209107687772119e-10
        },
        {
            "label": "k_plus",
            "k_code": 2.0588825531242287e-05,
            "P_S": 2.6243438537360704e-07,
            "P_T": 8.209247286784067e-10
        }
    ]
}