{
    "metadata": {
        "run_id": "1ef1761c",
        "timestamp": "2026-03-23T02:04:54.684628",
        "description": "Batch automated calculation of ns and r from exact MS equations."
    },
    "model_parameters": {
        "name": "Higgs Inflation",
        "xi": 1000,
        "lambda": 0.13,
        "phi0": 5.6,
        "yi": -0.2,
        "S": 5e-05
    },
    "numerical_settings": {
        "delta_finite_difference": 1e-05,
        "k_start_factor": 100.0
    },
    "background_info": {
        "total_efolds": 68.35391523932047,
        "exit_N_simulation": 8.234475878651441
    },
    "observables": {
        "n_s": 0.9668863479139277,
        "r": 0.0030160812554149647,
        "n_s_SR": 0.9673115408326751,
        "r_SR": 0.003088974799997071,
        "P_S_pivot": 7.103467829778777e-07,
        "P_T_pivot": 2.142463616983899e-09
    },
    "spectrum_scan": [
        {
            "label": "k_minus",
            "k_code": 0.07751497192409831,
            "P_S": 7.103470177760238e-07,
            "P_T": 2.1424636071893613e-09
        },
        {
            "label": "k_pivot",
            "k_code": 0.07751574708156912,
            "P_S": 7.103467829778777e-07,
            "P_T": 2.142463616983899e-09
        },
        {
            "label": "k_plus",
            "k_code": 0.07751652223903994,
            "P_S": 7.103465473324995e-07,
            "P_T": 2.1424636252168673e-09
        }
    ]
}