{
    "metadata": {
        "run_id": "01aba47d",
        "timestamp": "2026-03-23T02:04:36.161372",
        "description": "Batch automated calculation of ns and r from exact MS equations."
    },
    "model_parameters": {
        "name": "Higgs Inflation",
        "xi": 1000,
        "lambda": 0.13,
        "phi0": 5.5777777777777775,
        "yi": -0.15555555555555556,
        "S": 5e-05
    },
    "numerical_settings": {
        "delta_finite_difference": 1e-05,
        "k_start_factor": 100.0
    },
    "background_info": {
        "total_efolds": 67.43035501055805,
        "exit_N_simulation": 7.204714450402748
    },
    "observables": {
        "n_s": 0.967557449221767,
        "r": 0.002999776261657462,
        "n_s_SR": 0.9674027540710926,
        "r_SR": 0.003072070142639483,
        "P_S_pivot": 7.14255114934742e-07,
        "P_T_pivot": 2.1426055385486615e-09
    },
    "spectrum_scan": [
        {
            "label": "k_minus",
            "k_code": 0.027680894023721352,
            "P_S": 7.142553474955203e-07,
            "P_T": 2.1426055186510763e-09
        },
        {
            "label": "k_pivot",
            "k_code": 0.027681170835429706,
            "P_S": 7.14255114934742e-07,
            "P_T": 2.1426055385486615e-09
        },
        {
            "label": "k_plus",
            "k_code": 0.027681447647138063,
            "P_S": 7.142548840503625e-07,
            "P_T": 2.1426055623388217e-09
        }
    ]
}