{
    "metadata": {
        "run_id": "55f6fb34",
        "timestamp": "2026-03-23T01:07:32.454656",
        "description": "Batch automated calculation of ns and r from exact MS equations."
    },
    "model_parameters": {
        "name": "Higgs Inflation",
        "xi": 1000,
        "lambda": 0.13,
        "phi0": 5.610526315789474,
        "yi": -0.19473684210526318,
        "S": 5e-05
    },
    "numerical_settings": {
        "delta_finite_difference": 1e-05,
        "k_start_factor": 100.0
    },
    "background_info": {
        "total_efolds": 69.12306491084715,
        "exit_N_simulation": 9.263930396118564
    },
    "observables": {
        "n_s": 0.9655223959403794,
        "r": 0.0030523645452258563,
        "n_s_SR": 0.9671094047793072,
        "r_SR": 0.0031265989115161026,
        "P_S_pivot": 7.018000764324622e-07,
        "P_T_pivot": 2.1421496711392437e-09
    },
    "spectrum_scan": [
        {
            "label": "k_minus",
            "k_code": 0.21699038553933475,
            "P_S": 7.018003177923341e-07,
            "P_T": 2.1421496843438264e-09
        },
        {
            "label": "k_pivot",
            "k_code": 0.21699255546488938,
            "P_S": 7.018000764324622e-07,
            "P_T": 2.1421496711392437e-09
        },
        {
            "label": "k_plus",
            "k_code": 0.21699472539044404,
            "P_S": 7.017998338646309e-07,
            "P_T": 2.1421496575955942e-09
        }
    ]
}