{
    "metadata": {
        "run_id": "7b488bfd",
        "timestamp": "2026-03-23T01:09:35.200879",
        "description": "Batch automated calculation of ns and r from exact MS equations."
    },
    "model_parameters": {
        "name": "Higgs Inflation",
        "xi": 1000,
        "lambda": 0.13,
        "phi0": 5.6421052631578945,
        "yi": -0.1,
        "S": 5e-05
    },
    "numerical_settings": {
        "delta_finite_difference": 1e-05,
        "k_start_factor": 100.0
    },
    "background_info": {
        "total_efolds": 71.6438401550097,
        "exit_N_simulation": 11.325528622767255
    },
    "observables": {
        "n_s": 0.9682308271085316,
        "r": 0.0029845607497983257,
        "n_s_SR": 0.9674880700521236,
        "r_SR": 0.0030562965096729926,
        "P_S_pivot": 7.179409754164022e-07,
        "P_T_pivot": 2.1427384558997184e-09
    },
    "spectrum_scan": [
        {
            "label": "k_minus",
            "k_code": 1.7054550484374658,
            "P_S": 7.179412050121133e-07,
            "P_T": 2.142738423977465e-09
        },
        {
            "label": "k_pivot",
            "k_code": 1.7054721031584972,
            "P_S": 7.179409754164022e-07,
            "P_T": 2.1427384558997184e-09
        },
        {
            "label": "k_plus",
            "k_code": 1.7054891578795288,
            "P_S": 7.179407488442926e-07,
            "P_T": 2.1427384895880894e-09
        }
    ]
}