{
    "metadata": {
        "run_id": "acf5b301",
        "timestamp": "2026-03-23T01:11:59.475791",
        "description": "Batch automated calculation of ns and r from exact MS equations."
    },
    "model_parameters": {
        "name": "Higgs Inflation",
        "xi": 1000,
        "lambda": 0.13,
        "phi0": 5.705263157894737,
        "yi": -0.1631578947368421,
        "S": 5e-05
    },
    "numerical_settings": {
        "delta_finite_difference": 1e-05,
        "k_start_factor": 100.0
    },
    "background_info": {
        "total_efolds": 74.8266485406586,
        "exit_N_simulation": 14.418065902138721
    },
    "observables": {
        "n_s": 0.9686920312507578,
        "r": 0.0029686832286715445,
        "n_s_SR": 0.9675773228337949,
        "r_SR": 0.003039837845160377,
        "P_S_pivot": 7.21827654345868e-07,
        "P_T_pivot": 2.142877651447899e-09
    },
    "spectrum_scan": [
        {
            "label": "k_minus",
            "k_code": 37.57734355245392,
            "P_S": 7.218278791457167e-07,
            "P_T": 2.1428776064562965e-09
        },
        {
            "label": "k_pivot",
            "k_code": 37.577719329647216,
            "P_S": 7.21827654345868e-07,
            "P_T": 2.142877651447899e-09
        },
        {
            "label": "k_plus",
            "k_code": 37.578095106840514,
            "P_S": 7.218274271665645e-07,
            "P_T": 2.1428776905071256e-09
        }
    ]
}