{
    "metadata": {
        "run_id": "cf0d879a",
        "timestamp": "2026-03-23T01:08:25.325487",
        "description": "Batch automated calculation of ns and r from exact MS equations."
    },
    "model_parameters": {
        "name": "Higgs Inflation",
        "xi": 1000,
        "lambda": 0.13,
        "phi0": 5.626315789473684,
        "yi": -0.16842105263157897,
        "S": 5e-05
    },
    "numerical_settings": {
        "delta_finite_difference": 1e-05,
        "k_start_factor": 100.0
    },
    "background_info": {
        "total_efolds": 70.25446004002424,
        "exit_N_simulation": 10.294269780856347
    },
    "observables": {
        "n_s": 0.9660649367972372,
        "r": 0.003038767074644231,
        "n_s_SR": 0.9671850244468051,
        "r_SR": 0.003112497958615521,
        "P_S_pivot": 7.049790159592024e-07,
        "P_T_pivot": 2.142267022011914e-09
    },
    "spectrum_scan": [
        {
            "label": "k_minus",
            "k_code": 0.6080271765826717,
            "P_S": 7.049792571504993e-07,
            "P_T": 2.1422670282759853e-09
        },
        {
            "label": "k_pivot",
            "k_code": 0.6080332569152408,
            "P_S": 7.049790159592024e-07,
            "P_T": 2.142267022011914e-09
        },
        {
            "label": "k_plus",
            "k_code": 0.60803933724781,
            "P_S": 7.049787786803494e-07,
            "P_T": 2.1422670191265054e-09
        }
    ]
}