{
    "metadata": {
        "run_id": "0f768ae0",
        "timestamp": "2026-03-23T01:13:19.953674",
        "description": "Batch automated calculation of ns and r from exact MS equations."
    },
    "model_parameters": {
        "name": "Higgs Inflation",
        "xi": 1000,
        "lambda": 0.13,
        "phi0": 5.7368421052631575,
        "yi": -0.1736842105263158,
        "S": 5e-05
    },
    "numerical_settings": {
        "delta_finite_difference": 1e-05,
        "k_start_factor": 100.0
    },
    "background_info": {
        "total_efolds": 76.80312232597146,
        "exit_N_simulation": 16.47978342890398
    },
    "observables": {
        "n_s": 0.9681775544326665,
        "r": 0.0029837054509552767,
        "n_s_SR": 0.9674928732270874,
        "r_SR": 0.003055409365285106,
        "P_S_pivot": 7.18149286600412e-07,
        "P_T_pivot": 2.1427459410292927e-09
    },
    "spectrum_scan": [
        {
            "label": "k_minus",
            "k_code": 295.32855921683824,
            "P_S": 7.18149515054245e-07,
            "P_T": 2.1427459105130654e-09
        },
        {
            "label": "k_pivot",
            "k_code": 295.33151253196354,
            "P_S": 7.18149286600412e-07,
            "P_T": 2.1427459410292927e-09
        },
        {
            "label": "k_plus",
            "k_code": 295.3344658470889,
            "P_S": 7.181490579889144e-07,
            "P_T": 2.1427459747213214e-09
        }
    ]
}