{
    "metadata": {
        "run_id": "629f9b56",
        "timestamp": "2026-03-23T01:07:06.839105",
        "description": "Batch automated calculation of ns and r from exact MS equations."
    },
    "model_parameters": {
        "name": "Higgs Inflation",
        "xi": 1000,
        "lambda": 0.13,
        "phi0": 5.594736842105263,
        "yi": -0.15263157894736842,
        "S": 5e-05
    },
    "numerical_settings": {
        "delta_finite_difference": 1e-05,
        "k_start_factor": 100.0
    },
    "background_info": {
        "total_efolds": 68.43918942195458,
        "exit_N_simulation": 8.234578098938012
    },
    "observables": {
        "n_s": 0.967415324420954,
        "r": 0.00300309385100048,
        "n_s_SR": 0.9673841710019548,
        "r_SR": 0.003075509601107705,
        "P_S_pivot": 7.134564306825334e-07,
        "P_T_pivot": 2.142576619939466e-09
    },
    "spectrum_scan": [
        {
            "label": "k_minus",
            "k_code": 0.07752491789658594,
            "P_S": 7.134566641478302e-07,
            "P_T": 2.142576602796888e-09
        },
        {
            "label": "k_pivot",
            "k_code": 0.07752569315351747,
            "P_S": 7.134564306825334e-07,
            "P_T": 2.142576619939466e-09
        },
        {
            "label": "k_plus",
            "k_code": 0.07752646841044901,
            "P_S": 7.134561991929035e-07,
            "P_T": 2.142576639243753e-09
        }
    ]
}