{
    "metadata": {
        "run_id": "ed7c9a6a",
        "timestamp": "2026-03-23T01:14:12.806385",
        "description": "Batch automated calculation of ns and r from exact MS equations."
    },
    "model_parameters": {
        "name": "Higgs Inflation",
        "xi": 1000,
        "lambda": 0.13,
        "phi0": 5.752631578947368,
        "yi": -0.1473684210526316,
        "S": 5e-05
    },
    "numerical_settings": {
        "delta_finite_difference": 1e-05,
        "k_start_factor": 100.0
    },
    "background_info": {
        "total_efolds": 78.36450406229643,
        "exit_N_simulation": 18.540205538602216
    },
    "observables": {
        "n_s": 0.9654117011100714,
        "r": 0.003056949157165157,
        "n_s_SR": 0.9670839440549324,
        "r_SR": 0.0031313525958287796,
        "P_S_pivot": 7.007346455049276e-07,
        "P_T_pivot": 2.1421101839727133e-09
    },
    "spectrum_scan": [
        {
            "label": "k_minus",
            "k_code": 2317.7768933980315,
            "P_S": 7.007348889905209e-07,
            "P_T": 2.142110203019727e-09
        },
        {
            "label": "k_pivot",
            "k_code": 2317.8000713987453,
            "P_S": 7.007346455049276e-07,
            "P_T": 2.1421101839727133e-09
        },
        {
            "label": "k_plus",
            "k_code": 2317.8232493994597,
            "P_S": 7.007344042461325e-07,
            "P_T": 2.142110169302072e-09
        }
    ]
}