{
    "metadata": {
        "run_id": "a506f7a6",
        "timestamp": "2026-03-23T01:12:43.885765",
        "description": "Batch automated calculation of ns and r from exact MS equations."
    },
    "model_parameters": {
        "name": "Higgs Inflation",
        "xi": 1000,
        "lambda": 0.13,
        "phi0": 5.721052631578948,
        "yi": -0.15789473684210528,
        "S": 5e-05
    },
    "numerical_settings": {
        "delta_finite_difference": 1e-05,
        "k_start_factor": 100.0
    },
    "background_info": {
        "total_efolds": 76.23565625799407,
        "exit_N_simulation": 16.47762065806549
    },
    "observables": {
        "n_s": 0.9650213538000605,
        "r": 0.0030655618187037685,
        "n_s_SR": 0.9670361622892484,
        "r_SR": 0.003140285672523061,
        "P_S_pivot": 6.987417785528744e-07,
        "P_T_pivot": 2.1420361174648555e-09
    },
    "spectrum_scan": [
        {
            "label": "k_minus",
            "k_code": 294.6421993591382,
            "P_S": 6.987420224474062e-07,
            "P_T": 2.14203614062244e-09
        },
        {
            "label": "k_pivot",
            "k_code": 294.6451458105963,
            "P_S": 6.987417785528744e-07,
            "P_T": 2.1420361174648555e-09
        },
        {
            "label": "k_plus",
            "k_code": 294.64809226205443,
            "P_S": 6.987415336265776e-07,
            "P_T": 2.1420360940066548e-09
        }
    ]
}