{
    "metadata": {
        "run_id": "4bb01e41",
        "timestamp": "2026-03-23T01:04:58.854624",
        "description": "Batch automated calculation of ns and r from exact MS equations."
    },
    "model_parameters": {
        "name": "Higgs Inflation",
        "xi": 1000,
        "lambda": 0.13,
        "phi0": 5.5473684210526315,
        "yi": -0.1473684210526316,
        "S": 5e-05
    },
    "numerical_settings": {
        "delta_finite_difference": 1e-05,
        "k_start_factor": 100.0
    },
    "background_info": {
        "total_efolds": 65.99211387596719,
        "exit_N_simulation": 6.174294889162968
    },
    "observables": {
        "n_s": 0.9654175498522469,
        "r": 0.003057797167662807,
        "n_s_SR": 0.9670793716820039,
        "r_SR": 0.003132233255886523,
        "P_S_pivot": 7.005379250699634e-07,
        "P_T_pivot": 2.1421028831193137e-09
    },
    "spectrum_scan": [
        {
            "label": "k_minus",
            "k_code": 0.009876979133976314,
            "P_S": 7.005381685629826e-07,
            "P_T": 2.1421029035480833e-09
        },
        {
            "label": "k_pivot",
            "k_code": 0.00987707790475536,
            "P_S": 7.005379250699634e-07,
            "P_T": 2.1421028831193137e-09
        },
        {
            "label": "k_plus",
            "k_code": 0.00987717667553441,
            "P_S": 7.005376840366242e-07,
            "P_T": 2.1421028702933352e-09
        }
    ]
}