{
    "metadata": {
        "run_id": "9af425b1",
        "timestamp": "2026-03-23T01:16:06.674151",
        "description": "Batch automated calculation of ns and r from exact MS equations."
    },
    "model_parameters": {
        "name": "Higgs Inflation",
        "xi": 1000,
        "lambda": 0.13,
        "phi0": 5.8,
        "yi": -0.17894736842105263,
        "S": 5e-05
    },
    "numerical_settings": {
        "delta_finite_difference": 1e-05,
        "k_start_factor": 100.0
    },
    "background_info": {
        "total_efolds": 80.92555730678824,
        "exit_N_simulation": 20.605384436710338
    },
    "observables": {
        "n_s": 0.9682363697866649,
        "r": 0.0029842444469973003,
        "n_s_SR": 0.9674898454557438,
        "r_SR": 0.0030559673954499975,
        "P_S_pivot": 7.18017997715912e-07,
        "P_T_pivot": 2.142741222527831e-09
    },
    "spectrum_scan": [
        {
            "label": "k_minus",
            "k_code": 18282.295607872544,
            "P_S": 7.180182255851008e-07,
            "P_T": 2.142741189810855e-09
        },
        {
            "label": "k_pivot",
            "k_code": 18282.47843265687,
            "P_S": 7.18017997715912e-07,
            "P_T": 2.142741222527831e-09
        },
        {
            "label": "k_plus",
            "k_code": 18282.6612574412,
            "P_S": 7.180177694479373e-07,
            "P_T": 2.142741259282702e-09
        }
    ]
}