{
    "metadata": {
        "run_id": "951de30d",
        "timestamp": "2026-03-23T02:10:35.992199",
        "description": "Batch automated calculation of ns and r from exact MS equations."
    },
    "model_parameters": {
        "name": "Higgs Inflation",
        "xi": 1000,
        "lambda": 0.13,
        "phi0": 5.521428571428571,
        "yi": -0.19285714285714287,
        "S": 5e-05
    },
    "numerical_settings": {
        "delta_finite_difference": 1e-05,
        "k_start_factor": 100.0
    },
    "background_info": {
        "total_efolds": 63.87168370715338,
        "exit_N_simulation": 3.9100663902612496
    },
    "observables": {
        "n_s": 0.9971572747448265,
        "r": 0.0030142539670624216,
        "n_s_SR": 0.9674976067036852,
        "r_SR": 0.0030872448489048044,
        "P_S_pivot": 7.111757395701836e-07,
        "P_T_pivot": 2.1436642942779774e-09
    },
    "spectrum_scan": [
        {
            "label": "k_minus",
            "k_code": 0.0010264079844119253,
            "P_S": 7.111757592254377e-07,
            "P_T": 2.1436637111419615e-09
        },
        {
            "label": "k_pivot",
            "k_code": 0.0010264182485944112,
            "P_S": 7.111757395701836e-07,
            "P_T": 2.1436642942779774e-09
        },
        {
            "label": "k_plus",
            "k_code": 0.0010264285127768971,
            "P_S": 7.111757187918937e-07,
            "P_T": 2.1436648776838147e-09
        }
    ]
}