{
    "metadata": {
        "run_id": "09cb455d",
        "timestamp": "2026-03-23T02:12:00.096691",
        "description": "Batch automated calculation of ns and r from exact MS equations."
    },
    "model_parameters": {
        "name": "Higgs Inflation",
        "xi": 1000,
        "lambda": 0.13,
        "phi0": 5.571428571428571,
        "yi": -0.1,
        "S": 5e-05
    },
    "numerical_settings": {
        "delta_finite_difference": 1e-05,
        "k_start_factor": 100.0
    },
    "background_info": {
        "total_efolds": 67.5159007080743,
        "exit_N_simulation": 7.61623073133468
    },
    "observables": {
        "n_s": 0.9575565517785362,
        "r": 0.0030251486625616298,
        "n_s_SR": 0.9672608177613615,
        "r_SR": 0.003098395677833679,
        "P_S_pivot": 7.083053894994311e-07,
        "P_T_pivot": 2.1427291017293983e-09
    },
    "spectrum_scan": [
        {
            "label": "k_minus",
            "k_code": 0.04177122656513775,
            "P_S": 7.083056891078514e-07,
            "P_T": 2.1427292999214756e-09
        },
        {
            "label": "k_pivot",
            "k_code": 0.04177164428158057,
            "P_S": 7.083053894994311e-07,
            "P_T": 2.1427291017293983e-09
        },
        {
            "label": "k_plus",
            "k_code": 0.041772061998023385,
            "P_S": 7.083050878493898e-07,
            "P_T": 2.1427289007343202e-09
        }
    ]
}