{
    "metadata": {
        "run_id": "bdc80ca7",
        "timestamp": "2026-03-23T02:04:03.040175",
        "description": "Batch automated calculation of ns and r from exact MS equations."
    },
    "model_parameters": {
        "name": "Higgs Inflation",
        "xi": 1000,
        "lambda": 0.13,
        "phi0": 5.533333333333333,
        "yi": -0.1,
        "S": 5e-05
    },
    "numerical_settings": {
        "delta_finite_difference": 1e-05,
        "k_start_factor": 100.0
    },
    "background_info": {
        "total_efolds": 65.41589784288388,
        "exit_N_simulation": 5.145358175885939
    },
    "observables": {
        "n_s": 0.9678341942479396,
        "r": 0.002992530607098246,
        "n_s_SR": 0.9674450791718976,
        "r_SR": 0.003064560343801825,
        "P_S_pivot": 7.160056357888061e-07,
        "P_T_pivot": 2.1426687799528416e-09
    },
    "spectrum_scan": [
        {
            "label": "k_minus",
            "k_code": 0.003530363136812236,
            "P_S": 7.160058666997766e-07,
            "P_T": 2.142668752790596e-09
        },
        {
            "label": "k_pivot",
            "k_code": 0.0035303984407966437,
            "P_S": 7.160056357888061e-07,
            "P_T": 2.1426687799528416e-09
        },
        {
            "label": "k_plus",
            "k_code": 0.003530433744781052,
            "P_S": 7.160054060818111e-07,
            "P_T": 2.1426688048313056e-09
        }
    ]
}