{
    "metadata": {
        "run_id": "a0094c98",
        "timestamp": "2026-03-23T02:07:50.424809",
        "description": "Batch automated calculation of ns and r from exact MS equations."
    },
    "model_parameters": {
        "name": "Higgs Inflation",
        "xi": 1000,
        "lambda": 0.13,
        "phi0": 5.525,
        "yi": -0.2,
        "S": 5e-05
    },
    "numerical_settings": {
        "delta_finite_difference": 1e-05,
        "k_start_factor": 100.0
    },
    "background_info": {
        "total_efolds": 64.03674119953101,
        "exit_N_simulation": 4.115880451297684
    },
    "observables": {
        "n_s": 0.9669693668397265,
        "r": 0.0030214798943171686,
        "n_s_SR": 0.967380135753176,
        "r_SR": 0.003094681197174864,
        "P_S_pivot": 7.09062187989195e-07,
        "P_T_pivot": 2.1424171448298933e-09
    },
    "spectrum_scan": [
        {
            "label": "k_minus",
            "k_code": 0.0012609492845008744,
            "P_S": 7.09062423075456e-07,
            "P_T": 2.142417135116109e-09
        },
        {
            "label": "k_pivot",
            "k_code": 0.0012609618941198156,
            "P_S": 7.09062187989195e-07,
            "P_T": 2.1424171448298933e-09
        },
        {
            "label": "k_plus",
            "k_code": 0.0012609745037387569,
            "P_S": 7.090619546599952e-07,
            "P_T": 2.142417158416775e-09
        }
    ]
}