{
    "metadata": {
        "run_id": "2432719a",
        "timestamp": "2026-03-23T01:09:47.908662",
        "description": "Batch automated calculation of ns and r from exact MS equations."
    },
    "model_parameters": {
        "name": "Higgs Inflation",
        "xi": 1000,
        "lambda": 0.13,
        "phi0": 5.657894736842105,
        "yi": -0.1736842105263158,
        "S": 5e-05
    },
    "numerical_settings": {
        "delta_finite_difference": 1e-05,
        "k_start_factor": 100.0
    },
    "background_info": {
        "total_efolds": 72.1476960374869,
        "exit_N_simulation": 12.354612751140307
    },
    "observables": {
        "n_s": 0.9651919517354433,
        "r": 0.003061022125908442,
        "n_s_SR": 0.9670613400927281,
        "r_SR": 0.003135577689547895,
        "P_S_pivot": 6.99790804932446e-07,
        "P_T_pivot": 2.142075137405496e-09
    },
    "spectrum_scan": [
        {
            "label": "k_minus",
            "k_code": 4.771987418895671,
            "P_S": 6.997910493757445e-07,
            "P_T": 2.1420751611444222e-09
        },
        {
            "label": "k_pivot",
            "k_code": 4.7720351392470635,
            "P_S": 6.99790804932446e-07,
            "P_T": 2.142075137405496e-09
        },
        {
            "label": "k_plus",
            "k_code": 4.772082859598457,
            "P_S": 6.99790562208702e-07,
            "P_T": 2.1420751207392384e-09
        }
    ]
}