{
    "metadata": {
        "run_id": "83ef36fb",
        "timestamp": "2026-03-23T01:13:17.861714",
        "description": "Batch automated calculation of ns and r from exact MS equations."
    },
    "model_parameters": {
        "name": "Higgs Inflation",
        "xi": 1000,
        "lambda": 0.13,
        "phi0": 5.7368421052631575,
        "yi": -0.17894736842105263,
        "S": 5e-05
    },
    "numerical_settings": {
        "delta_finite_difference": 1e-05,
        "k_start_factor": 100.0
    },
    "background_info": {
        "total_efolds": 76.77239069099438,
        "exit_N_simulation": 16.47965712979496
    },
    "observables": {
        "n_s": 0.9680937474268875,
        "r": 0.002988862751858065,
        "n_s_SR": 0.967463925643858,
        "r_SR": 0.0030607557482492066,
        "P_S_pivot": 7.168950237483493e-07,
        "P_T_pivot": 2.142700833473844e-09
    },
    "spectrum_scan": [
        {
            "label": "k_minus",
            "k_code": 295.2881918137016,
            "P_S": 7.168952514511804e-07,
            "P_T": 2.142700799042516e-09
        },
        {
            "label": "k_pivot",
            "k_code": 295.2911447251488,
            "P_S": 7.168950237483493e-07,
            "P_T": 2.142700833473844e-09
        },
        {
            "label": "k_plus",
            "k_code": 295.29409763659606,
            "P_S": 7.168947939825079e-07,
            "P_T": 2.1427008599995576e-09
        }
    ]
}