{
    "metadata": {
        "run_id": "1623956a",
        "timestamp": "2026-03-23T01:09:09.786627",
        "description": "Batch automated calculation of ns and r from exact MS equations."
    },
    "model_parameters": {
        "name": "Higgs Inflation",
        "xi": 1000,
        "lambda": 0.13,
        "phi0": 5.6421052631578945,
        "yi": -0.1631578947368421,
        "S": 5e-05
    },
    "numerical_settings": {
        "delta_finite_difference": 1e-05,
        "k_start_factor": 100.0
    },
    "background_info": {
        "total_efolds": 71.25340580216513,
        "exit_N_simulation": 11.32450069829325
    },
    "observables": {
        "n_s": 0.9658714118678289,
        "r": 0.0030430304900468056,
        "n_s_SR": 0.9671612973464082,
        "r_SR": 0.003116919081923055,
        "P_S_pivot": 7.039792064105021e-07,
        "P_T_pivot": 2.1422301894661118e-09
    },
    "spectrum_scan": [
        {
            "label": "k_minus",
            "k_code": 1.7035029658391352,
            "P_S": 7.039794457055877e-07,
            "P_T": 2.1422301961578176e-09
        },
        {
            "label": "k_pivot",
            "k_code": 1.7035200010391456,
            "P_S": 7.039792064105021e-07,
            "P_T": 2.1422301894661118e-09
        },
        {
            "label": "k_plus",
            "k_code": 1.703537036239156,
            "P_S": 7.039789651892613e-07,
            "P_T": 2.1422301795687034e-09
        }
    ]
}