{
    "metadata": {
        "run_id": "0a4bd898",
        "timestamp": "2026-03-23T01:10:00.657034",
        "description": "Batch automated calculation of ns and r from exact MS equations."
    },
    "model_parameters": {
        "name": "Higgs Inflation",
        "xi": 1000,
        "lambda": 0.13,
        "phi0": 5.657894736842105,
        "yi": -0.14210526315789473,
        "S": 5e-05
    },
    "numerical_settings": {
        "delta_finite_difference": 1e-05,
        "k_start_factor": 100.0
    },
    "background_info": {
        "total_efolds": 72.37100631553072,
        "exit_N_simulation": 12.355175766138041
    },
    "observables": {
        "n_s": 0.9663711014906375,
        "r": 0.003031043018905786,
        "n_s_SR": 0.9672280504517655,
        "r_SR": 0.0031044881323713156,
        "P_S_pivot": 7.067975709789451e-07,
        "P_T_pivot": 2.1423338432952983e-09
    },
    "spectrum_scan": [
        {
            "label": "k_minus",
            "k_code": 4.774960653060657,
            "P_S": 7.067978092608284e-07,
            "P_T": 2.142333844688003e-09
        },
        {
            "label": "k_pivot",
            "k_code": 4.775008403144688,
            "P_S": 7.067975709789451e-07,
            "P_T": 2.1423338432952983e-09
        },
        {
            "label": "k_plus",
            "k_code": 4.77505615322872,
            "P_S": 7.067973338843516e-07,
            "P_T": 2.142333846291215e-09
        }
    ]
}