{
    "metadata": {
        "run_id": "1daa94c8",
        "timestamp": "2026-03-23T02:10:59.173967",
        "description": "Batch automated calculation of ns and r from exact MS equations."
    },
    "model_parameters": {
        "name": "Higgs Inflation",
        "xi": 1000,
        "lambda": 0.13,
        "phi0": 5.535714285714286,
        "yi": -0.16428571428571428,
        "S": 5e-05
    },
    "numerical_settings": {
        "delta_finite_difference": 1e-05,
        "k_start_factor": 100.0
    },
    "background_info": {
        "total_efolds": 64.89868242153577,
        "exit_N_simulation": 4.939358137499613
    },
    "observables": {
        "n_s": 0.961407635586687,
        "r": 0.0030146354793281122,
        "n_s_SR": 0.9673259792989143,
        "r_SR": 0.0030875016348566615,
        "P_S_pivot": 7.108050543270745e-07,
        "P_T_pivot": 2.142818135660145e-09
    },
    "spectrum_scan": [
        {
            "label": "k_minus",
            "k_code": 0.0028729984094975187,
            "P_S": 7.108053720742453e-07,
            "P_T": 2.1428183848698547e-09
        },
        {
            "label": "k_pivot",
            "k_code": 0.0028730271397689163,
            "P_S": 7.108050543270745e-07,
            "P_T": 2.142818135660145e-09
        },
        {
            "label": "k_plus",
            "k_code": 0.0028730558700403143,
            "P_S": 7.108048234412574e-07,
            "P_T": 2.1428181480939563e-09
        }
    ]
}