{
    "metadata": {
        "run_id": "d94bbafe",
        "timestamp": "2026-03-23T01:11:38.385120",
        "description": "Batch automated calculation of ns and r from exact MS equations."
    },
    "model_parameters": {
        "name": "Higgs Inflation",
        "xi": 1000,
        "lambda": 0.13,
        "phi0": 5.689473684210526,
        "yi": -0.1105263157894737,
        "S": 5e-05
    },
    "numerical_settings": {
        "delta_finite_difference": 1e-05,
        "k_start_factor": 100.0
    },
    "background_info": {
        "total_efolds": 74.56241068078235,
        "exit_N_simulation": 14.416958680357833
    },
    "observables": {
        "n_s": 0.9671768004648189,
        "r": 0.0030121870541660336,
        "n_s_SR": 0.9673333029183503,
        "r_SR": 0.0030849369143025112,
        "P_S_pivot": 7.112763667688331e-07,
        "P_T_pivot": 2.1424974639153306e-09
    },
    "spectrum_scan": [
        {
            "label": "k_minus",
            "k_code": 37.53247060922398,
            "P_S": 7.112765998595005e-07,
            "P_T": 2.142497450644291e-09
        },
        {
            "label": "k_pivot",
            "k_code": 37.532845937683355,
            "P_S": 7.112763667688331e-07,
            "P_T": 2.1424974639153306e-09
        },
        {
            "label": "k_plus",
            "k_code": 37.53322126614273,
            "P_S": 7.112761329321787e-07,
            "P_T": 2.1424974771044484e-09
        }
    ]
}