{
    "metadata": {
        "run_id": "b77d7ef6",
        "timestamp": "2026-03-23T02:10:30.850995",
        "description": "Batch automated calculation of ns and r from exact MS equations."
    },
    "model_parameters": {
        "name": "Higgs Inflation",
        "xi": 1000,
        "lambda": 0.13,
        "phi0": 5.514285714285714,
        "yi": -0.15000000000000002,
        "S": 5e-05
    },
    "numerical_settings": {
        "delta_finite_difference": 1e-05,
        "k_start_factor": 100.0
    },
    "background_info": {
        "total_efolds": 63.86461994052024,
        "exit_N_simulation": 3.909977365473618
    },
    "observables": {
        "n_s": 0.9972198669874497,
        "r": 0.003015507232846641,
        "n_s_SR": 0.9674419279980964,
        "r_SR": 0.0030884983775724575,
        "P_S_pivot": 7.108761155554594e-07,
        "P_T_pivot": 2.1436520681154125e-09
    },
    "spectrum_scan": [
        {
            "label": "k_minus",
            "k_code": 0.00102631402374708,
            "P_S": 7.108761356009804e-07,
            "P_T": 2.1436514859135925e-09
        },
        {
            "label": "k_pivot",
            "k_code": 0.00102632428698995,
            "P_S": 7.108761155554594e-07,
            "P_T": 2.1436520681154125e-09
        },
        {
            "label": "k_plus",
            "k_code": 0.0010263345502328199,
            "P_S": 7.108760960743762e-07,
            "P_T": 2.1436526515510126e-09
        }
    ]
}