{
    "metadata": {
        "run_id": "767930c2",
        "timestamp": "2026-03-23T02:10:27.617799",
        "description": "Batch automated calculation of ns and r from exact MS equations."
    },
    "model_parameters": {
        "name": "Higgs Inflation",
        "xi": 1000,
        "lambda": 0.13,
        "phi0": 5.514285714285714,
        "yi": -0.19285714285714287,
        "S": 5e-05
    },
    "numerical_settings": {
        "delta_finite_difference": 1e-05,
        "k_start_factor": 100.0
    },
    "background_info": {
        "total_efolds": 63.47486669111407,
        "exit_N_simulation": 3.498394759670079
    },
    "observables": {
        "n_s": 0.9750801943156284,
        "r": 0.003011576900688743,
        "n_s_SR": 0.967944516421996,
        "r_SR": 0.0030848848902074203,
        "P_S_pivot": 7.109668742345404e-07,
        "P_T_pivot": 2.1411314155996206e-09
    },
    "spectrum_scan": [
        {
            "label": "k_minus",
            "k_code": 0.0006800418835769702,
            "P_S": 7.10967052414037e-07,
            "P_T": 2.1411312051688544e-09
        },
        {
            "label": "k_pivot",
            "k_code": 0.0006800486840638109,
            "P_S": 7.109668742345404e-07,
            "P_T": 2.1411314155996206e-09
        },
        {
            "label": "k_plus",
            "k_code": 0.0006800554845506515,
            "P_S": 7.10966698070909e-07,
            "P_T": 2.141131626451195e-09
        }
    ]
}