{
    "metadata": {
        "run_id": "c283d1e5",
        "timestamp": "2026-03-23T01:03:25.036824",
        "description": "Batch automated calculation of ns and r from exact MS equations."
    },
    "model_parameters": {
        "name": "Higgs Inflation",
        "xi": 1000,
        "lambda": 0.13,
        "phi0": 5.515789473684211,
        "yi": -0.1631578947368421,
        "S": 5e-05
    },
    "numerical_settings": {
        "delta_finite_difference": 1e-05,
        "k_start_factor": 100.0
    },
    "background_info": {
        "total_efolds": 64.07707389987877,
        "exit_N_simulation": 4.115677462927438
    },
    "observables": {
        "n_s": 0.9663030662235816,
        "r": 0.003038597001325306,
        "n_s_SR": 0.9672620309117399,
        "r_SR": 0.0031124045562688327,
        "P_S_pivot": 7.050190274854636e-07,
        "P_T_pivot": 2.142268702794613e-09
    },
    "spectrum_scan": [
        {
            "label": "k_minus",
            "k_code": 0.0012606501673447076,
            "P_S": 7.05019265113952e-07,
            "P_T": 2.1422687030749404e-09
        },
        {
            "label": "k_pivot",
            "k_code": 0.0012606627739724474,
            "P_S": 7.050190274854636e-07,
            "P_T": 2.142268702794613e-09
        },
        {
            "label": "k_plus",
            "k_code": 0.0012606753806001872,
            "P_S": 7.050187899743624e-07,
            "P_T": 2.1422687005134623e-09
        }
    ]
}