{
    "metadata": {
        "run_id": "eb3a5b5f",
        "timestamp": "2026-03-23T01:13:55.925991",
        "description": "Batch automated calculation of ns and r from exact MS equations."
    },
    "model_parameters": {
        "name": "Higgs Inflation",
        "xi": 1000,
        "lambda": 0.13,
        "phi0": 5.752631578947368,
        "yi": -0.18947368421052632,
        "S": 5e-05
    },
    "numerical_settings": {
        "delta_finite_difference": 1e-05,
        "k_start_factor": 100.0
    },
    "background_info": {
        "total_efolds": 77.73429423368339,
        "exit_N_simulation": 17.51058019185597
    },
    "observables": {
        "n_s": 0.9676925524399828,
        "r": 0.0030000821459566156,
        "n_s_SR": 0.9674010339030888,
        "r_SR": 0.0030723863047726462,
        "P_S_pivot": 7.141813994715484e-07,
        "P_T_pivot": 2.1426028655289016e-09
    },
    "spectrum_scan": [
        {
            "label": "k_minus",
            "k_code": 827.866803375656,
            "P_S": 7.141816330557897e-07,
            "P_T": 2.1426028502905465e-09
        },
        {
            "label": "k_pivot",
            "k_code": 827.8750821264772,
            "P_S": 7.141813994715484e-07,
            "P_T": 2.1426028655289016e-09
        },
        {
            "label": "k_plus",
            "k_code": 827.8833608772985,
            "P_S": 7.141811715882261e-07,
            "P_T": 2.1426028961448e-09
        }
    ]
}