{
    "metadata": {
        "run_id": "96418514",
        "timestamp": "2026-03-23T02:11:38.375554",
        "description": "Batch automated calculation of ns and r from exact MS equations."
    },
    "model_parameters": {
        "name": "Higgs Inflation",
        "xi": 1000,
        "lambda": 0.13,
        "phi0": 5.564285714285714,
        "yi": -0.19285714285714287,
        "S": 5e-05
    },
    "numerical_settings": {
        "delta_finite_difference": 1e-05,
        "k_start_factor": 100.0
    },
    "background_info": {
        "total_efolds": 66.18062312662204,
        "exit_N_simulation": 6.174958113298327
    },
    "observables": {
        "n_s": 0.9582372987937583,
        "r": 0.0030061211100854955,
        "n_s_SR": 0.9673673174428088,
        "r_SR": 0.003078667361206887,
        "P_S_pivot": 7.128425652571507e-07,
        "P_T_pivot": 2.1428910835870184e-09
    },
    "spectrum_scan": [
        {
            "label": "k_minus",
            "k_code": 0.009884553627078168,
            "P_S": 7.128428613538848e-07,
            "P_T": 2.1428912700450097e-09
        },
        {
            "label": "k_pivot",
            "k_code": 0.009884652473602904,
            "P_S": 7.128425652571507e-07,
            "P_T": 2.1428910835870184e-09
        },
        {
            "label": "k_plus",
            "k_code": 0.00988475132012764,
            "P_S": 7.128422659492643e-07,
            "P_T": 2.1428908941010596e-09
        }
    ]
}