{
    "metadata": {
        "run_id": "4f911233",
        "timestamp": "2026-03-23T02:12:12.214879",
        "description": "Batch automated calculation of ns and r from exact MS equations."
    },
    "model_parameters": {
        "name": "Higgs Inflation",
        "xi": 1000,
        "lambda": 0.13,
        "phi0": 5.585714285714285,
        "yi": -0.2,
        "S": 5e-05
    },
    "numerical_settings": {
        "delta_finite_difference": 1e-05,
        "k_start_factor": 100.0
    },
    "background_info": {
        "total_efolds": 67.36665271390744,
        "exit_N_simulation": 7.410562153956549
    },
    "observables": {
        "n_s": 0.95763708407048,
        "r": 0.0030152180737726187,
        "n_s_SR": 0.9673162653362221,
        "r_SR": 0.003088098917083916,
        "P_S_pivot": 7.106661419975598e-07,
        "P_T_pivot": 2.1428133957693006e-09
    },
    "spectrum_scan": [
        {
            "label": "k_minus",
            "k_code": 0.03400675135059537,
            "P_S": 7.106664951174441e-07,
            "P_T": 2.1428137536505142e-09
        },
        {
            "label": "k_pivot",
            "k_code": 0.03400709142150958,
            "P_S": 7.106661419975598e-07,
            "P_T": 2.1428133957693006e-09
        },
        {
            "label": "k_plus",
            "k_code": 0.0340074314924238,
            "P_S": 7.106658929995986e-07,
            "P_T": 2.142813355163133e-09
        }
    ]
}