{
    "metadata": {
        "run_id": "83c3f62d",
        "timestamp": "2026-03-23T01:08:52.826626",
        "description": "Batch automated calculation of ns and r from exact MS equations."
    },
    "model_parameters": {
        "name": "Higgs Inflation",
        "xi": 1000,
        "lambda": 0.13,
        "phi0": 5.626315789473684,
        "yi": -0.1,
        "S": 5e-05
    },
    "numerical_settings": {
        "delta_finite_difference": 1e-05,
        "k_start_factor": 100.0
    },
    "background_info": {
        "total_efolds": 70.66053341070666,
        "exit_N_simulation": 10.29526965501856
    },
    "observables": {
        "n_s": 0.9684278484411956,
        "r": 0.0029764431657158,
        "n_s_SR": 0.9675336736344194,
        "r_SR": 0.003047881827362609,
        "P_S_pivot": 7.199228875855586e-07,
        "P_T_pivot": 2.14280955859642e-09
    },
    "spectrum_scan": [
        {
            "label": "k_minus",
            "k_code": 0.6087116392649999,
            "P_S": 7.199231144534026e-07,
            "P_T": 2.1428095209041236e-09
        },
        {
            "label": "k_pivot",
            "k_code": 0.6087177264422643,
            "P_S": 7.199228875855586e-07,
            "P_T": 2.14280955859642e-09
        },
        {
            "label": "k_plus",
            "k_code": 0.6087238136195288,
            "P_S": 7.199226598631127e-07,
            "P_T": 2.1428095960608735e-09
        }
    ]
}