{
    "metadata": {
        "run_id": "3009986a",
        "timestamp": "2026-03-23T01:13:47.480591",
        "description": "Batch automated calculation of ns and r from exact MS equations."
    },
    "model_parameters": {
        "name": "Higgs Inflation",
        "xi": 1000,
        "lambda": 0.13,
        "phi0": 5.7368421052631575,
        "yi": -0.10526315789473685,
        "S": 5e-05
    },
    "numerical_settings": {
        "delta_finite_difference": 1e-05,
        "k_start_factor": 100.0
    },
    "background_info": {
        "total_efolds": 77.64324080913815,
        "exit_N_simulation": 17.510064570739388
    },
    "observables": {
        "n_s": 0.9670050955915487,
        "r": 0.0030140323143954357,
        "n_s_SR": 0.9673229890645072,
        "r_SR": 0.0030868497586818357,
        "P_S_pivot": 7.108355836910854e-07,
        "P_T_pivot": 2.1424814194670727e-09
    },
    "spectrum_scan": [
        {
            "label": "k_minus",
            "k_code": 827.4168576041046,
            "P_S": 7.108358203198818e-07,
            "P_T": 2.1424814095805778e-09
        },
        {
            "label": "k_pivot",
            "k_code": 827.4251318554232,
            "P_S": 7.108355836910854e-07,
            "P_T": 2.1424814194670727e-09
        },
        {
            "label": "k_plus",
            "k_code": 827.4334061067418,
            "P_S": 7.108353512408367e-07,
            "P_T": 2.142481434666085e-09
        }
    ]
}