{
    "metadata": {
        "run_id": "77ee55c9",
        "timestamp": "2026-03-23T01:09:37.310188",
        "description": "Batch automated calculation of ns and r from exact MS equations."
    },
    "model_parameters": {
        "name": "Higgs Inflation",
        "xi": 1000,
        "lambda": 0.13,
        "phi0": 5.657894736842105,
        "yi": -0.2,
        "S": 5e-05
    },
    "numerical_settings": {
        "delta_finite_difference": 1e-05,
        "k_start_factor": 100.0
    },
    "background_info": {
        "total_efolds": 71.63377267354338,
        "exit_N_simulation": 11.325659435133598
    },
    "observables": {
        "n_s": 0.968046439936517,
        "r": 0.0029862858426601474,
        "n_s_SR": 0.9674783861509726,
        "r_SR": 0.0030580846912100154,
        "P_S_pivot": 7.175211865220218e-07,
        "P_T_pivot": 2.1427233611194247e-09
    },
    "spectrum_scan": [
        {
            "label": "k_minus",
            "k_code": 1.7056722250628644,
            "P_S": 7.175214169169723e-07,
            "P_T": 2.1427233350575477e-09
        },
        {
            "label": "k_pivot",
            "k_code": 1.705689281955684,
            "P_S": 7.175211865220218e-07,
            "P_T": 2.1427233611194247e-09
        },
        {
            "label": "k_plus",
            "k_code": 1.7057063388485036,
            "P_S": 7.175209583698453e-07,
            "P_T": 2.142723394412644e-09
        }
    ]
}