{
    "metadata": {
        "run_id": "11fcbe27",
        "timestamp": "2026-03-23T01:12:18.464025",
        "description": "Batch automated calculation of ns and r from exact MS equations."
    },
    "model_parameters": {
        "name": "Higgs Inflation",
        "xi": 1000,
        "lambda": 0.13,
        "phi0": 5.705263157894737,
        "yi": -0.11578947368421054,
        "S": 5e-05
    },
    "numerical_settings": {
        "delta_finite_difference": 1e-05,
        "k_start_factor": 100.0
    },
    "background_info": {
        "total_efolds": 75.53402252832116,
        "exit_N_simulation": 15.447672574905761
    },
    "observables": {
        "n_s": 0.96675103730603,
        "r": 0.003020950558565491,
        "n_s_SR": 0.9672843475383869,
        "r_SR": 0.003094023252912533,
        "P_S_pivot": 7.091878165064496e-07,
        "P_T_pivot": 2.1424213304029996e-09
    },
    "spectrum_scan": [
        {
            "label": "k_minus",
            "k_code": 105.2041508797488,
            "P_S": 7.091880532140161e-07,
            "P_T": 2.1424213262947913e-09
        },
        {
            "label": "k_pivot",
            "k_code": 105.2052029317781,
            "P_S": 7.091878165064496e-07,
            "P_T": 2.1424213304029996e-09
        },
        {
            "label": "k_plus",
            "k_code": 105.20625498380743,
            "P_S": 7.091875816188308e-07,
            "P_T": 2.1424213401771625e-09
        }
    ]
}