{
    "metadata": {
        "run_id": "ffdb6935",
        "timestamp": "2026-03-23T01:14:06.468741",
        "description": "Batch automated calculation of ns and r from exact MS equations."
    },
    "model_parameters": {
        "name": "Higgs Inflation",
        "xi": 1000,
        "lambda": 0.13,
        "phi0": 5.752631578947368,
        "yi": -0.1631578947368421,
        "S": 5e-05
    },
    "numerical_settings": {
        "delta_finite_difference": 1e-05,
        "k_start_factor": 100.0
    },
    "background_info": {
        "total_efolds": 77.89057299309309,
        "exit_N_simulation": 17.511254373709566
    },
    "observables": {
        "n_s": 0.968601221757504,
        "r": 0.0029739548548599476,
        "n_s_SR": 0.9675476641339494,
        "r_SR": 0.0030453016027024767,
        "P_S_pivot": 7.205325858982534e-07,
        "P_T_pivot": 2.142831381916903e-09
    },
    "spectrum_scan": [
        {
            "label": "k_minus",
            "k_code": 828.468753722769,
            "P_S": 7.205328121796807e-07,
            "P_T": 2.1428313419352837e-09
        },
        {
            "label": "k_pivot",
            "k_code": 828.4770384931538,
            "P_S": 7.205325858982534e-07,
            "P_T": 2.142831381916903e-09
        },
        {
            "label": "k_plus",
            "k_code": 828.4853232635388,
            "P_S": 7.205323597028222e-07,
            "P_T": 2.142831421996989e-09
        }
    ]
}