{
    "metadata": {
        "run_id": "35fc1920",
        "timestamp": "2026-03-23T01:14:57.057101",
        "description": "Batch automated calculation of ns and r from exact MS equations."
    },
    "model_parameters": {
        "name": "Higgs Inflation",
        "xi": 1000,
        "lambda": 0.13,
        "phi0": 5.768421052631579,
        "yi": -0.14210526315789473,
        "S": 5e-05
    },
    "numerical_settings": {
        "delta_finite_difference": 1e-05,
        "k_start_factor": 100.0
    },
    "background_info": {
        "total_efolds": 79.44491215415016,
        "exit_N_simulation": 19.571763842857678
    },
    "observables": {
        "n_s": 0.9656711961133212,
        "r": 0.003050507069142829,
        "n_s_SR": 0.9671197253479462,
        "r_SR": 0.0031246715304317375,
        "P_S_pivot": 7.022326566027305e-07,
        "P_T_pivot": 2.1421656831495783e-09
    },
    "spectrum_scan": [
        {
            "label": "k_minus",
            "k_code": 6502.453973849259,
            "P_S": 7.022328970974658e-07,
            "P_T": 2.1421656959997406e-09
        },
        {
            "label": "k_pivot",
            "k_code": 6502.518999039248,
            "P_S": 7.022326566027305e-07,
            "P_T": 2.1421656831495783e-09
        },
        {
            "label": "k_plus",
            "k_code": 6502.584024229239,
            "P_S": 7.022324149613233e-07,
            "P_T": 2.142165671566158e-09
        }
    ]
}