{
    "metadata": {
        "run_id": "a0971fd0",
        "timestamp": "2026-03-23T01:13:15.747771",
        "description": "Batch automated calculation of ns and r from exact MS equations."
    },
    "model_parameters": {
        "name": "Higgs Inflation",
        "xi": 1000,
        "lambda": 0.13,
        "phi0": 5.7368421052631575,
        "yi": -0.1842105263157895,
        "S": 5e-05
    },
    "numerical_settings": {
        "delta_finite_difference": 1e-05,
        "k_start_factor": 100.0
    },
    "background_info": {
        "total_efolds": 76.74089687774344,
        "exit_N_simulation": 16.47953090220763
    },
    "observables": {
        "n_s": 0.967794363710503,
        "r": 0.0029940296433250317,
        "n_s_SR": 0.9674349483375179,
        "r_SR": 0.0030661121532891944,
        "P_S_pivot": 7.156427758193973e-07,
        "P_T_pivot": 2.1426556848346857e-09
    },
    "spectrum_scan": [
        {
            "label": "k_minus",
            "k_code": 295.24784793635473,
            "P_S": 7.156430055090381e-07,
            "P_T": 2.1426556591353157e-09
        },
        {
            "label": "k_pivot",
            "k_code": 295.2508004443592,
            "P_S": 7.156427758193973e-07,
            "P_T": 2.1426556848346857e-09
        },
        {
            "label": "k_plus",
            "k_code": 295.25375295236364,
            "P_S": 7.156425445544192e-07,
            "P_T": 2.14265571187636e-09
        }
    ]
}