{
    "metadata": {
        "run_id": "f30ffb99",
        "timestamp": "2026-03-23T01:09:43.698821",
        "description": "Batch automated calculation of ns and r from exact MS equations."
    },
    "model_parameters": {
        "name": "Higgs Inflation",
        "xi": 1000,
        "lambda": 0.13,
        "phi0": 5.657894736842105,
        "yi": -0.1842105263157895,
        "S": 5e-05
    },
    "numerical_settings": {
        "delta_finite_difference": 1e-05,
        "k_start_factor": 100.0
    },
    "background_info": {
        "total_efolds": 71.71696742004123,
        "exit_N_simulation": 11.325908472127832
    },
    "observables": {
        "n_s": 0.9686601969816828,
        "r": 0.0029718548816294863,
        "n_s_SR": 0.9675594756717751,
        "r_SR": 0.003043125676263142,
        "P_S_pivot": 7.210479276444093e-07,
        "P_T_pivot": 2.1428498036588625e-09
    },
    "spectrum_scan": [
        {
            "label": "k_minus",
            "k_code": 1.70614674610738,
            "P_S": 7.210481527604081e-07,
            "P_T": 2.142849763337639e-09
        },
        {
            "label": "k_pivot",
            "k_code": 1.7061638077454575,
            "P_S": 7.210479276444093e-07,
            "P_T": 2.1428498036588625e-09
        },
        {
            "label": "k_plus",
            "k_code": 1.706180869383535,
            "P_S": 7.210477008104088e-07,
            "P_T": 2.1428498449145166e-09
        }
    ]
}