{
    "metadata": {
        "run_id": "9b99a9e9",
        "timestamp": "2026-03-23T01:09:16.106712",
        "description": "Batch automated calculation of ns and r from exact MS equations."
    },
    "model_parameters": {
        "name": "Higgs Inflation",
        "xi": 1000,
        "lambda": 0.13,
        "phi0": 5.6421052631578945,
        "yi": -0.1473684210526316,
        "S": 5e-05
    },
    "numerical_settings": {
        "delta_finite_difference": 1e-05,
        "k_start_factor": 100.0
    },
    "background_info": {
        "total_efolds": 71.35999897136743,
        "exit_N_simulation": 11.324756178131896
    },
    "observables": {
        "n_s": 0.9664750443009216,
        "r": 0.00302830087996672,
        "n_s_SR": 0.9672433377711277,
        "r_SR": 0.0031016450123686674,
        "P_S_pivot": 7.074454223755174e-07,
        "P_T_pivot": 2.142357595108207e-09
    },
    "spectrum_scan": [
        {
            "label": "k_minus",
            "k_code": 1.7039884234565548,
            "P_S": 7.074456595210551e-07,
            "P_T": 2.1423575916843435e-09
        },
        {
            "label": "k_pivot",
            "k_code": 1.7040054635111899,
            "P_S": 7.074454223755174e-07,
            "P_T": 2.142357595108207e-09
        },
        {
            "label": "k_plus",
            "k_code": 1.7040225035658252,
            "P_S": 7.074451851795252e-07,
            "P_T": 2.1423575983909568e-09
        }
    ]
}