{
    "metadata": {
        "run_id": "985c1fae",
        "timestamp": "2026-03-22T23:50:28.619871",
        "description": "Batch automated calculation of ns and r from exact MS equations."
    },
    "model_parameters": {
        "name": "Higgs Inflation",
        "xi": 1000,
        "lambda": 0.13,
        "phi0": 5.625,
        "yi": -0.2,
        "S": 5e-05
    },
    "numerical_settings": {
        "delta_finite_difference": 1e-05,
        "k_start_factor": 100.0
    },
    "background_info": {
        "total_efolds": 69.63204622065027,
        "exit_N_simulation": 9.265173240756274
    },
    "observables": {
        "n_s": 0.9684515536570257,
        "r": 0.002976159664837089,
        "n_s_SR": 0.9675352674483866,
        "r_SR": 0.0030475878736532193,
        "P_S_pivot": 7.199923011601544e-07,
        "P_T_pivot": 2.1428120457060895e-09
    },
    "spectrum_scan": [
        {
            "label": "k_minus",
            "k_code": 0.217293465398961,
            "P_S": 7.199925282287557e-07,
            "P_T": 2.1428120077530814e-09
        },
        {
            "label": "k_pivot",
            "k_code": 0.21729563835534454,
            "P_S": 7.199923011601544e-07,
            "P_T": 2.1428120457060895e-09
        },
        {
            "label": "k_plus",
            "k_code": 0.21729781131172812,
            "P_S": 7.199920739359866e-07,
            "P_T": 2.1428120842512506e-09
        }
    ]
}