{
    "metadata": {
        "run_id": "b4143e0d",
        "timestamp": "2026-03-23T02:11:42.057965",
        "description": "Batch automated calculation of ns and r from exact MS equations."
    },
    "model_parameters": {
        "name": "Higgs Inflation",
        "xi": 1000,
        "lambda": 0.13,
        "phi0": 5.564285714285714,
        "yi": -0.15714285714285714,
        "S": 5e-05
    },
    "numerical_settings": {
        "delta_finite_difference": 1e-05,
        "k_start_factor": 100.0
    },
    "background_info": {
        "total_efolds": 66.54514098720621,
        "exit_N_simulation": 6.586665328943136
    },
    "observables": {
        "n_s": 0.9578169727975487,
        "r": 0.003014788627439845,
        "n_s_SR": 0.967318703052878,
        "r_SR": 0.00308765372984668,
        "P_S_pivot": 7.107686069650491e-07,
        "P_T_pivot": 2.142817113019491e-09
    },
    "spectrum_scan": [
        {
            "label": "k_minus",
            "k_code": 0.014919410909304567,
            "P_S": 7.107689387512329e-07,
            "P_T": 2.1428174039355854e-09
        },
        {
            "label": "k_pivot",
            "k_code": 0.014919560104905616,
            "P_S": 7.107686069650491e-07,
            "P_T": 2.142817113019491e-09
        },
        {
            "label": "k_plus",
            "k_code": 0.014919709300506666,
            "P_S": 7.107683391037761e-07,
            "P_T": 2.1428170149785114e-09
        }
    ]
}