{
    "metadata": {
        "run_id": "a9e352d8",
        "timestamp": "2026-03-23T02:10:55.025815",
        "description": "Batch automated calculation of ns and r from exact MS equations."
    },
    "model_parameters": {
        "name": "Higgs Inflation",
        "xi": 1000,
        "lambda": 0.13,
        "phi0": 5.5285714285714285,
        "yi": -0.1,
        "S": 5e-05
    },
    "numerical_settings": {
        "delta_finite_difference": 1e-05,
        "k_start_factor": 100.0
    },
    "background_info": {
        "total_efolds": 65.08828379079668,
        "exit_N_simulation": 5.145119212095969
    },
    "observables": {
        "n_s": 0.9606952545863424,
        "r": 0.003017531528592137,
        "n_s_SR": 0.9673050525707938,
        "r_SR": 0.0030904994472051145,
        "P_S_pivot": 7.10114805846954e-07,
        "P_T_pivot": 2.1427938155632677e-09
    },
    "spectrum_scan": [
        {
            "label": "k_minus",
            "k_code": 0.003529342141436678,
            "P_S": 7.101150648946143e-07,
            "P_T": 2.1427938859112656e-09
        },
        {
            "label": "k_pivot",
            "k_code": 0.0035293774352110297,
            "P_S": 7.10114805846954e-07,
            "P_T": 2.1427938155632677e-09
        },
        {
            "label": "k_plus",
            "k_code": 0.003529412728985382,
            "P_S": 7.101145066769968e-07,
            "P_T": 2.1427936194015896e-09
        }
    ]
}