{
    "metadata": {
        "run_id": "0fca5501",
        "timestamp": "2026-03-23T02:10:24.384880",
        "description": "Batch automated calculation of ns and r from exact MS equations."
    },
    "model_parameters": {
        "name": "Higgs Inflation",
        "xi": 1000,
        "lambda": 0.13,
        "phi0": 5.507142857142857,
        "yi": -0.12857142857142856,
        "S": 5e-05
    },
    "numerical_settings": {
        "delta_finite_difference": 1e-05,
        "k_start_factor": 100.0
    },
    "background_info": {
        "total_efolds": 63.662671974451015,
        "exit_N_simulation": 3.704098786929899
    },
    "observables": {
        "n_s": 0.9918915511547237,
        "r": 0.0030147833955158658,
        "n_s_SR": 0.9675097725434738,
        "r_SR": 0.003087830035176593,
        "P_S_pivot": 7.112289523246901e-07,
        "P_T_pivot": 2.1442012358786212e-09
    },
    "spectrum_scan": [
        {
            "label": "k_minus",
            "k_code": 0.0008353509091070872,
            "P_S": 7.112290103341759e-07,
            "P_T": 2.14420078278259e-09
        },
        {
            "label": "k_pivot",
            "k_code": 0.0008353592626997142,
            "P_S": 7.112289523246901e-07,
            "P_T": 2.1442012358786212e-09
        },
        {
            "label": "k_plus",
            "k_code": 0.0008353676162923413,
            "P_S": 7.112288949949052e-07,
            "P_T": 2.1442016905984743e-09
        }
    ]
}