{
    "metadata": {
        "run_id": "0838150d",
        "timestamp": "2026-03-23T01:09:33.083411",
        "description": "Batch automated calculation of ns and r from exact MS equations."
    },
    "model_parameters": {
        "name": "Higgs Inflation",
        "xi": 1000,
        "lambda": 0.13,
        "phi0": 5.6421052631578945,
        "yi": -0.10526315789473685,
        "S": 5e-05
    },
    "numerical_settings": {
        "delta_finite_difference": 1e-05,
        "k_start_factor": 100.0
    },
    "background_info": {
        "total_efolds": 71.61502154826313,
        "exit_N_simulation": 11.32544235098331
    },
    "observables": {
        "n_s": 0.9678871438936777,
        "r": 0.002989387669650655,
        "n_s_SR": 0.9674609801559568,
        "r_SR": 0.003061300305105299,
        "P_S_pivot": 7.167676050528722e-07,
        "P_T_pivot": 2.1426962405500865e-09
    },
    "spectrum_scan": [
        {
            "label": "k_minus",
            "k_code": 1.7052913303328818,
            "P_S": 7.16767833918271e-07,
            "P_T": 2.1426962088099166e-09
        },
        {
            "label": "k_pivot",
            "k_code": 1.705308383416716,
            "P_S": 7.167676050528722e-07,
            "P_T": 2.1426962405500865e-09
        },
        {
            "label": "k_plus",
            "k_code": 1.7053254365005504,
            "P_S": 7.167673735691729e-07,
            "P_T": 2.142696266352072e-09
        }
    ]
}