{
    "metadata": {
        "run_id": "06a2083e",
        "timestamp": "2026-03-23T01:04:05.931642",
        "description": "Batch automated calculation of ns and r from exact MS equations."
    },
    "model_parameters": {
        "name": "Higgs Inflation",
        "xi": 1000,
        "lambda": 0.13,
        "phi0": 5.531578947368421,
        "yi": -0.16842105263157897,
        "S": 5e-05
    },
    "numerical_settings": {
        "delta_finite_difference": 1e-05,
        "k_start_factor": 100.0
    },
    "background_info": {
        "total_efolds": 64.94478830355588,
        "exit_N_simulation": 5.144825236857198
    },
    "observables": {
        "n_s": 0.965360570097999,
        "r": 0.003060127024487795,
        "n_s_SR": 0.9670698665053435,
        "r_SR": 0.0031346531187869155,
        "P_S_pivot": 6.999980140614189e-07,
        "P_T_pivot": 2.1420828399171355e-09
    },
    "spectrum_scan": [
        {
            "label": "k_minus",
            "k_code": 0.0035280045060418854,
            "P_S": 6.999982559699459e-07,
            "P_T": 2.142082857474305e-09
        },
        {
            "label": "k_pivot",
            "k_code": 0.00352803978643975,
            "P_S": 6.999980140614189e-07,
            "P_T": 2.1420828399171355e-09
        },
        {
            "label": "k_plus",
            "k_code": 0.0035280750668376143,
            "P_S": 6.99997771019304e-07,
            "P_T": 2.1420828192981805e-09
        }
    ]
}