{
    "metadata": {
        "run_id": "ba01a76b",
        "timestamp": "2026-03-23T02:12:40.305162",
        "description": "Batch automated calculation of ns and r from exact MS equations."
    },
    "model_parameters": {
        "name": "Higgs Inflation",
        "xi": 1000,
        "lambda": 0.13,
        "phi0": 5.6,
        "yi": -0.1142857142857143,
        "S": 5e-05
    },
    "numerical_settings": {
        "delta_finite_difference": 1e-05,
        "k_start_factor": 100.0
    },
    "background_info": {
        "total_efolds": 68.99473421019604,
        "exit_N_simulation": 9.058313856958371
    },
    "observables": {
        "n_s": 0.9576903785952975,
        "r": 0.003018729355853524,
        "n_s_SR": 0.9672966465701777,
        "r_SR": 0.0030917396069203057,
        "P_S_pivot": 7.098296724482793e-07,
        "P_T_pivot": 2.142783669875512e-09
    },
    "spectrum_scan": [
        {
            "label": "k_minus",
            "k_code": 0.17667355965739479,
            "P_S": 7.098299742476659e-07,
            "P_T": 2.1427838687272875e-09
        },
        {
            "label": "k_pivot",
            "k_code": 0.1766753264106589,
            "P_S": 7.098296724482793e-07,
            "P_T": 2.142783669875512e-09
        },
        {
            "label": "k_plus",
            "k_code": 0.17667709316392302,
            "P_S": 7.098293735951706e-07,
            "P_T": 2.142783475565749e-09
        }
    ]
}