{
    "metadata": {
        "run_id": "aeb1c585",
        "timestamp": "2026-03-23T02:10:58.309786",
        "description": "Batch automated calculation of ns and r from exact MS equations."
    },
    "model_parameters": {
        "name": "Higgs Inflation",
        "xi": 1000,
        "lambda": 0.13,
        "phi0": 5.535714285714286,
        "yi": -0.17142857142857143,
        "S": 5e-05
    },
    "numerical_settings": {
        "delta_finite_difference": 1e-05,
        "k_start_factor": 100.0
    },
    "background_info": {
        "total_efolds": 64.86464565458417,
        "exit_N_simulation": 4.939315715562118
    },
    "observables": {
        "n_s": 0.9532876003651084,
        "r": 0.003020685395912588,
        "n_s_SR": 0.9672925443318229,
        "r_SR": 0.0030937748607497177,
        "P_S_pivot": 7.093644542866292e-07,
        "P_T_pivot": 2.1427668474431234e-09
    },
    "spectrum_scan": [
        {
            "label": "k_minus",
            "k_code": 0.0028728416754471805,
            "P_S": 7.093647540311315e-07,
            "P_T": 2.1427670448698204e-09
        },
        {
            "label": "k_pivot",
            "k_code": 0.002872870404151222,
            "P_S": 7.093644542866292e-07,
            "P_T": 2.1427668474431234e-09
        },
        {
            "label": "k_plus",
            "k_code": 0.0028728991328552636,
            "P_S": 7.093640913088442e-07,
            "P_T": 2.142766463305256e-09
        }
    ]
}