{
    "metadata": {
        "run_id": "a95de8de",
        "timestamp": "2026-03-23T01:08:27.459313",
        "description": "Batch automated calculation of ns and r from exact MS equations."
    },
    "model_parameters": {
        "name": "Higgs Inflation",
        "xi": 1000,
        "lambda": 0.13,
        "phi0": 5.626315789473684,
        "yi": -0.1631578947368421,
        "S": 5e-05
    },
    "numerical_settings": {
        "delta_finite_difference": 1e-05,
        "k_start_factor": 100.0
    },
    "background_info": {
        "total_efolds": 70.28957997270776,
        "exit_N_simulation": 10.294345980261069
    },
    "observables": {
        "n_s": 0.9663898164758475,
        "r": 0.003033924824104293,
        "n_s_SR": 0.9672119918188288,
        "r_SR": 0.0031074767099299578,
        "P_S_pivot": 7.061179906644378e-07,
        "P_T_pivot": 2.142308900623481e-09
    },
    "spectrum_scan": [
        {
            "label": "k_minus",
            "k_code": 0.6080793972061176,
            "P_S": 7.061182286107131e-07,
            "P_T": 2.142308900259558e-09
        },
        {
            "label": "k_pivot",
            "k_code": 0.6080854780608982,
            "P_S": 7.061179906644378e-07,
            "P_T": 2.142308900623481e-09
        },
        {
            "label": "k_plus",
            "k_code": 0.6080915589156788,
            "P_S": 7.061177539556068e-07,
            "P_T": 2.142308902675327e-09
        }
    ]
}