{
    "metadata": {
        "run_id": "04000eb0",
        "timestamp": "2026-03-23T01:09:14.019131",
        "description": "Batch automated calculation of ns and r from exact MS equations."
    },
    "model_parameters": {
        "name": "Higgs Inflation",
        "xi": 1000,
        "lambda": 0.13,
        "phi0": 5.6421052631578945,
        "yi": -0.15263157894736842,
        "S": 5e-05
    },
    "numerical_settings": {
        "delta_finite_difference": 1e-05,
        "k_start_factor": 100.0
    },
    "background_info": {
        "total_efolds": 71.32508663702959,
        "exit_N_simulation": 11.32467090697395
    },
    "observables": {
        "n_s": 0.966359693727202,
        "r": 0.0030332024114977135,
        "n_s_SR": 0.9672160167010948,
        "r_SR": 0.003106727617246676,
        "P_S_pivot": 7.062882260728485e-07,
        "P_T_pivot": 2.1423151505366063e-09
    },
    "spectrum_scan": [
        {
            "label": "k_minus",
            "k_code": 1.7038264145567956,
            "P_S": 7.062884656932204e-07,
            "P_T": 2.1423151539421594e-09
        },
        {
            "label": "k_pivot",
            "k_code": 1.7038434529913256,
            "P_S": 7.062882260728485e-07,
            "P_T": 2.1423151505366063e-09
        },
        {
            "label": "k_plus",
            "k_code": 1.7038604914258555,
            "P_S": 7.062879904981746e-07,
            "P_T": 2.1423151533801956e-09
        }
    ]
}