{
    "metadata": {
        "run_id": "4b9268a8",
        "timestamp": "2026-03-23T01:05:34.537420",
        "description": "Batch automated calculation of ns and r from exact MS equations."
    },
    "model_parameters": {
        "name": "Higgs Inflation",
        "xi": 1000,
        "lambda": 0.13,
        "phi0": 5.563157894736842,
        "yi": -0.16842105263157897,
        "S": 5e-05
    },
    "numerical_settings": {
        "delta_finite_difference": 1e-05,
        "k_start_factor": 100.0
    },
    "background_info": {
        "total_efolds": 66.45366414499041,
        "exit_N_simulation": 6.175080496580373
    },
    "observables": {
        "n_s": 0.9678943122932414,
        "r": 0.0029912080368207456,
        "n_s_SR": 0.9674509321050843,
        "r_SR": 0.0030631876197055024,
        "P_S_pivot": 7.163260815040863e-07,
        "P_T_pivot": 2.1426803319793356e-09
    },
    "spectrum_scan": [
        {
            "label": "k_minus",
            "k_code": 0.009886060371877815,
            "P_S": 7.163263114619542e-07,
            "P_T": 2.1426803044765422e-09
        },
        {
            "label": "k_pivot",
            "k_code": 0.00988615923347015,
            "P_S": 7.163260815040863e-07,
            "P_T": 2.1426803319793356e-09
        },
        {
            "label": "k_plus",
            "k_code": 0.009886258095062486,
            "P_S": 7.163258514991249e-07,
            "P_T": 2.142680358374974e-09
        }
    ]
}