{
    "metadata": {
        "run_id": "21126180",
        "timestamp": "2026-03-23T01:14:21.209892",
        "description": "Batch automated calculation of ns and r from exact MS equations."
    },
    "model_parameters": {
        "name": "Higgs Inflation",
        "xi": 1000,
        "lambda": 0.13,
        "phi0": 5.752631578947368,
        "yi": -0.12631578947368421,
        "S": 5e-05
    },
    "numerical_settings": {
        "delta_finite_difference": 1e-05,
        "k_start_factor": 100.0
    },
    "background_info": {
        "total_efolds": 78.52606743962973,
        "exit_N_simulation": 18.540790482084844
    },
    "observables": {
        "n_s": 0.9662648912507873,
        "r": 0.003035308229657699,
        "n_s_SR": 0.9672042849588618,
        "r_SR": 0.003108910283683984,
        "P_S_pivot": 7.057922195399098e-07,
        "P_T_pivot": 2.142296932397862e-09
    },
    "spectrum_scan": [
        {
            "label": "k_minus",
            "k_code": 2319.2332557215213,
            "P_S": 7.057924579424602e-07,
            "P_T": 2.1422969335696195e-09
        },
        {
            "label": "k_pivot",
            "k_code": 2319.256448286004,
            "P_S": 7.057922195399098e-07,
            "P_T": 2.142296932397862e-09
        },
        {
            "label": "k_plus",
            "k_code": 2319.279640850487,
            "P_S": 7.057919817429145e-07,
            "P_T": 2.142296930495341e-09
        }
    ]
}