{
    "metadata": {
        "run_id": "0040fb2e",
        "timestamp": "2026-03-23T02:11:48.199403",
        "description": "Batch automated calculation of ns and r from exact MS equations."
    },
    "model_parameters": {
        "name": "Higgs Inflation",
        "xi": 1000,
        "lambda": 0.13,
        "phi0": 5.564285714285714,
        "yi": -0.1,
        "S": 5e-05
    },
    "numerical_settings": {
        "delta_finite_difference": 1e-05,
        "k_start_factor": 100.0
    },
    "background_info": {
        "total_efolds": 67.10810032178527,
        "exit_N_simulation": 7.20430896108313
    },
    "observables": {
        "n_s": 0.952572707863339,
        "r": 0.0030244376398976497,
        "n_s_SR": 0.9672647871561673,
        "r_SR": 0.003097658426812476,
        "P_S_pivot": 7.08473852848915e-07,
        "P_T_pivot": 2.1427349874395673e-09
    },
    "spectrum_scan": [
        {
            "label": "k_minus",
            "k_code": 0.027668301201091337,
            "P_S": 7.084742042598754e-07,
            "P_T": 2.1427353421430276e-09
        },
        {
            "label": "k_pivot",
            "k_code": 0.027668577886870206,
            "P_S": 7.08473852848915e-07,
            "P_T": 2.1427349874395673e-09
        },
        {
            "label": "k_plus",
            "k_code": 0.027668854572649077,
            "P_S": 7.084735322399326e-07,
            "P_T": 2.1427347323864676e-09
        }
    ]
}