{
    "metadata": {
        "run_id": "428b813d",
        "timestamp": "2026-03-23T01:11:13.027774",
        "description": "Batch automated calculation of ns and r from exact MS equations."
    },
    "model_parameters": {
        "name": "Higgs Inflation",
        "xi": 1000,
        "lambda": 0.13,
        "phi0": 5.689473684210526,
        "yi": -0.1736842105263158,
        "S": 5e-05
    },
    "numerical_settings": {
        "delta_finite_difference": 1e-05,
        "k_start_factor": 100.0
    },
    "background_info": {
        "total_efolds": 73.76405898697105,
        "exit_N_simulation": 13.387107931902534
    },
    "observables": {
        "n_s": 0.9685556265854239,
        "r": 0.0029743759684965443,
        "n_s_SR": 0.9675452963497425,
        "r_SR": 0.0030457386049325347,
        "P_S_pivot": 7.204293300311433e-07,
        "P_T_pivot": 2.1428276862446984e-09
    },
    "spectrum_scan": [
        {
            "label": "k_minus",
            "k_code": 13.402373651815834,
            "P_S": 7.20429556170938e-07,
            "P_T": 2.142827645274846e-09
        },
        {
            "label": "k_pivot",
            "k_code": 13.402507676892602,
            "P_S": 7.204293300311433e-07,
            "P_T": 2.1428276862446984e-09
        },
        {
            "label": "k_plus",
            "k_code": 13.402641701969372,
            "P_S": 7.204291031019609e-07,
            "P_T": 2.1428277250220235e-09
        }
    ]
}