{
    "metadata": {
        "run_id": "54f5df97",
        "timestamp": "2026-03-23T01:15:43.582857",
        "description": "Batch automated calculation of ns and r from exact MS equations."
    },
    "model_parameters": {
        "name": "Higgs Inflation",
        "xi": 1000,
        "lambda": 0.13,
        "phi0": 5.784210526315789,
        "yi": -0.13157894736842107,
        "S": 5e-05
    },
    "numerical_settings": {
        "delta_finite_difference": 1e-05,
        "k_start_factor": 100.0
    },
    "background_info": {
        "total_efolds": 80.576002678396,
        "exit_N_simulation": 20.603665284179815
    },
    "observables": {
        "n_s": 0.9661984081650873,
        "r": 0.0030370969340813556,
        "n_s_SR": 0.9671943230248873,
        "r_SR": 0.003110764920651961,
        "P_S_pivot": 7.053714467047775e-07,
        "P_T_pivot": 2.1422814581756102e-09
    },
    "spectrum_scan": [
        {
            "label": "k_minus",
            "k_code": 18248.955823690616,
            "P_S": 7.053716852383504e-07,
            "P_T": 2.142281462103664e-09
        },
        {
            "label": "k_pivot",
            "k_code": 18249.138315073767,
            "P_S": 7.053714467047775e-07,
            "P_T": 2.1422814581756102e-09
        },
        {
            "label": "k_plus",
            "k_code": 18249.32080645692,
            "P_S": 7.053712083847949e-07,
            "P_T": 2.142281457543797e-09
        }
    ]
}