{
    "metadata": {
        "run_id": "0a54d61d",
        "timestamp": "2026-03-23T02:12:11.498842",
        "description": "Batch automated calculation of ns and r from exact MS equations."
    },
    "model_parameters": {
        "name": "Higgs Inflation",
        "xi": 1000,
        "lambda": 0.13,
        "phi0": 5.578571428571428,
        "yi": -0.1,
        "S": 5e-05
    },
    "numerical_settings": {
        "delta_finite_difference": 1e-05,
        "k_start_factor": 100.0
    },
    "background_info": {
        "total_efolds": 67.92503910152588,
        "exit_N_simulation": 7.822475199757954
    },
    "observables": {
        "n_s": 0.9612307519225631,
        "r": 0.003005839551300203,
        "n_s_SR": 0.9673687014078622,
        "r_SR": 0.003078375326700265,
        "P_S_pivot": 7.129100719790732e-07,
        "P_T_pivot": 2.142893290874973e-09
    },
    "spectrum_scan": [
        {
            "label": "k_minus",
            "k_code": 0.051341066640541756,
            "P_S": 7.12910391500148e-07,
            "P_T": 2.1428935422165395e-09
        },
        {
            "label": "k_pivot",
            "k_code": 0.05134158005634232,
            "P_S": 7.129100719790732e-07,
            "P_T": 2.142893290874973e-09
        },
        {
            "label": "k_plus",
            "k_code": 0.051342093472142886,
            "P_S": 7.129098387203656e-07,
            "P_T": 2.1428932997281298e-09
        }
    ]
}