{
    "metadata": {
        "run_id": "3a0a690d",
        "timestamp": "2026-03-23T02:03:52.423912",
        "description": "Batch automated calculation of ns and r from exact MS equations."
    },
    "model_parameters": {
        "name": "Higgs Inflation",
        "xi": 1000,
        "lambda": 0.13,
        "phi0": 5.533333333333333,
        "yi": -0.15555555555555556,
        "S": 5e-05
    },
    "numerical_settings": {
        "delta_finite_difference": 1e-05,
        "k_start_factor": 100.0
    },
    "background_info": {
        "total_efolds": 65.09826145864714,
        "exit_N_simulation": 5.1449954788179895
    },
    "observables": {
        "n_s": 0.9660795412043746,
        "r": 0.003039715298700575,
        "n_s_SR": 0.9671829687728785,
        "r_SR": 0.003113484656446451,
        "P_S_pivot": 7.047564067209843e-07,
        "P_T_pivot": 2.1422588313670206e-09
    },
    "spectrum_scan": [
        {
            "label": "k_minus",
            "k_code": 0.0035287488764082775,
            "P_S": 7.047566462998966e-07,
            "P_T": 2.142258834304632e-09
        },
        {
            "label": "k_pivot",
            "k_code": 0.0035287841642499197,
            "P_S": 7.047564067209843e-07,
            "P_T": 2.1422588313670206e-09
        },
        {
            "label": "k_plus",
            "k_code": 0.0035288194520915624,
            "P_S": 7.047561681866836e-07,
            "P_T": 2.142258825505111e-09
        }
    ]
}