{
    "metadata": {
        "run_id": "3634448c",
        "timestamp": "2026-03-23T01:02:28.168677",
        "description": "Batch automated calculation of ns and r from exact MS equations."
    },
    "model_parameters": {
        "name": "Higgs Inflation",
        "xi": 1000,
        "lambda": 0.13,
        "phi0": 5.5,
        "yi": -0.2,
        "S": 5e-05
    },
    "numerical_settings": {
        "delta_finite_difference": 1e-05,
        "k_start_factor": 100.0
    },
    "background_info": {
        "total_efolds": 62.95418154851515,
        "exit_N_simulation": 3.086514000391121
    },
    "observables": {
        "n_s": 0.9827018346111341,
        "r": 0.0030511904511045626,
        "n_s_SR": 0.969294687802756,
        "r_SR": 0.0031276743583121226,
        "P_S_pivot": 7.037082579478352e-07,
        "P_T_pivot": 2.1471479170138613e-09
    },
    "spectrum_scan": [
        {
            "label": "k_minus",
            "k_code": 0.00045042619310226776,
            "P_S": 7.037083800755666e-07,
            "P_T": 2.147147698474268e-09
        },
        {
            "label": "k_pivot",
            "k_code": 0.00045043069740924183,
            "P_S": 7.037082579478352e-07,
            "P_T": 2.1471479170138613e-09
        },
        {
            "label": "k_plus",
            "k_code": 0.00045043520171621595,
            "P_S": 7.037081366183301e-07,
            "P_T": 2.1471481343871903e-09
        }
    ]
}