{
    "metadata": {
        "run_id": "3b90422b",
        "timestamp": "2026-03-23T02:12:10.698734",
        "description": "Batch automated calculation of ns and r from exact MS equations."
    },
    "model_parameters": {
        "name": "Higgs Inflation",
        "xi": 1000,
        "lambda": 0.13,
        "phi0": 5.578571428571428,
        "yi": -0.10714285714285715,
        "S": 5e-05
    },
    "numerical_settings": {
        "delta_finite_difference": 1e-05,
        "k_start_factor": 100.0
    },
    "background_info": {
        "total_efolds": 67.79553573480638,
        "exit_N_simulation": 7.822397238188877
    },
    "observables": {
        "n_s": 0.9626592484435941,
        "r": 0.003012130560211284,
        "n_s_SR": 0.9673335166553303,
        "r_SR": 0.0030848977990006834,
        "P_S_pivot": 7.114033763506938e-07,
        "P_T_pivot": 2.142839850543414e-09
    },
    "spectrum_scan": [
        {
            "label": "k_minus",
            "k_code": 0.051336415523146994,
            "P_S": 7.114036074758644e-07,
            "P_T": 2.1428398394196734e-09
        },
        {
            "label": "k_pivot",
            "k_code": 0.051336928892435914,
            "P_S": 7.114033763506938e-07,
            "P_T": 2.142839850543414e-09
        },
        {
            "label": "k_plus",
            "k_code": 0.05133744226172484,
            "P_S": 7.11403076189155e-07,
            "P_T": 2.1428396558280266e-09
        }
    ]
}