{
    "metadata": {
        "run_id": "0805af02",
        "timestamp": "2026-03-23T02:02:40.365196",
        "description": "Batch automated calculation of ns and r from exact MS equations."
    },
    "model_parameters": {
        "name": "Higgs Inflation",
        "xi": 1000,
        "lambda": 0.13,
        "phi0": 5.444444444444445,
        "yi": -0.1,
        "S": 5e-05
    },
    "numerical_settings": {
        "delta_finite_difference": 1e-05,
        "k_start_factor": 100.0
    },
    "background_info": {
        "total_efolds": 60.900438182681086,
        "exit_N_simulation": 1.028630324830182
    },
    "observables": {
        "n_s": 0.9310012107374659,
        "r": 0.003045348263916326,
        "n_s_SR": 1.3443087217442398,
        "r_SR": 0.0035531422286628036,
        "P_S_pivot": 7.947919819535281e-07,
        "P_T_pivot": 2.4204183824167926e-09
    },
    "spectrum_scan": [
        {
            "label": "k_minus",
            "k_code": 5.7530795748684624e-05,
            "P_S": 7.94792529922048e-07,
            "P_T": 2.4204197500432414e-09
        },
        {
            "label": "k_pivot",
            "k_code": 5.753137106239524e-05,
            "P_S": 7.947919819535281e-07,
            "P_T": 2.4204183824167926e-09
        },
        {
            "label": "k_plus",
            "k_code": 5.753194637610587e-05,
            "P_S": 7.947914331283587e-07,
            "P_T": 2.4204170138891505e-09
        }
    ]
}