{
    "metadata": {
        "run_id": "4452f990",
        "timestamp": "2026-03-23T01:15:41.498745",
        "description": "Batch automated calculation of ns and r from exact MS equations."
    },
    "model_parameters": {
        "name": "Higgs Inflation",
        "xi": 1000,
        "lambda": 0.13,
        "phi0": 5.784210526315789,
        "yi": -0.1368421052631579,
        "S": 5e-05
    },
    "numerical_settings": {
        "delta_finite_difference": 1e-05,
        "k_start_factor": 100.0
    },
    "background_info": {
        "total_efolds": 80.53534646904144,
        "exit_N_simulation": 20.60350191884854
    },
    "observables": {
        "n_s": 0.9657595285657804,
        "r": 0.003042632137285342,
        "n_s_SR": 0.9671635131131163,
        "r_SR": 0.0031165047953863045,
        "P_S_pivot": 7.040725037885046e-07,
        "P_T_pivot": 2.14223362700586e-09
    },
    "spectrum_scan": [
        {
            "label": "k_minus",
            "k_code": 18245.772992684848,
            "P_S": 7.0407274502991e-07,
            "P_T": 2.142233637239804e-09
        },
        {
            "label": "k_pivot",
            "k_code": 18245.95545223937,
            "P_S": 7.040725037885046e-07,
            "P_T": 2.14223362700586e-09
        },
        {
            "label": "k_plus",
            "k_code": 18246.137911793892,
            "P_S": 7.040722628744212e-07,
            "P_T": 2.1422336186820204e-09
        }
    ]
}