{
    "metadata": {
        "run_id": "60f72f9b",
        "timestamp": "2026-03-23T02:03:27.163133",
        "description": "Batch automated calculation of ns and r from exact MS equations."
    },
    "model_parameters": {
        "name": "Higgs Inflation",
        "xi": 1000,
        "lambda": 0.13,
        "phi0": 5.511111111111111,
        "yi": -0.17777777777777778,
        "S": 5e-05
    },
    "numerical_settings": {
        "delta_finite_difference": 1e-05,
        "k_start_factor": 100.0
    },
    "background_info": {
        "total_efolds": 63.45362771303955,
        "exit_N_simulation": 3.0869119097448614
    },
    "observables": {
        "n_s": 0.9812443941317305,
        "r": 0.0029761216385783295,
        "n_s_SR": 0.9694423838308691,
        "r_SR": 0.0030495349142647624,
        "P_S_pivot": 7.216810240763807e-07,
        "P_T_pivot": 2.147810511905085e-09
    },
    "spectrum_scan": [
        {
            "label": "k_minus",
            "k_code": 0.00045067332715119287,
            "P_S": 7.216811589460376e-07,
            "P_T": 2.147810330965735e-09
        },
        {
            "label": "k_pivot",
            "k_code": 0.00045067783392953217,
            "P_S": 7.216810240763807e-07,
            "P_T": 2.147810511905085e-09
        },
        {
            "label": "k_plus",
            "k_code": 0.00045068234070787147,
            "P_S": 7.216808882347412e-07,
            "P_T": 2.1478106907575566e-09
        }
    ]
}