{
    "metadata": {
        "run_id": "a693d3d6",
        "timestamp": "2026-03-23T01:12:03.687240",
        "description": "Batch automated calculation of ns and r from exact MS equations."
    },
    "model_parameters": {
        "name": "Higgs Inflation",
        "xi": 1000,
        "lambda": 0.13,
        "phi0": 5.705263157894737,
        "yi": -0.15263157894736842,
        "S": 5e-05
    },
    "numerical_settings": {
        "delta_finite_difference": 1e-05,
        "k_start_factor": 100.0
    },
    "background_info": {
        "total_efolds": 75.26855942957168,
        "exit_N_simulation": 15.446830055622772
    },
    "observables": {
        "n_s": 0.9655384896452912,
        "r": 0.0030572855652406202,
        "n_s_SR": 0.9670820769823603,
        "r_SR": 0.003131702093589012,
        "P_S_pivot": 7.006565941388036e-07,
        "P_T_pivot": 2.14210729145122e-09
    },
    "spectrum_scan": [
        {
            "label": "k_minus",
            "k_code": 105.10791836411373,
            "P_S": 7.006568348204365e-07,
            "P_T": 2.1421073042807735e-09
        },
        {
            "label": "k_pivot",
            "k_code": 105.10896945380826,
            "P_S": 7.006565941388036e-07,
            "P_T": 2.14210729145122e-09
        },
        {
            "label": "k_plus",
            "k_code": 105.1100205435028,
            "P_S": 7.006563519067466e-07,
            "P_T": 2.1421072733847075e-09
        }
    ]
}