{
    "metadata": {
        "run_id": "c4b7853c",
        "timestamp": "2026-03-23T01:14:17.006940",
        "description": "Batch automated calculation of ns and r from exact MS equations."
    },
    "model_parameters": {
        "name": "Higgs Inflation",
        "xi": 1000,
        "lambda": 0.13,
        "phi0": 5.752631578947368,
        "yi": -0.1368421052631579,
        "S": 5e-05
    },
    "numerical_settings": {
        "delta_finite_difference": 1e-05,
        "k_start_factor": 100.0
    },
    "background_info": {
        "total_efolds": 78.44658647096738,
        "exit_N_simulation": 18.54049790754805
    },
    "observables": {
        "n_s": 0.9658189821633779,
        "r": 0.0030461076896843623,
        "n_s_SR": 0.9671441811936611,
        "r_SR": 0.0031201092898315874,
        "P_S_pivot": 7.032593212772972e-07,
        "P_T_pivot": 2.1422036263849806e-09
    },
    "spectrum_scan": [
        {
            "label": "k_minus",
            "k_code": 2318.504775451082,
            "P_S": 7.032595612554797e-07,
            "P_T": 2.142203635508365e-09
        },
        {
            "label": "k_pivot",
            "k_code": 2318.5279607306893,
            "P_S": 7.032593212772972e-07,
            "P_T": 2.1422036263849806e-09
        },
        {
            "label": "k_plus",
            "k_code": 2318.5511460102966,
            "P_S": 7.032590804930915e-07,
            "P_T": 2.1422036156332067e-09
        }
    ]
}