{
    "metadata": {
        "run_id": "45a94877",
        "timestamp": "2026-03-23T02:11:49.896675",
        "description": "Batch automated calculation of ns and r from exact MS equations."
    },
    "model_parameters": {
        "name": "Higgs Inflation",
        "xi": 1000,
        "lambda": 0.13,
        "phi0": 5.571428571428571,
        "yi": -0.19285714285714287,
        "S": 5e-05
    },
    "numerical_settings": {
        "delta_finite_difference": 1e-05,
        "k_start_factor": 100.0
    },
    "background_info": {
        "total_efolds": 66.58622460399803,
        "exit_N_simulation": 6.586821134103781
    },
    "observables": {
        "n_s": 0.9602074880480749,
        "r": 0.003007290351239247,
        "n_s_SR": 0.9673606391727404,
        "r_SR": 0.0030798794612435423,
        "P_S_pivot": 7.125620936534066e-07,
        "P_T_pivot": 2.1428811089027264e-09
    },
    "spectrum_scan": [
        {
            "label": "k_minus",
            "k_code": 0.014921960256101057,
            "P_S": 7.125623618156764e-07,
            "P_T": 2.1428812066457758e-09
        },
        {
            "label": "k_pivot",
            "k_code": 0.014922109477195827,
            "P_S": 7.125620936534066e-07,
            "P_T": 2.1428811089027264e-09
        },
        {
            "label": "k_plus",
            "k_code": 0.0149222586982906,
            "P_S": 7.125617947229757e-07,
            "P_T": 2.1428809209217426e-09
        }
    ]
}