{
    "metadata": {
        "run_id": "dbff2408",
        "timestamp": "2026-03-23T01:14:48.588962",
        "description": "Batch automated calculation of ns and r from exact MS equations."
    },
    "model_parameters": {
        "name": "Higgs Inflation",
        "xi": 1000,
        "lambda": 0.13,
        "phi0": 5.768421052631579,
        "yi": -0.1631578947368421,
        "S": 5e-05
    },
    "numerical_settings": {
        "delta_finite_difference": 1e-05,
        "k_start_factor": 100.0
    },
    "background_info": {
        "total_efolds": 78.92593066627686,
        "exit_N_simulation": 18.54263060164542
    },
    "observables": {
        "n_s": 0.9686861771765853,
        "r": 0.002973244910649557,
        "n_s_SR": 0.9675516567809492,
        "r_SR": 0.003044565628044531,
        "P_S_pivot": 7.207067264002891e-07,
        "P_T_pivot": 2.1428376063405624e-09
    },
    "spectrum_scan": [
        {
            "label": "k_minus",
            "k_code": 2323.7947208962682,
            "P_S": 7.207069536552158e-07,
            "P_T": 2.1428375678842144e-09
        },
        {
            "label": "k_pivot",
            "k_code": 2323.817959075859,
            "P_S": 7.207067264002891e-07,
            "P_T": 2.1428376063405624e-09
        },
        {
            "label": "k_plus",
            "k_code": 2323.84119725545,
            "P_S": 7.207065022935602e-07,
            "P_T": 2.142837651215551e-09
        }
    ]
}