{
    "metadata": {
        "run_id": "5740bab4",
        "timestamp": "2026-03-23T02:10:25.480763",
        "description": "Batch automated calculation of ns and r from exact MS equations."
    },
    "model_parameters": {
        "name": "Higgs Inflation",
        "xi": 1000,
        "lambda": 0.13,
        "phi0": 5.507142857142857,
        "yi": -0.1142857142857143,
        "S": 5e-05
    },
    "numerical_settings": {
        "delta_finite_difference": 1e-05,
        "k_start_factor": 100.0
    },
    "background_info": {
        "total_efolds": 63.823745733212,
        "exit_N_simulation": 3.909866806775444
    },
    "observables": {
        "n_s": 0.9974478470221751,
        "r": 0.0030227153831791976,
        "n_s_SR": 0.9673609915270945,
        "r_SR": 0.00309593249577379,
        "P_S_pivot": 7.091589595221955e-07,
        "P_T_pivot": 2.1435856960670944e-09
    },
    "spectrum_scan": [
        {
            "label": "k_minus",
            "k_code": 0.0010261857263531098,
            "P_S": 7.091589774958293e-07,
            "P_T": 2.1435851091019383e-09
        },
        {
            "label": "k_pivot",
            "k_code": 0.0010261959883129928,
            "P_S": 7.091589595221955e-07,
            "P_T": 2.1435856960670944e-09
        },
        {
            "label": "k_plus",
            "k_code": 0.001026206250272876,
            "P_S": 7.091589412981855e-07,
            "P_T": 2.143586283871775e-09
        }
    ]
}