{
    "metadata": {
        "run_id": "3cf841d9",
        "timestamp": "2026-03-23T02:10:49.178628",
        "description": "Batch automated calculation of ns and r from exact MS equations."
    },
    "model_parameters": {
        "name": "Higgs Inflation",
        "xi": 1000,
        "lambda": 0.13,
        "phi0": 5.5285714285714285,
        "yi": -0.15714285714285714,
        "S": 5e-05
    },
    "numerical_settings": {
        "delta_finite_difference": 1e-05,
        "k_start_factor": 100.0
    },
    "background_info": {
        "total_efolds": 64.53125526091053,
        "exit_N_simulation": 4.527653144871389
    },
    "observables": {
        "n_s": 0.9582705359401251,
        "r": 0.0030065053801862597,
        "n_s_SR": 0.9673860720258552,
        "r_SR": 0.0030790887056977223,
        "P_S_pivot": 7.12750174249464e-07,
        "P_T_pivot": 2.1428872336097075e-09
    },
    "spectrum_scan": [
        {
            "label": "k_minus",
            "k_code": 0.0019034490988995123,
            "P_S": 7.127504722458907e-07,
            "P_T": 2.142887422903063e-09
        },
        {
            "label": "k_pivot",
            "k_code": 0.001903468133580848,
            "P_S": 7.12750174249464e-07,
            "P_T": 2.1428872336097075e-09
        },
        {
            "label": "k_plus",
            "k_code": 0.0019034871682621838,
            "P_S": 7.127498773922354e-07,
            "P_T": 2.142887047620982e-09
        }
    ]
}