{
    "metadata": {
        "run_id": "a12a70b8",
        "timestamp": "2026-03-23T02:05:05.462043",
        "description": "Batch automated calculation of ns and r from exact MS equations."
    },
    "model_parameters": {
        "name": "Higgs Inflation",
        "xi": 1000,
        "lambda": 0.13,
        "phi0": 5.6,
        "yi": -0.14444444444444446,
        "S": 5e-05
    },
    "numerical_settings": {
        "delta_finite_difference": 1e-05,
        "k_start_factor": 100.0
    },
    "background_info": {
        "total_efolds": 68.6518464699484,
        "exit_N_simulation": 8.23509111195433
    },
    "observables": {
        "n_s": 0.9687250802802407,
        "r": 0.0029671884783161943,
        "n_s_SR": 0.9675857366409479,
        "r_SR": 0.003038288900245446,
        "P_S_pivot": 7.2219570807935e-07,
        "P_T_pivot": 2.142890784102453e-09
    },
    "spectrum_scan": [
        {
            "label": "k_minus",
            "k_code": 0.07757031496624099,
            "P_S": 7.22195933521124e-07,
            "P_T": 2.1428907417430236e-09
        },
        {
            "label": "k_pivot",
            "k_code": 0.07757109067714776,
            "P_S": 7.2219570807935e-07,
            "P_T": 2.142890784102453e-09
        },
        {
            "label": "k_plus",
            "k_code": 0.07757186638805454,
            "P_S": 7.221954817888677e-07,
            "P_T": 2.142890825053298e-09
        }
    ]
}