{
    "metadata": {
        "run_id": "b404fdd7",
        "timestamp": "2026-03-23T02:07:48.919868",
        "description": "Batch automated calculation of ns and r from exact MS equations."
    },
    "model_parameters": {
        "name": "Higgs Inflation",
        "xi": 1000,
        "lambda": 0.13,
        "phi0": 5.4875,
        "yi": -0.15000000000000002,
        "S": 5e-05
    },
    "numerical_settings": {
        "delta_finite_difference": 1e-05,
        "k_start_factor": 100.0
    },
    "background_info": {
        "total_efolds": 62.43144489822174,
        "exit_N_simulation": 2.469201966471914
    },
    "observables": {
        "n_s": 1.1373475143447804,
        "r": 0.0030150831423207012,
        "n_s_SR": 0.9770322567604404,
        "r_SR": 0.003096858902175396,
        "P_S_pivot": 7.115012807388368e-07,
        "P_T_pivot": 2.1452355172952557e-09
    },
    "spectrum_scan": [
        {
            "label": "k_minus",
            "k_code": 0.00024297452393470326,
            "P_S": 7.115003046163764e-07,
            "P_T": 2.1452319885847622e-09
        },
        {
            "label": "k_pivot",
            "k_code": 0.00024297695370424028,
            "P_S": 7.115012807388368e-07,
            "P_T": 2.1452355172952557e-09
        },
        {
            "label": "k_plus",
            "k_code": 0.00024297938347377733,
            "P_S": 7.115022590750273e-07,
            "P_T": 2.145239045681043e-09
        }
    ]
}