{
    "metadata": {
        "run_id": "514157ec",
        "timestamp": "2026-03-23T02:11:53.547516",
        "description": "Batch automated calculation of ns and r from exact MS equations."
    },
    "model_parameters": {
        "name": "Higgs Inflation",
        "xi": 1000,
        "lambda": 0.13,
        "phi0": 5.571428571428571,
        "yi": -0.15714285714285714,
        "S": 5e-05
    },
    "numerical_settings": {
        "delta_finite_difference": 1e-05,
        "k_start_factor": 100.0
    },
    "background_info": {
        "total_efolds": 66.95149079919017,
        "exit_N_simulation": 6.9985507836892795
    },
    "observables": {
        "n_s": 0.9577777883196661,
        "r": 0.0030157841144447146,
        "n_s_SR": 0.967313110362485,
        "r_SR": 0.003088685859809458,
        "P_S_pivot": 7.105311633086686e-07,
        "P_T_pivot": 2.142808595124206e-09
    },
    "spectrum_scan": [
        {
            "label": "k_minus",
            "k_code": 0.022523215294006613,
            "P_S": 7.105315088316322e-07,
            "P_T": 2.142808930335336e-09
        },
        {
            "label": "k_pivot",
            "k_code": 0.022523440528411896,
            "P_S": 7.105311633086686e-07,
            "P_T": 2.142808595124206e-09
        },
        {
            "label": "k_plus",
            "k_code": 0.022523665762817183,
            "P_S": 7.105309088276505e-07,
            "P_T": 2.142808540948467e-09
        }
    ]
}