{
    "metadata": {
        "run_id": "e60830db",
        "timestamp": "2026-03-23T01:11:19.341425",
        "description": "Batch automated calculation of ns and r from exact MS equations."
    },
    "model_parameters": {
        "name": "Higgs Inflation",
        "xi": 1000,
        "lambda": 0.13,
        "phi0": 5.689473684210526,
        "yi": -0.15789473684210528,
        "S": 5e-05
    },
    "numerical_settings": {
        "delta_finite_difference": 1e-05,
        "k_start_factor": 100.0
    },
    "background_info": {
        "total_efolds": 74.23052823449488,
        "exit_N_simulation": 14.415953529308169
    },
    "observables": {
        "n_s": 0.9654424866167791,
        "r": 0.003058221237586837,
        "n_s_SR": 0.9670768831899749,
        "r_SR": 0.0031326724808793645,
        "P_S_pivot": 7.004395914496369e-07,
        "P_T_pivot": 2.142099234217927e-09
    },
    "spectrum_scan": [
        {
            "label": "k_minus",
            "k_code": 37.49131197582456,
            "P_S": 7.004398344882959e-07,
            "P_T": 2.1420992527252707e-09
        },
        {
            "label": "k_pivot",
            "k_code": 37.49168689269349,
            "P_S": 7.004395914496369e-07,
            "P_T": 2.142099234217927e-09
        },
        {
            "label": "k_plus",
            "k_code": 37.492061809562415,
            "P_S": 7.004393503792846e-07,
            "P_T": 2.142099218871109e-09
        }
    ]
}