{
    "metadata": {
        "run_id": "4a42f2d7",
        "timestamp": "2026-03-23T01:15:37.283047",
        "description": "Batch automated calculation of ns and r from exact MS equations."
    },
    "model_parameters": {
        "name": "Higgs Inflation",
        "xi": 1000,
        "lambda": 0.13,
        "phi0": 5.784210526315789,
        "yi": -0.1473684210526316,
        "S": 5e-05
    },
    "numerical_settings": {
        "delta_finite_difference": 1e-05,
        "k_start_factor": 100.0
    },
    "background_info": {
        "total_efolds": 80.45192513272656,
        "exit_N_simulation": 20.60317528676233
    },
    "observables": {
        "n_s": 0.9654825805901308,
        "r": 0.003053735938768394,
        "n_s_SR": 0.9671017867562642,
        "r_SR": 0.003128020013552177,
        "P_S_pivot": 7.01481038050171e-07,
        "P_T_pivot": 2.1421378562583666e-09
    },
    "spectrum_scan": [
        {
            "label": "k_minus",
            "k_code": 18239.410118782253,
            "P_S": 7.014812786870421e-07,
            "P_T": 2.1421378697038847e-09
        },
        {
            "label": "k_pivot",
            "k_code": 18239.592514707398,
            "P_S": 7.01481038050171e-07,
            "P_T": 2.1421378562583666e-09
        },
        {
            "label": "k_plus",
            "k_code": 18239.774910632546,
            "P_S": 7.014807944207395e-07,
            "P_T": 2.142137837912933e-09
        }
    ]
}