{
    "metadata": {
        "run_id": "76a62aa1",
        "timestamp": "2026-03-23T02:03:29.192234",
        "description": "Batch automated calculation of ns and r from exact MS equations."
    },
    "model_parameters": {
        "name": "Higgs Inflation",
        "xi": 1000,
        "lambda": 0.13,
        "phi0": 5.511111111111111,
        "yi": -0.16666666666666669,
        "S": 5e-05
    },
    "numerical_settings": {
        "delta_finite_difference": 1e-05,
        "k_start_factor": 100.0
    },
    "background_info": {
        "total_efolds": 63.503764703587144,
        "exit_N_simulation": 3.0869446007804893
    },
    "observables": {
        "n_s": 0.9811935093242521,
        "r": 0.0029671034370309488,
        "n_s_SR": 0.9693445649486375,
        "r_SR": 0.0030400400314213095,
        "P_S_pivot": 7.239015246917319e-07,
        "P_T_pivot": 2.1478907019847818e-09
    },
    "spectrum_scan": [
        {
            "label": "k_minus",
            "k_code": 0.0004506962654147764,
            "P_S": 7.239016607217199e-07,
            "P_T": 2.1478905237720217e-09
        },
        {
            "label": "k_pivot",
            "k_code": 0.00045070077242250064,
            "P_S": 7.239015246917319e-07,
            "P_T": 2.1478907019847818e-09
        },
        {
            "label": "k_plus",
            "k_code": 0.0004507052794302249,
            "P_S": 7.239013884407746e-07,
            "P_T": 2.1478908777167986e-09
        }
    ]
}