{
    "metadata": {
        "run_id": "a2933abb",
        "timestamp": "2026-03-22T22:09:47.652486",
        "description": "Batch automated calculation of ns and r from exact MS equations."
    },
    "model_parameters": {
        "name": "Higgs Inflation",
        "xi": 17000,
        "lambda": 0.13,
        "phi0": 5.75,
        "yi": -0.01,
        "S": 5e-05
    },
    "numerical_settings": {
        "delta_finite_difference": 1e-05,
        "k_start_factor": 100.0
    },
    "background_info": {
        "total_efolds": 77.61850827009783,
        "exit_N_simulation": 17.631637301103808
    },
    "observables": {
        "n_s": 0.9839629587946989,
        "r": 0.00300854717555419,
        "P_S_pivot": 2.4646905499655362e-09,
        "P_T_pivot": 7.415137792713917e-12
    },
    "spectrum_scan": [
        {
            "label": "k_minus",
            "k_code": 54.964032854614196,
            "P_S": 2.464690951120883e-09,
            "P_T": 7.415136629326781e-12
        },
        {
            "label": "k_pivot",
            "k_code": 54.9645825004392,
            "P_S": 2.4646905499655362e-09,
            "P_T": 7.415137792713917e-12
        },
        {
            "label": "k_plus",
            "k_code": 54.96513214626421,
            "P_S": 2.464690160594006e-09,
            "P_T": 7.415139006211072e-12
        }
    ]
}