{
    "metadata": {
        "run_id": "38ecb03e",
        "timestamp": "2026-03-22T22:15:20.756383",
        "description": "Batch automated calculation of ns and r from exact MS equations."
    },
    "model_parameters": {
        "name": "Higgs Inflation",
        "xi": 1000,
        "lambda": 0.13,
        "phi0": 5.625,
        "yi": -0.15000000000000002,
        "S": 5e-05
    },
    "numerical_settings": {
        "delta_finite_difference": 1e-05,
        "k_start_factor": 100.0
    },
    "background_info": {
        "total_efolds": 70.32225301132786,
        "exit_N_simulation": 10.294404467971967
    },
    "observables": {
        "n_s": 0.9664504922068586,
        "r": 0.0030293484453253697,
        "P_S_pivot": 7.07197788560213e-07,
        "P_T_pivot": 2.1423485213124207e-09
    },
    "spectrum_scan": [
        {
            "label": "k_minus",
            "k_code": 0.6081205323182641,
            "P_S": 7.071980258399997e-07,
            "P_T": 2.142348520053603e-09
        },
        {
            "label": "k_pivot",
            "k_code": 0.6081266135843999,
            "P_S": 7.07197788560213e-07,
            "P_T": 2.1423485213124207e-09
        },
        {
            "label": "k_plus",
            "k_code": 0.6081326948505358,
            "P_S": 7.07197551317246e-07,
            "P_T": 2.142348522300896e-09
        }
    ]
}