{
    "metadata": {
        "run_id": "3e565d31",
        "timestamp": "2026-03-23T01:04:14.380578",
        "description": "Batch automated calculation of ns and r from exact MS equations."
    },
    "model_parameters": {
        "name": "Higgs Inflation",
        "xi": 1000,
        "lambda": 0.13,
        "phi0": 5.531578947368421,
        "yi": -0.1473684210526316,
        "S": 5e-05
    },
    "numerical_settings": {
        "delta_finite_difference": 1e-05,
        "k_start_factor": 100.0
    },
    "background_info": {
        "total_efolds": 65.08120298738733,
        "exit_N_simulation": 5.14495938580363
    },
    "observables": {
        "n_s": 0.9659054653395496,
        "r": 0.0030420351461111833,
        "n_s_SR": 0.9671698333799115,
        "r_SR": 0.003115890113737995,
        "P_S_pivot": 7.042123720049654e-07,
        "P_T_pivot": 2.142238785965428e-09
    },
    "spectrum_scan": [
        {
            "label": "k_minus",
            "k_code": 0.003528605159556307,
            "P_S": 7.042126118528916e-07,
            "P_T": 2.1422387922393595e-09
        },
        {
            "label": "k_pivot",
            "k_code": 0.0035286404459607666,
            "P_S": 7.042123720049654e-07,
            "P_T": 2.142238785965428e-09
        },
        {
            "label": "k_plus",
            "k_code": 0.0035286757323652264,
            "P_S": 7.042121316570294e-07,
            "P_T": 2.142238777242406e-09
        }
    ]
}