{
    "metadata": {
        "run_id": "1288d4a4",
        "timestamp": "2026-03-23T01:11:23.626817",
        "description": "Batch automated calculation of ns and r from exact MS equations."
    },
    "model_parameters": {
        "name": "Higgs Inflation",
        "xi": 1000,
        "lambda": 0.13,
        "phi0": 5.689473684210526,
        "yi": -0.1473684210526316,
        "S": 5e-05
    },
    "numerical_settings": {
        "delta_finite_difference": 1e-05,
        "k_start_factor": 100.0
    },
    "background_info": {
        "total_efolds": 74.30868934056242,
        "exit_N_simulation": 14.41617628942932
    },
    "observables": {
        "n_s": 0.9655801504534257,
        "r": 0.0030479267072826845,
        "n_s_SR": 0.9671340678447857,
        "r_SR": 0.00312199627979572,
        "P_S_pivot": 7.028344632747079e-07,
        "P_T_pivot": 2.1421879314136733e-09
    },
    "spectrum_scan": [
        {
            "label": "k_minus",
            "k_code": 37.500434310072144,
            "P_S": 7.028347050623926e-07,
            "P_T": 2.1421879463537215e-09
        },
        {
            "label": "k_pivot",
            "k_code": 37.500809318165324,
            "P_S": 7.028344632747079e-07,
            "P_T": 2.1421879314136733e-09
        },
        {
            "label": "k_plus",
            "k_code": 37.50118432625851,
            "P_S": 7.028342212332638e-07,
            "P_T": 2.1421879187156407e-09
        }
    ]
}