{
    "metadata": {
        "run_id": "483ebc66",
        "timestamp": "2026-03-23T02:10:40.371283",
        "description": "Batch automated calculation of ns and r from exact MS equations."
    },
    "model_parameters": {
        "name": "Higgs Inflation",
        "xi": 1000,
        "lambda": 0.13,
        "phi0": 5.521428571428571,
        "yi": -0.14285714285714285,
        "S": 5e-05
    },
    "numerical_settings": {
        "delta_finite_difference": 1e-05,
        "k_start_factor": 100.0
    },
    "background_info": {
        "total_efolds": 64.29563685629425,
        "exit_N_simulation": 4.321711327066673
    },
    "observables": {
        "n_s": 0.9775182704554818,
        "r": 0.003011985254914799,
        "n_s_SR": 0.9673688132841148,
        "r_SR": 0.0030847840317967403,
        "P_S_pivot": 7.116356045940907e-07,
        "P_T_pivot": 2.1434359479097793e-09
    },
    "spectrum_scan": [
        {
            "label": "k_minus",
            "k_code": 0.0015491629183645888,
            "P_S": 7.116357955088594e-07,
            "P_T": 2.1434358686526127e-09
        },
        {
            "label": "k_pivot",
            "k_code": 0.0015491784101486902,
            "P_S": 7.116356045940907e-07,
            "P_T": 2.1434359479097793e-09
        },
        {
            "label": "k_plus",
            "k_code": 0.0015491939019327918,
            "P_S": 7.116354755328606e-07,
            "P_T": 2.1434362132815178e-09
        }
    ]
}