{
    "metadata": {
        "run_id": "93816e59",
        "timestamp": "2026-03-23T01:12:41.766066",
        "description": "Batch automated calculation of ns and r from exact MS equations."
    },
    "model_parameters": {
        "name": "Higgs Inflation",
        "xi": 1000,
        "lambda": 0.13,
        "phi0": 5.721052631578948,
        "yi": -0.1631578947368421,
        "S": 5e-05
    },
    "numerical_settings": {
        "delta_finite_difference": 1e-05,
        "k_start_factor": 100.0
    },
    "background_info": {
        "total_efolds": 75.84113894271904,
        "exit_N_simulation": 15.448974132483984
    },
    "observables": {
        "n_s": 0.96860771629435,
        "r": 0.0029716560530402606,
        "n_s_SR": 0.9675605945454693,
        "r_SR": 0.0030429192914146405,
        "P_S_pivot": 7.210967599482511e-07,
        "P_T_pivot": 2.1428515515279403e-09
    },
    "spectrum_scan": [
        {
            "label": "k_minus",
            "k_code": 105.35162081137985,
            "P_S": 7.210969843092748e-07,
            "P_T": 2.1428515094970777e-09
        },
        {
            "label": "k_pivot",
            "k_code": 105.35267433812322,
            "P_S": 7.210967599482511e-07,
            "P_T": 2.1428515515279403e-09
        },
        {
            "label": "k_plus",
            "k_code": 105.35372786486661,
            "P_S": 7.210965315717947e-07,
            "P_T": 2.142851588713632e-09
        }
    ]
}