{
    "metadata": {
        "run_id": "02b6623a",
        "timestamp": "2026-03-23T02:11:19.497945",
        "description": "Batch automated calculation of ns and r from exact MS equations."
    },
    "model_parameters": {
        "name": "Higgs Inflation",
        "xi": 1000,
        "lambda": 0.13,
        "phi0": 5.55,
        "yi": -0.17142857142857143,
        "S": 5e-05
    },
    "numerical_settings": {
        "delta_finite_difference": 1e-05,
        "k_start_factor": 100.0
    },
    "background_info": {
        "total_efolds": 65.66699094137013,
        "exit_N_simulation": 5.762874150194245
    },
    "observables": {
        "n_s": 0.9544868969382095,
        "r": 0.003024381405649936,
        "n_s_SR": 0.9672656683206474,
        "r_SR": 0.0030976006277334918,
        "P_S_pivot": 7.084872305375504e-07,
        "P_T_pivot": 2.142735606178187e-09
    },
    "spectrum_scan": [
        {
            "label": "k_minus",
            "k_code": 0.006545990329235568,
            "P_S": 7.084875313322895e-07,
            "P_T": 2.1427358052434515e-09
        },
        {
            "label": "k_pivot",
            "k_code": 0.006546055789793466,
            "P_S": 7.084872305375504e-07,
            "P_T": 2.142735606178187e-09
        },
        {
            "label": "k_plus",
            "k_code": 0.006546121250351365,
            "P_S": 7.084868864232623e-07,
            "P_T": 2.1427352765942944e-09
        }
    ]
}