{
    "metadata": {
        "run_id": "04edc1fb",
        "timestamp": "2026-03-23T01:10:58.272955",
        "description": "Batch automated calculation of ns and r from exact MS equations."
    },
    "model_parameters": {
        "name": "Higgs Inflation",
        "xi": 1000,
        "lambda": 0.13,
        "phi0": 5.673684210526316,
        "yi": -0.10526315789473685,
        "S": 5e-05
    },
    "numerical_settings": {
        "delta_finite_difference": 1e-05,
        "k_start_factor": 100.0
    },
    "background_info": {
        "total_efolds": 73.59554997289388,
        "exit_N_simulation": 13.38637934014783
    },
    "observables": {
        "n_s": 0.967304751537501,
        "r": 0.0030023785271540066,
        "n_s_SR": 0.9673881753829645,
        "r_SR": 0.0030747676582984786,
        "P_S_pivot": 7.136284886613366e-07,
        "P_T_pivot": 2.1425828507221634e-09
    },
    "spectrum_scan": [
        {
            "label": "k_minus",
            "k_code": 13.391856606551443,
            "P_S": 7.136287246332385e-07,
            "P_T": 2.1425828403723335e-09
        },
        {
            "label": "k_pivot",
            "k_code": 13.391990526456707,
            "P_S": 7.136284886613366e-07,
            "P_T": 2.1425828507221634e-09
        },
        {
            "label": "k_plus",
            "k_code": 13.392124446361972,
            "P_S": 7.136282579880225e-07,
            "P_T": 2.14258287332465e-09
        }
    ]
}