{
    "metadata": {
        "run_id": "96d51b2c",
        "timestamp": "2026-03-23T01:16:33.887535",
        "description": "Batch automated calculation of ns and r from exact MS equations."
    },
    "model_parameters": {
        "name": "Higgs Inflation",
        "xi": 1000,
        "lambda": 0.13,
        "phi0": 5.8,
        "yi": -0.1105263157894737,
        "S": 5e-05
    },
    "numerical_settings": {
        "delta_finite_difference": 1e-05,
        "k_start_factor": 100.0
    },
    "background_info": {
        "total_efolds": 81.78907300603377,
        "exit_N_simulation": 21.636109167048172
    },
    "observables": {
        "n_s": 0.9671108202664689,
        "r": 0.0030110510853844355,
        "n_s_SR": 0.9673396531660386,
        "r_SR": 0.003083758228423976,
        "P_S_pivot": 7.115479884933334e-07,
        "P_T_pivot": 2.1425073430559634e-09
    },
    "spectrum_scan": [
        {
            "label": "k_minus",
            "k_code": 51244.27628052645,
            "P_S": 7.115482227995499e-07,
            "P_T": 2.1425073286240617e-09
        },
        {
            "label": "k_pivot",
            "k_code": 51244.78872841373,
            "P_S": 7.115479884933334e-07,
            "P_T": 2.1425073430559634e-09
        },
        {
            "label": "k_plus",
            "k_code": 51245.30117630102,
            "P_S": 7.115477547549571e-07,
            "P_T": 2.142507356097917e-09
        }
    ]
}