{
    "metadata": {
        "run_id": "4a9fc6ca",
        "timestamp": "2026-03-23T01:06:45.551618",
        "description": "Batch automated calculation of ns and r from exact MS equations."
    },
    "model_parameters": {
        "name": "Higgs Inflation",
        "xi": 1000,
        "lambda": 0.13,
        "phi0": 5.578947368421052,
        "yi": -0.1,
        "S": 5e-05
    },
    "numerical_settings": {
        "delta_finite_difference": 1e-05,
        "k_start_factor": 100.0
    },
    "background_info": {
        "total_efolds": 68.1590085083379,
        "exit_N_simulation": 8.233908708161565
    },
    "observables": {
        "n_s": 0.9659604156061059,
        "r": 0.0030435455147216563,
        "n_s_SR": 0.9671584319633234,
        "r_SR": 0.003117453297344294,
        "P_S_pivot": 7.038586177322301e-07,
        "P_T_pivot": 2.142225738997114e-09
    },
    "spectrum_scan": [
        {
            "label": "k_minus",
            "k_code": 0.07746676141088328,
            "P_S": 7.038588585718853e-07,
            "P_T": 2.142225751594635e-09
        },
        {
            "label": "k_pivot",
            "k_code": 0.07746753608624414,
            "P_S": 7.038586177322301e-07,
            "P_T": 2.142225738997114e-09
        },
        {
            "label": "k_plus",
            "k_code": 0.07746831076160501,
            "P_S": 7.038583793907888e-07,
            "P_T": 2.142225737022536e-09
        }
    ]
}