{
    "metadata": {
        "run_id": "6291d6ca",
        "timestamp": "2026-03-23T02:05:12.025347",
        "description": "Batch automated calculation of ns and r from exact MS equations."
    },
    "model_parameters": {
        "name": "Higgs Inflation",
        "xi": 1000,
        "lambda": 0.13,
        "phi0": 5.6,
        "yi": -0.11111111111111112,
        "S": 5e-05
    },
    "numerical_settings": {
        "delta_finite_difference": 1e-05,
        "k_start_factor": 100.0
    },
    "background_info": {
        "total_efolds": 69.24587846943645,
        "exit_N_simulation": 9.264056073501994
    },
    "observables": {
        "n_s": 0.9661455091458394,
        "r": 0.00303578677245497,
        "n_s_SR": 0.967201620113707,
        "r_SR": 0.0031094075069365915,
        "P_S_pivot": 7.056795994215335e-07,
        "P_T_pivot": 2.1422927935152135e-09
    },
    "spectrum_scan": [
        {
            "label": "k_minus",
            "k_code": 0.21702484287097068,
            "P_S": 7.056798389552263e-07,
            "P_T": 2.142292797975303e-09
        },
        {
            "label": "k_pivot",
            "k_code": 0.2170270131411021,
            "P_S": 7.056795994215335e-07,
            "P_T": 2.1422927935152135e-09
        },
        {
            "label": "k_plus",
            "k_code": 0.2170291834112335,
            "P_S": 7.056793611467552e-07,
            "P_T": 2.1422927889734675e-09
        }
    ]
}