{
    "metadata": {
        "run_id": "567cf6de",
        "timestamp": "2026-03-23T01:15:47.793553",
        "description": "Batch automated calculation of ns and r from exact MS equations."
    },
    "model_parameters": {
        "name": "Higgs Inflation",
        "xi": 1000,
        "lambda": 0.13,
        "phi0": 5.784210526315789,
        "yi": -0.12105263157894738,
        "S": 5e-05
    },
    "numerical_settings": {
        "delta_finite_difference": 1e-05,
        "k_start_factor": 100.0
    },
    "background_info": {
        "total_efolds": 80.65496183892172,
        "exit_N_simulation": 20.603992113974936
    },
    "observables": {
        "n_s": 0.9665312780715117,
        "r": 0.0030260598337390446,
        "n_s_SR": 0.9672558365849391,
        "r_SR": 0.003099321049280067,
        "P_S_pivot": 7.079757620091172e-07,
        "P_T_pivot": 2.142377016676583e-09
    },
    "spectrum_scan": [
        {
            "label": "k_minus",
            "k_code": 18255.324286405255,
            "P_S": 7.079759996228165e-07,
            "P_T": 2.1423770159579527e-09
        },
        {
            "label": "k_pivot",
            "k_code": 18255.50684147367,
            "P_S": 7.079757620091172e-07,
            "P_T": 2.142377016676583e-09
        },
        {
            "label": "k_plus",
            "k_code": 18255.689396542086,
            "P_S": 7.079755257219379e-07,
            "P_T": 2.1423770206301422e-09
        }
    ]
}