{
    "metadata": {
        "run_id": "d0b05553",
        "timestamp": "2026-03-23T01:13:24.219059",
        "description": "Batch automated calculation of ns and r from exact MS equations."
    },
    "model_parameters": {
        "name": "Higgs Inflation",
        "xi": 1000,
        "lambda": 0.13,
        "phi0": 5.7368421052631575,
        "yi": -0.1631578947368421,
        "S": 5e-05
    },
    "numerical_settings": {
        "delta_finite_difference": 1e-05,
        "k_start_factor": 100.0
    },
    "background_info": {
        "total_efolds": 76.8623578861499,
        "exit_N_simulation": 16.480036242058638
    },
    "observables": {
        "n_s": 0.9686596276598378,
        "r": 0.002973419588720024,
        "n_s_SR": 0.9675506747938399,
        "r_SR": 0.0030447472230161515,
        "P_S_pivot": 7.206638725734781e-07,
        "P_T_pivot": 2.142836075592811e-09
    },
    "spectrum_scan": [
        {
            "label": "k_minus",
            "k_code": 295.40936475313424,
            "P_S": 7.206640988601281e-07,
            "P_T": 2.1428360365429336e-09
        },
        {
            "label": "k_pivot",
            "k_code": 295.412318876323,
            "P_S": 7.206638725734781e-07,
            "P_T": 2.142836075592811e-09
        },
        {
            "label": "k_plus",
            "k_code": 295.4152729995118,
            "P_S": 7.206636471426451e-07,
            "P_T": 2.1428361193863078e-09
        }
    ]
}