{
    "metadata": {
        "run_id": "7429af65",
        "timestamp": "2026-03-23T01:08:29.544888",
        "description": "Batch automated calculation of ns and r from exact MS equations."
    },
    "model_parameters": {
        "name": "Higgs Inflation",
        "xi": 1000,
        "lambda": 0.13,
        "phi0": 5.626315789473684,
        "yi": -0.15789473684210528,
        "S": 5e-05
    },
    "numerical_settings": {
        "delta_finite_difference": 1e-05,
        "k_start_factor": 100.0
    },
    "background_info": {
        "total_efolds": 70.324093178452,
        "exit_N_simulation": 10.294422298707076
    },
    "observables": {
        "n_s": 0.9663693973428904,
        "r": 0.0030290906266373543,
        "n_s_SR": 0.9672389344898283,
        "r_SR": 0.0031024639613057028,
        "P_S_pivot": 7.07258717559438e-07,
        "P_T_pivot": 2.1423507519668498e-09
    },
    "spectrum_scan": [
        {
            "label": "k_minus",
            "k_code": 0.6081316895189185,
            "P_S": 7.072589557030854e-07,
            "P_T": 2.1423507520298028e-09
        },
        {
            "label": "k_pivot",
            "k_code": 0.6081377708966275,
            "P_S": 7.07258717559438e-07,
            "P_T": 2.1423507519668498e-09
        },
        {
            "label": "k_plus",
            "k_code": 0.6081438522743364,
            "P_S": 7.072584799923471e-07,
            "P_T": 2.142350755435145e-09
        }
    ]
}