{
    "metadata": {
        "run_id": "cdc9c5a3",
        "timestamp": "2026-03-23T01:14:38.063295",
        "description": "Batch automated calculation of ns and r from exact MS equations."
    },
    "model_parameters": {
        "name": "Higgs Inflation",
        "xi": 1000,
        "lambda": 0.13,
        "phi0": 5.768421052631579,
        "yi": -0.18947368421052632,
        "S": 5e-05
    },
    "numerical_settings": {
        "delta_finite_difference": 1e-05,
        "k_start_factor": 100.0
    },
    "background_info": {
        "total_efolds": 78.76802884016067,
        "exit_N_simulation": 18.541913886987807
    },
    "observables": {
        "n_s": 0.9676585413349411,
        "r": 0.0029997008743518853,
        "n_s_SR": 0.9674031694236045,
        "r_SR": 0.0030719909377585025,
        "P_S_pivot": 7.142732845414401e-07,
        "P_T_pivot": 2.142606196165151e-09
    },
    "spectrum_scan": [
        {
            "label": "k_minus",
            "k_code": 2322.0059808406936,
            "P_S": 7.142735167104466e-07,
            "P_T": 2.1426061748935505e-09
        },
        {
            "label": "k_pivot",
            "k_code": 2322.0292011327047,
            "P_S": 7.142732845414401e-07,
            "P_T": 2.142606196165151e-09
        },
        {
            "label": "k_plus",
            "k_code": 2322.052421424716,
            "P_S": 7.142730546976472e-07,
            "P_T": 2.142606221583207e-09
        }
    ]
}