{
    "metadata": {
        "run_id": "f4e77511",
        "timestamp": "2026-03-23T01:09:54.266960",
        "description": "Batch automated calculation of ns and r from exact MS equations."
    },
    "model_parameters": {
        "name": "Higgs Inflation",
        "xi": 1000,
        "lambda": 0.13,
        "phi0": 5.657894736842105,
        "yi": -0.15789473684210528,
        "S": 5e-05
    },
    "numerical_settings": {
        "delta_finite_difference": 1e-05,
        "k_start_factor": 100.0
    },
    "background_info": {
        "total_efolds": 72.26183173343038,
        "exit_N_simulation": 12.354893793716714
    },
    "observables": {
        "n_s": 0.9658447814368258,
        "r": 0.003045993602238123,
        "n_s_SR": 0.9671448157001679,
        "r_SR": 0.0031199915663162377,
        "P_S_pivot": 7.032859843513205e-07,
        "P_T_pivot": 2.142204608877863e-09
    },
    "spectrum_scan": [
        {
            "label": "k_minus",
            "k_code": 4.773471784132952,
            "P_S": 7.032862248225027e-07,
            "P_T": 2.1422046174132886e-09
        },
        {
            "label": "k_pivot",
            "k_code": 4.773519519328145,
            "P_S": 7.032859843513205e-07,
            "P_T": 2.142204608877863e-09
        },
        {
            "label": "k_plus",
            "k_code": 4.773567254523339,
            "P_S": 7.03285744404772e-07,
            "P_T": 2.142204602066013e-09
        }
    ]
}