{
    "metadata": {
        "run_id": "801cba47",
        "timestamp": "2026-03-23T02:10:56.940224",
        "description": "Batch automated calculation of ns and r from exact MS equations."
    },
    "model_parameters": {
        "name": "Higgs Inflation",
        "xi": 1000,
        "lambda": 0.13,
        "phi0": 5.535714285714286,
        "yi": -0.18571428571428572,
        "S": 5e-05
    },
    "numerical_settings": {
        "delta_finite_difference": 1e-05,
        "k_start_factor": 100.0
    },
    "background_info": {
        "total_efolds": 64.70211691892544,
        "exit_N_simulation": 4.733529026886261
    },
    "observables": {
        "n_s": 0.9580201173209636,
        "r": 0.0030129581017532374,
        "n_s_SR": 0.967342935369321,
        "r_SR": 0.0030857707650355976,
        "P_S_pivot": 7.112055143291265e-07,
        "P_T_pivot": 2.1428324164095197e-09
    },
    "spectrum_scan": [
        {
            "label": "k_minus",
            "k_code": 0.0023385486012947945,
            "P_S": 7.112058124139927e-07,
            "P_T": 2.142832606768093e-09
        },
        {
            "label": "k_pivot",
            "k_code": 0.0023385719870146647,
            "P_S": 7.112055143291265e-07,
            "P_T": 2.1428324164095197e-09
        },
        {
            "label": "k_plus",
            "k_code": 0.002338595372734535,
            "P_S": 7.112052152875121e-07,
            "P_T": 2.1428322254078997e-09
        }
    ]
}