{
    "metadata": {
        "run_id": "c5e540c9",
        "timestamp": "2026-03-23T01:08:59.164166",
        "description": "Batch automated calculation of ns and r from exact MS equations."
    },
    "model_parameters": {
        "name": "Higgs Inflation",
        "xi": 1000,
        "lambda": 0.13,
        "phi0": 5.6421052631578945,
        "yi": -0.18947368421052632,
        "S": 5e-05
    },
    "numerical_settings": {
        "delta_finite_difference": 1e-05,
        "k_start_factor": 100.0
    },
    "background_info": {
        "total_efolds": 70.70416697641991,
        "exit_N_simulation": 10.295552975015928
    },
    "observables": {
        "n_s": 0.9687736067078203,
        "r": 0.002968677510593093,
        "n_s_SR": 0.9675773548959509,
        "r_SR": 0.0030398322484849116,
        "P_S_pivot": 7.218290611720678e-07,
        "P_T_pivot": 2.1428777003940437e-09
    },
    "spectrum_scan": [
        {
            "label": "k_minus",
            "k_code": 0.6088936775197358,
            "P_S": 7.218292869032998e-07,
            "P_T": 2.1428776604103584e-09
        },
        {
            "label": "k_pivot",
            "k_code": 0.608899766517401,
            "P_S": 7.218290611720678e-07,
            "P_T": 2.1428777003940437e-09
        },
        {
            "label": "k_plus",
            "k_code": 0.6089058555150662,
            "P_S": 7.218288361009365e-07,
            "P_T": 2.1428777465713153e-09
        }
    ]
}