{
    "metadata": {
        "run_id": "a33b33cc",
        "timestamp": "2026-03-23T02:10:29.224225",
        "description": "Batch automated calculation of ns and r from exact MS equations."
    },
    "model_parameters": {
        "name": "Higgs Inflation",
        "xi": 1000,
        "lambda": 0.13,
        "phi0": 5.514285714285714,
        "yi": -0.17142857142857143,
        "S": 5e-05
    },
    "numerical_settings": {
        "delta_finite_difference": 1e-05,
        "k_start_factor": 100.0
    },
    "background_info": {
        "total_efolds": 63.66964647879286,
        "exit_N_simulation": 3.704181442977328
    },
    "observables": {
        "n_s": 0.9918044331970717,
        "r": 0.0030135433855303637,
        "n_s_SR": 0.9676072702663671,
        "r_SR": 0.003086630631247548,
        "P_S_pivot": 7.115254696700132e-07,
        "P_T_pivot": 2.1442128727604536e-09
    },
    "spectrum_scan": [
        {
            "label": "k_minus",
            "k_code": 0.0008354220485626363,
            "P_S": 7.115255282360303e-07,
            "P_T": 2.1442124215537728e-09
        },
        {
            "label": "k_pivot",
            "k_code": 0.0008354304028666649,
            "P_S": 7.115254696700132e-07,
            "P_T": 2.1442128727604536e-09
        },
        {
            "label": "k_plus",
            "k_code": 0.0008354387571706936,
            "P_S": 7.115254116089401e-07,
            "P_T": 2.144213328844919e-09
        }
    ]
}