{
    "metadata": {
        "run_id": "eccb3b87",
        "timestamp": "2026-03-23T01:04:43.399395",
        "description": "Batch automated calculation of ns and r from exact MS equations."
    },
    "model_parameters": {
        "name": "Higgs Inflation",
        "xi": 1000,
        "lambda": 0.13,
        "phi0": 5.5473684210526315,
        "yi": -0.1842105263157895,
        "S": 5e-05
    },
    "numerical_settings": {
        "delta_finite_difference": 1e-05,
        "k_start_factor": 100.0
    },
    "background_info": {
        "total_efolds": 65.43115719635566,
        "exit_N_simulation": 5.145521319830021
    },
    "observables": {
        "n_s": 0.9680032720677721,
        "r": 0.002990042167325597,
        "n_s_SR": 0.967461350723474,
        "r_SR": 0.003061982915349052,
        "P_S_pivot": 7.166087984229193e-07,
        "P_T_pivot": 2.1426905247610576e-09
    },
    "spectrum_scan": [
        {
            "label": "k_minus",
            "k_code": 0.003530956839575935,
            "P_S": 7.166090291875654e-07,
            "P_T": 2.142690497861406e-09
        },
        {
            "label": "k_pivot",
            "k_code": 0.00353099214949743,
            "P_S": 7.166087984229193e-07,
            "P_T": 2.1426905247610576e-09
        },
        {
            "label": "k_plus",
            "k_code": 0.003531027459418925,
            "P_S": 7.166085706048289e-07,
            "P_T": 2.142690555729176e-09
        }
    ]
}