{
    "metadata": {
        "run_id": "5134cc0d",
        "timestamp": "2026-03-23T02:11:51.493472",
        "description": "Batch automated calculation of ns and r from exact MS equations."
    },
    "model_parameters": {
        "name": "Higgs Inflation",
        "xi": 1000,
        "lambda": 0.13,
        "phi0": 5.571428571428571,
        "yi": -0.17857142857142858,
        "S": 5e-05
    },
    "numerical_settings": {
        "delta_finite_difference": 1e-05,
        "k_start_factor": 100.0
    },
    "background_info": {
        "total_efolds": 66.7518710890983,
        "exit_N_simulation": 6.792651350393119
    },
    "observables": {
        "n_s": 0.9606550606057399,
        "r": 0.003014654480717176,
        "n_s_SR": 0.9673194368282568,
        "r_SR": 0.003087514610956645,
        "P_S_pivot": 7.108006456427996e-07,
        "P_T_pivot": 2.1428183512837274e-09
    },
    "spectrum_scan": [
        {
            "label": "k_minus",
            "k_code": 0.018332022634015652,
            "P_S": 7.108009042252142e-07,
            "P_T": 2.1428184248043066e-09
        },
        {
            "label": "k_pivot",
            "k_code": 0.018332205956075213,
            "P_S": 7.108006456427996e-07,
            "P_T": 2.1428183512837274e-09
        },
        {
            "label": "k_plus",
            "k_code": 0.018332389278134773,
            "P_S": 7.108003448970638e-07,
            "P_T": 2.1428181568195157e-09
        }
    ]
}