{
    "metadata": {
        "run_id": "a68f94ac",
        "timestamp": "2026-03-23T01:06:49.802365",
        "description": "Batch automated calculation of ns and r from exact MS equations."
    },
    "model_parameters": {
        "name": "Higgs Inflation",
        "xi": 1000,
        "lambda": 0.13,
        "phi0": 5.594736842105263,
        "yi": -0.19473684210526318,
        "S": 5e-05
    },
    "numerical_settings": {
        "delta_finite_difference": 1e-05,
        "k_start_factor": 100.0
    },
    "background_info": {
        "total_efolds": 68.18130821097733,
        "exit_N_simulation": 8.234109622952358
    },
    "observables": {
        "n_s": 0.9658998541828083,
        "r": 0.0030405439942264804,
        "n_s_SR": 0.9671751338481146,
        "r_SR": 0.0031143406172802475,
        "P_S_pivot": 7.04561970489959e-07,
        "P_T_pivot": 2.1422516679336196e-09
    },
    "spectrum_scan": [
        {
            "label": "k_minus",
            "k_code": 0.07748279178824079,
            "P_S": 7.045622099477796e-07,
            "P_T": 2.1422516735771396e-09
        },
        {
            "label": "k_pivot",
            "k_code": 0.07748356662390703,
            "P_S": 7.04561970489959e-07,
            "P_T": 2.1422516679336196e-09
        },
        {
            "label": "k_plus",
            "k_code": 0.07748434145957327,
            "P_S": 7.045617294344618e-07,
            "P_T": 2.1422516598910236e-09
        }
    ]
}