{
    "metadata": {
        "run_id": "80eacc5c",
        "timestamp": "2026-03-23T01:14:35.974147",
        "description": "Batch automated calculation of ns and r from exact MS equations."
    },
    "model_parameters": {
        "name": "Higgs Inflation",
        "xi": 1000,
        "lambda": 0.13,
        "phi0": 5.768421052631579,
        "yi": -0.19473684210526318,
        "S": 5e-05
    },
    "numerical_settings": {
        "delta_finite_difference": 1e-05,
        "k_start_factor": 100.0
    },
    "background_info": {
        "total_efolds": 78.73401907109425,
        "exit_N_simulation": 18.541770706180728
    },
    "observables": {
        "n_s": 0.9673391048562373,
        "r": 0.0030050226981899217,
        "n_s_SR": 0.9673733742829991,
        "r_SR": 0.0030775083616312753,
        "P_S_pivot": 7.129928889751796e-07,
        "P_T_pivot": 2.1425598150184215e-09
    },
    "spectrum_scan": [
        {
            "label": "k_minus",
            "k_code": 2321.6486959175277,
            "P_S": 7.129931213000364e-07,
            "P_T": 2.14255979609184e-09
        },
        {
            "label": "k_pivot",
            "k_code": 2321.671912636654,
            "P_S": 7.129928889751796e-07,
            "P_T": 2.1425598150184215e-09
        },
        {
            "label": "k_plus",
            "k_code": 2321.6951293557804,
            "P_S": 7.129926555603171e-07,
            "P_T": 2.14255983380008e-09
        }
    ]
}