{
    "metadata": {
        "run_id": "70913017",
        "timestamp": "2026-03-23T02:12:23.469479",
        "description": "Batch automated calculation of ns and r from exact MS equations."
    },
    "model_parameters": {
        "name": "Higgs Inflation",
        "xi": 1000,
        "lambda": 0.13,
        "phi0": 5.5928571428571425,
        "yi": -0.19285714285714287,
        "S": 5e-05
    },
    "numerical_settings": {
        "delta_finite_difference": 1e-05,
        "k_start_factor": 100.0
    },
    "background_info": {
        "total_efolds": 67.81028212540309,
        "exit_N_simulation": 7.82257840103701
    },
    "observables": {
        "n_s": 0.9579983502874113,
        "r": 0.003009459136382951,
        "n_s_SR": 0.9673484541238109,
        "r_SR": 0.0030821279712656574,
        "P_S_pivot": 7.12042367426179e-07,
        "P_T_pivot": 2.1428624081424604e-09
    },
    "spectrum_scan": [
        {
            "label": "k_minus",
            "k_code": 0.05134599202523097,
            "P_S": 7.120427345940468e-07,
            "P_T": 2.14286280464182e-09
        },
        {
            "label": "k_pivot",
            "k_code": 0.05134650549028587,
            "P_S": 7.12042367426179e-07,
            "P_T": 2.1428624081424604e-09
        },
        {
            "label": "k_plus",
            "k_code": 0.05134701895534077,
            "P_S": 7.120421364549083e-07,
            "P_T": 2.142862423117445e-09
        }
    ]
}