{
    "metadata": {
        "run_id": "0dfe5033",
        "timestamp": "2026-03-23T02:11:05.668751",
        "description": "Batch automated calculation of ns and r from exact MS equations."
    },
    "model_parameters": {
        "name": "Higgs Inflation",
        "xi": 1000,
        "lambda": 0.13,
        "phi0": 5.535714285714286,
        "yi": -0.1,
        "S": 5e-05
    },
    "numerical_settings": {
        "delta_finite_difference": 1e-05,
        "k_start_factor": 100.0
    },
    "background_info": {
        "total_efolds": 65.48979224404074,
        "exit_N_simulation": 5.55690188425744
    },
    "observables": {
        "n_s": 0.9578029235024889,
        "r": 0.003019353816690513,
        "n_s_SR": 0.9672936571425365,
        "r_SR": 0.0030923876426999382,
        "P_S_pivot": 7.096811033124031e-07,
        "P_T_pivot": 2.1427783479194387e-09
    },
    "spectrum_scan": [
        {
            "label": "k_minus",
            "k_code": 0.005327544880244682,
            "P_S": 7.096814016914404e-07,
            "P_T": 2.1427785386556545e-09
        },
        {
            "label": "k_pivot",
            "k_code": 0.005327598156226244,
            "P_S": 7.096811033124031e-07,
            "P_T": 2.1427783479194387e-09
        },
        {
            "label": "k_plus",
            "k_code": 0.005327651432207807,
            "P_S": 7.096808027620855e-07,
            "P_T": 2.142778149317832e-09
        }
    ]
}