{
    "metadata": {
        "run_id": "3b753100",
        "timestamp": "2026-03-23T01:10:22.240817",
        "description": "Batch automated calculation of ns and r from exact MS equations."
    },
    "model_parameters": {
        "name": "Higgs Inflation",
        "xi": 1000,
        "lambda": 0.13,
        "phi0": 5.673684210526316,
        "yi": -0.19473684210526318,
        "S": 5e-05
    },
    "numerical_settings": {
        "delta_finite_difference": 1e-05,
        "k_start_factor": 100.0
    },
    "background_info": {
        "total_efolds": 72.65163983745917,
        "exit_N_simulation": 12.356150757715717
    },
    "observables": {
        "n_s": 0.9681097544458829,
        "r": 0.002988403203388933,
        "n_s_SR": 0.9674665035429951,
        "r_SR": 0.00306027936637417,
        "P_S_pivot": 7.170066086597759e-07,
        "P_T_pivot": 2.1427048461699093e-09
    },
    "spectrum_scan": [
        {
            "label": "k_minus",
            "k_code": 4.780027763884246,
            "P_S": 7.170068366231158e-07,
            "P_T": 2.1427048148252214e-09
        },
        {
            "label": "k_pivot",
            "k_code": 4.780075564639892,
            "P_S": 7.170066086597759e-07,
            "P_T": 2.1427048461699093e-09
        },
        {
            "label": "k_plus",
            "k_code": 4.780123365395539,
            "P_S": 7.170063793127797e-07,
            "P_T": 2.142704878083028e-09
        }
    ]
}