{
    "metadata": {
        "run_id": "f61f989f",
        "timestamp": "2026-03-23T01:05:56.185179",
        "description": "Batch automated calculation of ns and r from exact MS equations."
    },
    "model_parameters": {
        "name": "Higgs Inflation",
        "xi": 1000,
        "lambda": 0.13,
        "phi0": 5.563157894736842,
        "yi": -0.11578947368421054,
        "S": 5e-05
    },
    "numerical_settings": {
        "delta_finite_difference": 1e-05,
        "k_start_factor": 100.0
    },
    "background_info": {
        "total_efolds": 67.12186981482819,
        "exit_N_simulation": 7.204072159709561
    },
    "observables": {
        "n_s": 0.965860617302398,
        "r": 0.0030445317499704573,
        "n_s_SR": 0.967152950261248,
        "r_SR": 0.003118476072122298,
        "P_S_pivot": 7.03627815385978e-07,
        "P_T_pivot": 2.1422172241049616e-09
    },
    "spectrum_scan": [
        {
            "label": "k_minus",
            "k_code": 0.027660639370626513,
            "P_S": 7.036280573187214e-07,
            "P_T": 2.1422172382244876e-09
        },
        {
            "label": "k_pivot",
            "k_code": 0.02766091597978631,
            "P_S": 7.03627815385978e-07,
            "P_T": 2.1422172241049616e-09
        },
        {
            "label": "k_plus",
            "k_code": 0.02766119258894611,
            "P_S": 7.036275768903343e-07,
            "P_T": 2.1422172218659703e-09
        }
    ]
}