{
    "metadata": {
        "run_id": "e5670ee5",
        "timestamp": "2026-03-23T02:11:29.093261",
        "description": "Batch automated calculation of ns and r from exact MS equations."
    },
    "model_parameters": {
        "name": "Higgs Inflation",
        "xi": 1000,
        "lambda": 0.13,
        "phi0": 5.557142857142857,
        "yi": -0.18571428571428572,
        "S": 5e-05
    },
    "numerical_settings": {
        "delta_finite_difference": 1e-05,
        "k_start_factor": 100.0
    },
    "background_info": {
        "total_efolds": 65.90735988616149,
        "exit_N_simulation": 5.968882041252319
    },
    "observables": {
        "n_s": 0.9577482613591354,
        "r": 0.0030183645953455783,
        "n_s_SR": 0.9672990239391246,
        "r_SR": 0.0030913617162987897,
        "P_S_pivot": 7.099164795701538e-07,
        "P_T_pivot": 2.142786767586925e-09
    },
    "spectrum_scan": [
        {
            "label": "k_minus",
            "k_code": 0.008043567066564264,
            "P_S": 7.099167782152962e-07,
            "P_T": 2.1427869605116277e-09
        },
        {
            "label": "k_pivot",
            "k_code": 0.008043647503039294,
            "P_S": 7.099164795701538e-07,
            "P_T": 2.142786767586925e-09
        },
        {
            "label": "k_plus",
            "k_code": 0.008043727939514324,
            "P_S": 7.099161783111867e-07,
            "P_T": 2.1427865699664665e-09
        }
    ]
}