{
    "metadata": {
        "run_id": "6e7043cd",
        "timestamp": "2026-03-23T01:14:10.700371",
        "description": "Batch automated calculation of ns and r from exact MS equations."
    },
    "model_parameters": {
        "name": "Higgs Inflation",
        "xi": 1000,
        "lambda": 0.13,
        "phi0": 5.752631578947368,
        "yi": -0.15263157894736842,
        "S": 5e-05
    },
    "numerical_settings": {
        "delta_finite_difference": 1e-05,
        "k_start_factor": 100.0
    },
    "background_info": {
        "total_efolds": 78.32264201459343,
        "exit_N_simulation": 18.540059431236173
    },
    "observables": {
        "n_s": 0.9652035693760124,
        "r": 0.0030623856780546224,
        "n_s_SR": 0.9670537754356862,
        "r_SR": 0.003136990892339583,
        "P_S_pivot": 6.994753896188333e-07,
        "P_T_pivot": 2.142063415320392e-09
    },
    "spectrum_scan": [
        {
            "label": "k_minus",
            "k_code": 2317.4131765698858,
            "P_S": 6.994756326834386e-07,
            "P_T": 2.1420634361459504e-09
        },
        {
            "label": "k_pivot",
            "k_code": 2317.436350933395,
            "P_S": 6.994753896188333e-07,
            "P_T": 2.142063415320392e-09
        },
        {
            "label": "k_plus",
            "k_code": 2317.4595252969043,
            "P_S": 6.994751458985012e-07,
            "P_T": 2.142063395421101e-09
        }
    ]
}