{
    "metadata": {
        "run_id": "14b2abae",
        "timestamp": "2026-03-23T02:12:13.661115",
        "description": "Batch automated calculation of ns and r from exact MS equations."
    },
    "model_parameters": {
        "name": "Higgs Inflation",
        "xi": 1000,
        "lambda": 0.13,
        "phi0": 5.585714285714285,
        "yi": -0.18571428571428572,
        "S": 5e-05
    },
    "numerical_settings": {
        "delta_finite_difference": 1e-05,
        "k_start_factor": 100.0
    },
    "background_info": {
        "total_efolds": 67.53148484247178,
        "exit_N_simulation": 7.616407258809244
    },
    "observables": {
        "n_s": 0.957599488721425,
        "r": 0.003022479195708161,
        "n_s_SR": 0.9672757148329295,
        "r_SR": 0.003095627649389255,
        "P_S_pivot": 7.089384732198483e-07,
        "P_T_pivot": 2.1427517863440985e-09
    },
    "spectrum_scan": [
        {
            "label": "k_minus",
            "k_code": 0.04177882443982726,
            "P_S": 7.089387723863491e-07,
            "P_T": 2.142751981464713e-09
        },
        {
            "label": "k_pivot",
            "k_code": 0.041779242232249575,
            "P_S": 7.089384732198483e-07,
            "P_T": 2.1427517863440985e-09
        },
        {
            "label": "k_plus",
            "k_code": 0.0417796600246719,
            "P_S": 7.089381711992759e-07,
            "P_T": 2.142751582985197e-09
        }
    ]
}