{
    "metadata": {
        "run_id": "a44c1d21",
        "timestamp": "2026-03-23T01:02:34.322862",
        "description": "Batch automated calculation of ns and r from exact MS equations."
    },
    "model_parameters": {
        "name": "Higgs Inflation",
        "xi": 1000,
        "lambda": 0.13,
        "phi0": 5.5,
        "yi": -0.1842105263157895,
        "S": 5e-05
    },
    "numerical_settings": {
        "delta_finite_difference": 1e-05,
        "k_start_factor": 100.0
    },
    "background_info": {
        "total_efolds": 63.0515302581778,
        "exit_N_simulation": 3.086559169665037
    },
    "observables": {
        "n_s": 0.9824858109684954,
        "r": 0.0030380543808029713,
        "n_s_SR": 0.9691596328217404,
        "r_SR": 0.003113841312053566,
        "P_S_pivot": 7.067890703519344e-07,
        "P_T_pivot": 2.1472636314863535e-09
    },
    "spectrum_scan": [
        {
            "label": "k_minus",
            "k_code": 0.00045045834150932705,
            "P_S": 7.067891945004541e-07,
            "P_T": 2.1472634193259986e-09
        },
        {
            "label": "k_pivot",
            "k_code": 0.0004504628461377884,
            "P_S": 7.067890703519344e-07,
            "P_T": 2.1472636314863535e-09
        },
        {
            "label": "k_plus",
            "k_code": 0.00045046735076624984,
            "P_S": 7.067889469237062e-07,
            "P_T": 2.147263842289226e-09
        }
    ]
}