{
    "metadata": {
        "run_id": "0357e644",
        "timestamp": "2026-03-23T02:11:07.773344",
        "description": "Batch automated calculation of ns and r from exact MS equations."
    },
    "model_parameters": {
        "name": "Higgs Inflation",
        "xi": 1000,
        "lambda": 0.13,
        "phi0": 5.542857142857143,
        "yi": -0.18571428571428572,
        "S": 5e-05
    },
    "numerical_settings": {
        "delta_finite_difference": 1e-05,
        "k_start_factor": 100.0
    },
    "background_info": {
        "total_efolds": 65.1027099396243,
        "exit_N_simulation": 5.145286026348252
    },
    "observables": {
        "n_s": 0.9531118358066542,
        "r": 0.0030149780376147995,
        "n_s_SR": 0.9673216655781186,
        "r_SR": 0.0030878542463275275,
        "P_S_pivot": 7.107234153434552e-07,
        "P_T_pivot": 2.1428154880790987e-09
    },
    "spectrum_scan": [
        {
            "label": "k_minus",
            "k_code": 0.0035299490168436854,
            "P_S": 7.107237143679412e-07,
            "P_T": 2.142815680387955e-09
        },
        {
            "label": "k_pivot",
            "k_code": 0.003529984316686852,
            "P_S": 7.107234153434552e-07,
            "P_T": 2.1428154880790987e-09
        },
        {
            "label": "k_plus",
            "k_code": 0.003530019616530019,
            "P_S": 7.107230478776493e-07,
            "P_T": 2.1428150899571695e-09
        }
    ]
}