{
    "metadata": {
        "run_id": "a54373f9",
        "timestamp": "2026-03-23T01:04:36.771075",
        "description": "Batch automated calculation of ns and r from exact MS equations."
    },
    "model_parameters": {
        "name": "Higgs Inflation",
        "xi": 1000,
        "lambda": 0.13,
        "phi0": 5.5473684210526315,
        "yi": -0.2,
        "S": 5e-05
    },
    "numerical_settings": {
        "delta_finite_difference": 1e-05,
        "k_start_factor": 100.0
    },
    "background_info": {
        "total_efolds": 65.34835425052967,
        "exit_N_simulation": 5.145425335615923
    },
    "observables": {
        "n_s": 0.9674578091026689,
        "r": 0.0030033572410284827,
        "n_s_SR": 0.9673871607550176,
        "r_SR": 0.003075787208198709,
        "P_S_pivot": 7.133930995612817e-07,
        "P_T_pivot": 2.1425743312671286e-09
    },
    "spectrum_scan": [
        {
            "label": "k_minus",
            "k_code": 0.0035305233338005426,
            "P_S": 7.133933314099563e-07,
            "P_T": 2.1425743098752206e-09
        },
        {
            "label": "k_pivot",
            "k_code": 0.0035305586393869362,
            "P_S": 7.133930995612817e-07,
            "P_T": 2.1425743312671286e-09
        },
        {
            "label": "k_plus",
            "k_code": 0.0035305939449733303,
            "P_S": 7.133928671024671e-07,
            "P_T": 2.142574347803098e-09
        }
    ]
}