{
    "metadata": {
        "run_id": "4c440d83",
        "timestamp": "2026-03-23T01:06:47.686702",
        "description": "Batch automated calculation of ns and r from exact MS equations."
    },
    "model_parameters": {
        "name": "Higgs Inflation",
        "xi": 1000,
        "lambda": 0.13,
        "phi0": 5.594736842105263,
        "yi": -0.2,
        "S": 5e-05
    },
    "numerical_settings": {
        "delta_finite_difference": 1e-05,
        "k_start_factor": 100.0
    },
    "background_info": {
        "total_efolds": 68.14645294077535,
        "exit_N_simulation": 8.234051666301237
    },
    "observables": {
        "n_s": 0.9658155109837192,
        "r": 0.0030452588884435365,
        "n_s_SR": 0.9671489021462311,
        "r_SR": 0.003119229985333372,
        "P_S_pivot": 7.034577448910697e-07,
        "P_T_pivot": 2.142210950273976e-09
    },
    "spectrum_scan": [
        {
            "label": "k_minus",
            "k_code": 0.07747757161640978,
            "P_S": 7.034579866534218e-07,
            "P_T": 2.1422109600600892e-09
        },
        {
            "label": "k_pivot",
            "k_code": 0.07747834639987378,
            "P_S": 7.034577448910697e-07,
            "P_T": 2.142210950273976e-09
        },
        {
            "label": "k_plus",
            "k_code": 0.07747912118333777,
            "P_S": 7.034575057065503e-07,
            "P_T": 2.142210941408102e-09
        }
    ]
}