{
    "metadata": {
        "run_id": "eee5ea78",
        "timestamp": "2026-03-23T01:05:36.705304",
        "description": "Batch automated calculation of ns and r from exact MS equations."
    },
    "model_parameters": {
        "name": "Higgs Inflation",
        "xi": 1000,
        "lambda": 0.13,
        "phi0": 5.563157894736842,
        "yi": -0.1631578947368421,
        "S": 5e-05
    },
    "numerical_settings": {
        "delta_finite_difference": 1e-05,
        "k_start_factor": 100.0
    },
    "background_info": {
        "total_efolds": 66.48069326879798,
        "exit_N_simulation": 6.175121900426419
    },
    "observables": {
        "n_s": 0.9678856018372358,
        "r": 0.0029867137657755435,
        "n_s_SR": 0.9674761404990869,
        "r_SR": 0.0030585285947348807,
        "P_S_pivot": 7.174171308837144e-07,
        "P_T_pivot": 2.1427196206135846e-09
    },
    "spectrum_scan": [
        {
            "label": "k_minus",
            "k_code": 0.00988655923423513,
            "P_S": 7.17417361753878e-07,
            "P_T": 2.1427195950058066e-09
        },
        {
            "label": "k_pivot",
            "k_code": 0.009886658100816136,
            "P_S": 7.174171308837144e-07,
            "P_T": 2.1427196206135846e-09
        },
        {
            "label": "k_plus",
            "k_code": 0.009886756967397145,
            "P_S": 7.174169009654909e-07,
            "P_T": 2.142719649990599e-09
        }
    ]
}