{
    "metadata": {
        "run_id": "664a8215",
        "timestamp": "2026-03-23T01:03:44.457712",
        "description": "Batch automated calculation of ns and r from exact MS equations."
    },
    "model_parameters": {
        "name": "Higgs Inflation",
        "xi": 1000,
        "lambda": 0.13,
        "phi0": 5.515789473684211,
        "yi": -0.11578947368421054,
        "S": 5e-05
    },
    "numerical_settings": {
        "delta_finite_difference": 1e-05,
        "k_start_factor": 100.0
    },
    "background_info": {
        "total_efolds": 64.34675691880929,
        "exit_N_simulation": 4.115905904407189
    },
    "observables": {
        "n_s": 0.9676362204328217,
        "r": 0.002998945150328287,
        "n_s_SR": 0.9674551083864495,
        "r_SR": 0.0030712587646070035,
        "P_S_pivot": 7.144555236958952e-07,
        "P_T_pivot": 2.1426129279130613e-09
    },
    "spectrum_scan": [
        {
            "label": "k_minus",
            "k_code": 0.001261038454839642,
            "P_S": 7.144557557325881e-07,
            "P_T": 2.1426129070928773e-09
        },
        {
            "label": "k_pivot",
            "k_code": 0.0012610510653502955,
            "P_S": 7.144555236958952e-07,
            "P_T": 2.1426129279130613e-09
        },
        {
            "label": "k_plus",
            "k_code": 0.001261063675860949,
            "P_S": 7.14455293282966e-07,
            "P_T": 2.1426129532648534e-09
        }
    ]
}