{
    "metadata": {
        "run_id": "94e19c9c",
        "timestamp": "2026-03-23T01:13:13.627580",
        "description": "Batch automated calculation of ns and r from exact MS equations."
    },
    "model_parameters": {
        "name": "Higgs Inflation",
        "xi": 1000,
        "lambda": 0.13,
        "phi0": 5.7368421052631575,
        "yi": -0.18947368421052632,
        "S": 5e-05
    },
    "numerical_settings": {
        "delta_finite_difference": 1e-05,
        "k_start_factor": 100.0
    },
    "background_info": {
        "total_efolds": 76.70862919163973,
        "exit_N_simulation": 16.47940474619365
    },
    "observables": {
        "n_s": 0.9676034850198814,
        "r": 0.002999206156104091,
        "n_s_SR": 0.9674059408034699,
        "r_SR": 0.0030714786722047635,
        "P_S_pivot": 7.143925419078501e-07,
        "P_T_pivot": 2.1426105095648735e-09
    },
    "spectrum_scan": [
        {
            "label": "k_minus",
            "k_code": 295.2075275922019,
            "P_S": 7.14392774529126e-07,
            "P_T": 2.1426104864514277e-09
        },
        {
            "label": "k_pivot",
            "k_code": 295.2104796969989,
            "P_S": 7.143925419078501e-07,
            "P_T": 2.1426105095648735e-09
        },
        {
            "label": "k_plus",
            "k_code": 295.2134318017959,
            "P_S": 7.14392311652551e-07,
            "P_T": 2.1426105330419265e-09
        }
    ]
}