{
    "metadata": {
        "run_id": "d26bc38b",
        "timestamp": "2026-03-23T02:05:01.097268",
        "description": "Batch automated calculation of ns and r from exact MS equations."
    },
    "model_parameters": {
        "name": "Higgs Inflation",
        "xi": 1000,
        "lambda": 0.13,
        "phi0": 5.6,
        "yi": -0.16666666666666669,
        "S": 5e-05
    },
    "numerical_settings": {
        "delta_finite_difference": 1e-05,
        "k_start_factor": 100.0
    },
    "background_info": {
        "total_efolds": 68.54081152871395,
        "exit_N_simulation": 8.23484322437204
    },
    "observables": {
        "n_s": 0.967921835343033,
        "r": 0.002986646994478695,
        "n_s_SR": 0.9674763594848187,
        "r_SR": 0.0030584591932955457,
        "P_S_pivot": 7.174333665137608e-07,
        "P_T_pivot": 2.1427202078370556e-09
    },
    "spectrum_scan": [
        {
            "label": "k_minus",
            "k_code": 0.07754804192614126,
            "P_S": 7.174335952205991e-07,
            "P_T": 2.142720176333254e-09
        },
        {
            "label": "k_pivot",
            "k_code": 0.0775488174143154,
            "P_S": 7.174333665137608e-07,
            "P_T": 2.1427202078370556e-09
        },
        {
            "label": "k_plus",
            "k_code": 0.07754959290248954,
            "P_S": 7.174331349416864e-07,
            "P_T": 2.1427202330051147e-09
        }
    ]
}