{
    "metadata": {
        "run_id": "418675c8",
        "timestamp": "2026-03-23T02:10:43.655334",
        "description": "Batch automated calculation of ns and r from exact MS equations."
    },
    "model_parameters": {
        "name": "Higgs Inflation",
        "xi": 1000,
        "lambda": 0.13,
        "phi0": 5.521428571428571,
        "yi": -0.10714285714285715,
        "S": 5e-05
    },
    "numerical_settings": {
        "delta_finite_difference": 1e-05,
        "k_start_factor": 100.0
    },
    "background_info": {
        "total_efolds": 64.65384445472057,
        "exit_N_simulation": 4.73332067444298
    },
    "observables": {
        "n_s": 0.9575462434031045,
        "r": 0.0030215279857029095,
        "n_s_SR": 0.9672876086964249,
        "r_SR": 0.0030946483332941876,
        "P_S_pivot": 7.091642702364894e-07,
        "P_T_pivot": 2.1427596889801337e-09
    },
    "spectrum_scan": [
        {
            "label": "k_minus",
            "k_code": 0.002338021223609376,
            "P_S": 7.091645321979539e-07,
            "P_T": 2.1427597706679543e-09
        },
        {
            "label": "k_pivot",
            "k_code": 0.0023380446040554164,
            "P_S": 7.091642702364894e-07,
            "P_T": 2.1427596889801337e-09
        },
        {
            "label": "k_plus",
            "k_code": 0.002338067984501457,
            "P_S": 7.091639300642415e-07,
            "P_T": 2.1427593702045697e-09
        }
    ]
}