{
    "metadata": {
        "run_id": "3539b26c",
        "timestamp": "2026-03-23T01:16:12.950375",
        "description": "Batch automated calculation of ns and r from exact MS equations."
    },
    "model_parameters": {
        "name": "Higgs Inflation",
        "xi": 1000,
        "lambda": 0.13,
        "phi0": 5.8,
        "yi": -0.1631578947368421,
        "S": 5e-05
    },
    "numerical_settings": {
        "delta_finite_difference": 1e-05,
        "k_start_factor": 100.0
    },
    "background_info": {
        "total_efolds": 81.01801304526717,
        "exit_N_simulation": 20.60586526776678
    },
    "observables": {
        "n_s": 0.9687276102571636,
        "r": 0.0029680324014170964,
        "n_s_SR": 0.967580985530929,
        "r_SR": 0.0030391624513944632,
        "P_S_pivot": 7.219878613389032e-07,
        "P_T_pivot": 2.1428833658836985e-09
    },
    "spectrum_scan": [
        {
            "label": "k_minus",
            "k_code": 18291.687216686398,
            "P_S": 7.219880870329855e-07,
            "P_T": 2.1428833243698734e-09
        },
        {
            "label": "k_pivot",
            "k_code": 18291.87013538775,
            "P_S": 7.219878613389032e-07,
            "P_T": 2.1428833658836985e-09
        },
        {
            "label": "k_plus",
            "k_code": 18292.053054089105,
            "P_S": 7.219876354672693e-07,
            "P_T": 2.1428834100296524e-09
        }
    ]
}