{
    "metadata": {
        "run_id": "2785a81d",
        "timestamp": "2026-03-23T01:07:00.509292",
        "description": "Batch automated calculation of ns and r from exact MS equations."
    },
    "model_parameters": {
        "name": "Higgs Inflation",
        "xi": 1000,
        "lambda": 0.13,
        "phi0": 5.594736842105263,
        "yi": -0.16842105263157897,
        "S": 5e-05
    },
    "numerical_settings": {
        "delta_finite_difference": 1e-05,
        "k_start_factor": 100.0
    },
    "background_info": {
        "total_efolds": 68.34709291460707,
        "exit_N_simulation": 8.234401415733169
    },
    "observables": {
        "n_s": 0.9669045426048609,
        "r": 0.0030170817248839975,
        "n_s_SR": 0.9673059520278107,
        "r_SR": 0.0030900121836076955,
        "P_S_pivot": 7.101083490452146e-07,
        "P_T_pivot": 2.142454922591864e-09
    },
    "spectrum_scan": [
        {
            "label": "k_minus",
            "k_code": 0.07750904459533253,
            "P_S": 7.101085845428503e-07,
            "P_T": 2.1424549172160974e-09
        },
        {
            "label": "k_pivot",
            "k_code": 0.07750981969352946,
            "P_S": 7.101083490452146e-07,
            "P_T": 2.142454922591864e-09
        },
        {
            "label": "k_plus",
            "k_code": 0.07751059479172641,
            "P_S": 7.101081145156384e-07,
            "P_T": 2.1424549340267016e-09
        }
    ]
}