{
    "metadata": {
        "run_id": "4263f6f9",
        "timestamp": "2026-03-23T02:12:29.248187",
        "description": "Batch automated calculation of ns and r from exact MS equations."
    },
    "model_parameters": {
        "name": "Higgs Inflation",
        "xi": 1000,
        "lambda": 0.13,
        "phi0": 5.5928571428571425,
        "yi": -0.12857142857142856,
        "S": 5e-05
    },
    "numerical_settings": {
        "delta_finite_difference": 1e-05,
        "k_start_factor": 100.0
    },
    "background_info": {
        "total_efolds": 68.41530906578757,
        "exit_N_simulation": 8.440410503193227
    },
    "observables": {
        "n_s": 0.9580052103110713,
        "r": 0.003011809404075153,
        "n_s_SR": 0.9673353114126548,
        "r_SR": 0.0030845647800860315,
        "P_S_pivot": 7.114801419139831e-07,
        "P_T_pivot": 2.1428425822292587e-09
    },
    "spectrum_scan": [
        {
            "label": "k_minus",
            "k_code": 0.09524135648387325,
            "P_S": 7.11480441555537e-07,
            "P_T": 2.142842777200549e-09
        },
        {
            "label": "k_pivot",
            "k_code": 0.09524230890696231,
            "P_S": 7.114801419139831e-07,
            "P_T": 2.1428425822292587e-09
        },
        {
            "label": "k_plus",
            "k_code": 0.09524326133005138,
            "P_S": 7.114798439863576e-07,
            "P_T": 2.142842395149019e-09
        }
    ]
}