{
    "metadata": {
        "run_id": "29073e39",
        "timestamp": "2026-03-22T23:39:43.716212",
        "description": "Batch automated calculation of ns and r from exact MS equations."
    },
    "model_parameters": {
        "name": "Higgs Inflation",
        "xi": 1000,
        "lambda": 0.13,
        "phi0": 5.75,
        "yi": -0.17500000000000002,
        "S": 5e-05
    },
    "numerical_settings": {
        "delta_finite_difference": 1e-05,
        "k_start_factor": 100.0
    },
    "background_info": {
        "total_efolds": 77.72228213420492,
        "exit_N_simulation": 17.510502316202597
    },
    "observables": {
        "n_s": 0.9674078239325592,
        "r": 0.0030019681839578826,
        "P_S_pivot": 7.13727227768116e-07,
        "P_T_pivot": 2.142586429784345e-09
    },
    "spectrum_scan": [
        {
            "label": "k_minus",
            "k_code": 827.7991954433386,
            "P_S": 7.137274612292475e-07,
            "P_T": 2.1425864113664247e-09
        },
        {
            "label": "k_pivot",
            "k_code": 827.8074735180737,
            "P_S": 7.13727227768116e-07,
            "P_T": 2.142586429784345e-09
        },
        {
            "label": "k_plus",
            "k_code": 827.815751592809,
            "P_S": 7.137269959907769e-07,
            "P_T": 2.1425864504892937e-09
        }
    ]
}