{
    "metadata": {
        "run_id": "ce9a4fd4",
        "timestamp": "2026-03-23T02:12:28.646533",
        "description": "Batch automated calculation of ns and r from exact MS equations."
    },
    "model_parameters": {
        "name": "Higgs Inflation",
        "xi": 1000,
        "lambda": 0.13,
        "phi0": 5.5928571428571425,
        "yi": -0.13571428571428573,
        "S": 5e-05
    },
    "numerical_settings": {
        "delta_finite_difference": 1e-05,
        "k_start_factor": 100.0
    },
    "background_info": {
        "total_efolds": 68.37991359339436,
        "exit_N_simulation": 8.440326828408715
    },
    "observables": {
        "n_s": 0.9554360211830353,
        "r": 0.003018167766848834,
        "n_s_SR": 0.9672997831425235,
        "r_SR": 0.0030911572982715973,
        "P_S_pivot": 7.09963332082429e-07,
        "P_T_pivot": 2.142788444535782e-09
    },
    "spectrum_scan": [
        {
            "label": "k_minus",
            "k_code": 0.09523217255190132,
            "P_S": 7.099636343514608e-07,
            "P_T": 2.142788643630322e-09
        },
        {
            "label": "k_pivot",
            "k_code": 0.09523312488315015,
            "P_S": 7.09963332082429e-07,
            "P_T": 2.142788444535782e-09
        },
        {
            "label": "k_plus",
            "k_code": 0.09523407721439898,
            "P_S": 7.099630015756546e-07,
            "P_T": 2.142788153890243e-09
        }
    ]
}