{
    "metadata": {
        "run_id": "558ff505",
        "timestamp": "2026-03-23T01:10:51.926844",
        "description": "Batch automated calculation of ns and r from exact MS equations."
    },
    "model_parameters": {
        "name": "Higgs Inflation",
        "xi": 1000,
        "lambda": 0.13,
        "phi0": 5.673684210526316,
        "yi": -0.12105263157894738,
        "S": 5e-05
    },
    "numerical_settings": {
        "delta_finite_difference": 1e-05,
        "k_start_factor": 100.0
    },
    "background_info": {
        "total_efolds": 73.49672249710359,
        "exit_N_simulation": 13.386069214433114
    },
    "observables": {
        "n_s": 0.9669360275521073,
        "r": 0.0030173831462903668,
        "n_s_SR": 0.9673042680750472,
        "r_SR": 0.0030903243428826474,
        "P_S_pivot": 7.100365448698272e-07,
        "P_T_pivot": 2.1424523037404604e-09
    },
    "spectrum_scan": [
        {
            "label": "k_minus",
            "k_code": 13.387300706599044,
            "P_S": 7.100367794897668e-07,
            "P_T": 2.142452295749964e-09
        },
        {
            "label": "k_pivot",
            "k_code": 13.387434580944852,
            "P_S": 7.100365448698272e-07,
            "P_T": 2.1424523037404604e-09
        },
        {
            "label": "k_plus",
            "k_code": 13.387568455290662,
            "P_S": 7.100363099571919e-07,
            "P_T": 2.142452314253808e-09
        }
    ]
}