{
    "metadata": {
        "run_id": "2c39a901",
        "timestamp": "2026-03-23T01:03:27.169484",
        "description": "Batch automated calculation of ns and r from exact MS equations."
    },
    "model_parameters": {
        "name": "Higgs Inflation",
        "xi": 1000,
        "lambda": 0.13,
        "phi0": 5.515789473684211,
        "yi": -0.15789473684210528,
        "S": 5e-05
    },
    "numerical_settings": {
        "delta_finite_difference": 1e-05,
        "k_start_factor": 100.0
    },
    "background_info": {
        "total_efolds": 64.10917712672948,
        "exit_N_simulation": 4.115702201403581
    },
    "observables": {
        "n_s": 0.9663706431025019,
        "r": 0.0030341654478249795,
        "n_s_SR": 0.9672835786108682,
        "r_SR": 0.003107805458944172,
        "P_S_pivot": 7.060613729995245e-07,
        "P_T_pivot": 2.142307021999022e-09
    },
    "spectrum_scan": [
        {
            "label": "k_minus",
            "k_code": 0.0012606925261156906,
            "P_S": 7.060616116251886e-07,
            "P_T": 2.142307019421113e-09
        },
        {
            "label": "k_pivot",
            "k_code": 0.0012607051331670223,
            "P_S": 7.060613729995245e-07,
            "P_T": 2.142307021999022e-09
        },
        {
            "label": "k_plus",
            "k_code": 0.001260717740218354,
            "P_S": 7.060611367373897e-07,
            "P_T": 2.1423070221400293e-09
        }
    ]
}