{
    "metadata": {
        "run_id": "d886f7f8",
        "timestamp": "2026-03-23T02:11:56.901691",
        "description": "Batch automated calculation of ns and r from exact MS equations."
    },
    "model_parameters": {
        "name": "Higgs Inflation",
        "xi": 1000,
        "lambda": 0.13,
        "phi0": 5.571428571428571,
        "yi": -0.12857142857142856,
        "S": 5e-05
    },
    "numerical_settings": {
        "delta_finite_difference": 1e-05,
        "k_start_factor": 100.0
    },
    "background_info": {
        "total_efolds": 67.18595731397426,
        "exit_N_simulation": 7.204529525502611
    },
    "observables": {
        "n_s": 0.9552722282048534,
        "r": 0.003010614055675368,
        "n_s_SR": 0.9673419995699528,
        "r_SR": 0.0030833254645318267,
        "P_S_pivot": 7.11766015923725e-07,
        "P_T_pivot": 2.1428527718920243e-09
    },
    "spectrum_scan": [
        {
            "label": "k_minus",
            "k_code": 0.027675171805243357,
            "P_S": 7.117663154788702e-07,
            "P_T": 2.1428529644047804e-09
        },
        {
            "label": "k_pivot",
            "k_code": 0.027675448559728952,
            "P_S": 7.11766015923725e-07,
            "P_T": 2.1428527718920243e-09
        },
        {
            "label": "k_plus",
            "k_code": 0.027675725314214552,
            "P_S": 7.11765678764728e-07,
            "P_T": 2.142852462662527e-09
        }
    ]
}