{
    "metadata": {
        "run_id": "8ac84080",
        "timestamp": "2026-03-23T01:14:08.584077",
        "description": "Batch automated calculation of ns and r from exact MS equations."
    },
    "model_parameters": {
        "name": "Higgs Inflation",
        "xi": 1000,
        "lambda": 0.13,
        "phi0": 5.752631578947368,
        "yi": -0.15789473684210528,
        "S": 5e-05
    },
    "numerical_settings": {
        "delta_finite_difference": 1e-05,
        "k_start_factor": 100.0
    },
    "background_info": {
        "total_efolds": 77.91955611071603,
        "exit_N_simulation": 17.511389398710826
    },
    "observables": {
        "n_s": 0.9687243673401178,
        "r": 0.0029687590196194984,
        "n_s_SR": 0.9675768958100269,
        "r_SR": 0.0030399159198590637,
        "P_S_pivot": 7.218090027908146e-07,
        "P_T_pivot": 2.1428769874777865e-09
    },
    "spectrum_scan": [
        {
            "label": "k_minus",
            "k_code": 828.5893255187789,
            "P_S": 7.218092283884269e-07,
            "P_T": 2.1428769448087305e-09
        },
        {
            "label": "k_pivot",
            "k_code": 828.5976114948938,
            "P_S": 7.218090027908146e-07,
            "P_T": 2.1428769874777865e-09
        },
        {
            "label": "k_plus",
            "k_code": 828.6058974710088,
            "P_S": 7.218087768877624e-07,
            "P_T": 2.1428770281337293e-09
        }
    ]
}