{
    "metadata": {
        "run_id": "957a6fbb",
        "timestamp": "2026-03-22T22:10:54.247889",
        "description": "Batch automated calculation of ns and r from exact MS equations."
    },
    "model_parameters": {
        "name": "Higgs Inflation",
        "xi": 17000,
        "lambda": 0.13,
        "phi0": 6.0,
        "yi": -0.1,
        "S": 5e-05
    },
    "numerical_settings": {
        "delta_finite_difference": 1e-05,
        "k_start_factor": 100.0
    },
    "background_info": {
        "total_efolds": 78.22328681786892,
        "exit_N_simulation": 18.248007005815094
    },
    "observables": {
        "n_s": 0.9839959761169068,
        "r": 0.0030106964890184297,
        "P_S_pivot": 2.462908810313024e-09,
        "P_T_pivot": 7.41507090798198e-12
    },
    "spectrum_scan": [
        {
            "label": "k_minus",
            "k_code": 101.80349257299991,
            "P_S": 2.462909204947569e-09,
            "P_T": 7.415069726693134e-12
        },
        {
            "label": "k_pivot",
            "k_code": 101.8045106181061,
            "P_S": 2.462908810313024e-09,
            "P_T": 7.41507090798198e-12
        },
        {
            "label": "k_plus",
            "k_code": 101.80552866321229,
            "P_S": 2.4629084166185367e-09,
            "P_T": 7.415072113029165e-12
        }
    ]
}