{
    "metadata": {
        "run_id": "b5d94ad0",
        "timestamp": "2026-03-23T01:05:40.956322",
        "description": "Batch automated calculation of ns and r from exact MS equations."
    },
    "model_parameters": {
        "name": "Higgs Inflation",
        "xi": 1000,
        "lambda": 0.13,
        "phi0": 5.563157894736842,
        "yi": -0.15263157894736842,
        "S": 5e-05
    },
    "numerical_settings": {
        "delta_finite_difference": 1e-05,
        "k_start_factor": 100.0
    },
    "background_info": {
        "total_efolds": 66.53304851081687,
        "exit_N_simulation": 6.1752051521549784
    },
    "observables": {
        "n_s": 0.9684924989475764,
        "r": 0.002977745797415849,
        "n_s_SR": 0.9675264951056706,
        "r_SR": 0.0030492322653637664,
        "P_S_pivot": 7.196041188257593e-07,
        "P_T_pivot": 2.14279814063654e-09
    },
    "spectrum_scan": [
        {
            "label": "k_minus",
            "k_code": 0.009887561212830062,
            "P_S": 7.196043452152393e-07,
            "P_T": 2.142798102261983e-09
        },
        {
            "label": "k_pivot",
            "k_code": 0.009887660089430955,
            "P_S": 7.196041188257593e-07,
            "P_T": 2.14279814063654e-09
        },
        {
            "label": "k_plus",
            "k_code": 0.00988775896603185,
            "P_S": 7.196038917566888e-07,
            "P_T": 2.142798177389805e-09
        }
    ]
}