{
    "metadata": {
        "run_id": "c4b97e23",
        "timestamp": "2026-03-23T01:04:41.180688",
        "description": "Batch automated calculation of ns and r from exact MS equations."
    },
    "model_parameters": {
        "name": "Higgs Inflation",
        "xi": 1000,
        "lambda": 0.13,
        "phi0": 5.5473684210526315,
        "yi": -0.18947368421052632,
        "S": 5e-05
    },
    "numerical_settings": {
        "delta_finite_difference": 1e-05,
        "k_start_factor": 100.0
    },
    "background_info": {
        "total_efolds": 65.40412469591128,
        "exit_N_simulation": 5.145489170415267
    },
    "observables": {
        "n_s": 0.9679568375670855,
        "r": 0.002994473919989199,
        "n_s_SR": 0.9674366406591983,
        "r_SR": 0.0030665773726169803,
        "P_S_pivot": 7.15535305464798e-07,
        "P_T_pivot": 2.1426518110458427e-09
    },
    "spectrum_scan": [
        {
            "label": "k_minus",
            "k_code": 0.003530811809610444,
            "P_S": 7.155355365500721e-07,
            "P_T": 2.142651787055527e-09
        },
        {
            "label": "k_pivot",
            "k_code": 0.0035308471180816245,
            "P_S": 7.15535305464798e-07,
            "P_T": 2.1426518110458427e-09
        },
        {
            "label": "k_plus",
            "k_code": 0.0035308824265528056,
            "P_S": 7.155350779897906e-07,
            "P_T": 2.14265184550723e-09
        }
    ]
}