{
    "metadata": {
        "run_id": "7de93389",
        "timestamp": "2026-03-23T02:12:27.983725",
        "description": "Batch automated calculation of ns and r from exact MS equations."
    },
    "model_parameters": {
        "name": "Higgs Inflation",
        "xi": 1000,
        "lambda": 0.13,
        "phi0": 5.5928571428571425,
        "yi": -0.14285714285714285,
        "S": 5e-05
    },
    "numerical_settings": {
        "delta_finite_difference": 1e-05,
        "k_start_factor": 100.0
    },
    "background_info": {
        "total_efolds": 68.34344217037312,
        "exit_N_simulation": 8.440243397171306
    },
    "observables": {
        "n_s": 0.9573730407943551,
        "r": 0.003024540012949126,
        "n_s_SR": 0.9672642123267837,
        "r_SR": 0.0030977645026225614,
        "P_S_pivot": 7.084496373473359e-07,
        "P_T_pivot": 2.1427342753163153e-09
    },
    "spectrum_scan": [
        {
            "label": "k_minus",
            "k_code": 0.09522301130123095,
            "P_S": 7.084499390129744e-07,
            "P_T": 2.142734476964356e-09
        },
        {
            "label": "k_pivot",
            "k_code": 0.09522396354086636,
            "P_S": 7.084496373473359e-07,
            "P_T": 2.1427342753163153e-09
        },
        {
            "label": "k_plus",
            "k_code": 0.09522491578050178,
            "P_S": 7.084493350318984e-07,
            "P_T": 2.1427340706264477e-09
        }
    ]
}