{
    "metadata": {
        "run_id": "0fb0b9cf",
        "timestamp": "2026-03-23T01:05:12.139367",
        "description": "Batch automated calculation of ns and r from exact MS equations."
    },
    "model_parameters": {
        "name": "Higgs Inflation",
        "xi": 1000,
        "lambda": 0.13,
        "phi0": 5.5473684210526315,
        "yi": -0.11578947368421054,
        "S": 5e-05
    },
    "numerical_settings": {
        "delta_finite_difference": 1e-05,
        "k_start_factor": 100.0
    },
    "background_info": {
        "total_efolds": 66.19561014920447,
        "exit_N_simulation": 6.174553078499507
    },
    "observables": {
        "n_s": 0.9663928023532192,
        "r": 0.003030307284564003,
        "n_s_SR": 0.967232248463446,
        "r_SR": 0.0031037257405727645,
        "P_S_pivot": 7.069712794661855e-07,
        "P_T_pivot": 2.1423402181439155e-09
    },
    "spectrum_scan": [
        {
            "label": "k_minus",
            "k_code": 0.009880071983966026,
            "P_S": 7.069715190571757e-07,
            "P_T": 2.1423402181994603e-09
        },
        {
            "label": "k_pivot",
            "k_code": 0.009880170785673882,
            "P_S": 7.069712794661855e-07,
            "P_T": 2.1423402181439155e-09
        },
        {
            "label": "k_plus",
            "k_code": 0.00988026958738174,
            "P_S": 7.06971043870704e-07,
            "P_T": 2.142340218431906e-09
        }
    ]
}