{
    "metadata": {
        "run_id": "edd64552",
        "timestamp": "2026-03-23T02:03:48.200268",
        "description": "Batch automated calculation of ns and r from exact MS equations."
    },
    "model_parameters": {
        "name": "Higgs Inflation",
        "xi": 1000,
        "lambda": 0.13,
        "phi0": 5.533333333333333,
        "yi": -0.17777777777777778,
        "S": 5e-05
    },
    "numerical_settings": {
        "delta_finite_difference": 1e-05,
        "k_start_factor": 100.0
    },
    "background_info": {
        "total_efolds": 64.95500394308391,
        "exit_N_simulation": 5.144855217287085
    },
    "observables": {
        "n_s": 0.9654125760530966,
        "r": 0.003058799211854036,
        "n_s_SR": 0.967077490464497,
        "r_SR": 0.0031332762744212053,
        "P_S_pivot": 7.003056159531791e-07,
        "P_T_pivot": 2.1420942661345397e-09
    },
    "spectrum_scan": [
        {
            "label": "k_minus",
            "k_code": 0.0035281196111231457,
            "P_S": 7.003058571931742e-07,
            "P_T": 2.142094279703448e-09
        },
        {
            "label": "k_pivot",
            "k_code": 0.0035281548926720725,
            "P_S": 7.003056159531791e-07,
            "P_T": 2.1420942661345397e-09
        },
        {
            "label": "k_plus",
            "k_code": 0.0035281901742209992,
            "P_S": 7.003053727578303e-07,
            "P_T": 2.1420942441721032e-09
        }
    ]
}