{
    "metadata": {
        "run_id": "cb860147",
        "timestamp": "2026-03-23T01:06:26.404148",
        "description": "Batch automated calculation of ns and r from exact MS equations."
    },
    "model_parameters": {
        "name": "Higgs Inflation",
        "xi": 1000,
        "lambda": 0.13,
        "phi0": 5.578947368421052,
        "yi": -0.1473684210526316,
        "S": 5e-05
    },
    "numerical_settings": {
        "delta_finite_difference": 1e-05,
        "k_start_factor": 100.0
    },
    "background_info": {
        "total_efolds": 67.51252325846315,
        "exit_N_simulation": 7.204874968708788
    },
    "observables": {
        "n_s": 0.9681849150343904,
        "r": 0.002986364179897497,
        "n_s_SR": 0.9674779525984921,
        "r_SR": 0.0030581660576176842,
        "P_S_pivot": 7.175021370097189e-07,
        "P_T_pivot": 2.1427226809657306e-09
    },
    "spectrum_scan": [
        {
            "label": "k_minus",
            "k_code": 0.02768608539253448,
            "P_S": 7.175023651177761e-07,
            "P_T": 2.1427226460200873e-09
        },
        {
            "label": "k_pivot",
            "k_code": 0.02768636225615704,
            "P_S": 7.175021370097189e-07,
            "P_T": 2.1427226809657306e-09
        },
        {
            "label": "k_plus",
            "k_code": 0.027686639119779602,
            "P_S": 7.175019085699468e-07,
            "P_T": 2.1427227108317455e-09
        }
    ]
}