{
    "metadata": {
        "run_id": "0b925fd3",
        "timestamp": "2026-03-23T02:10:39.595969",
        "description": "Batch automated calculation of ns and r from exact MS equations."
    },
    "model_parameters": {
        "name": "Higgs Inflation",
        "xi": 1000,
        "lambda": 0.13,
        "phi0": 5.521428571428571,
        "yi": -0.15000000000000002,
        "S": 5e-05
    },
    "numerical_settings": {
        "delta_finite_difference": 1e-05,
        "k_start_factor": 100.0
    },
    "background_info": {
        "total_efolds": 64.26233435577383,
        "exit_N_simulation": 4.321674903427583
    },
    "observables": {
        "n_s": 0.9733776750346048,
        "r": 0.0030179761166969276,
        "n_s_SR": 0.9673376409668291,
        "r_SR": 0.0030909972441668563,
        "P_S_pivot": 7.102055640509364e-07,
        "P_T_pivot": 2.1433834302509962e-09
    },
    "spectrum_scan": [
        {
            "label": "k_minus",
            "k_code": 0.0015490878745035976,
            "P_S": 7.102057353552033e-07,
            "P_T": 2.1433832946207377e-09
        },
        {
            "label": "k_pivot",
            "k_code": 0.0015491033655372528,
            "P_S": 7.102055640509364e-07,
            "P_T": 2.1433834302509962e-09
        },
        {
            "label": "k_plus",
            "k_code": 0.0015491188565709083,
            "P_S": 7.10205357208746e-07,
            "P_T": 2.1433834619470874e-09
        }
    ]
}