{
    "metadata": {
        "run_id": "a7c15194",
        "timestamp": "2026-03-23T02:10:31.991990",
        "description": "Batch automated calculation of ns and r from exact MS equations."
    },
    "model_parameters": {
        "name": "Higgs Inflation",
        "xi": 1000,
        "lambda": 0.13,
        "phi0": 5.514285714285714,
        "yi": -0.13571428571428573,
        "S": 5e-05
    },
    "numerical_settings": {
        "delta_finite_difference": 1e-05,
        "k_start_factor": 100.0
    },
    "background_info": {
        "total_efolds": 64.02573763098775,
        "exit_N_simulation": 4.115747749040261
    },
    "observables": {
        "n_s": 0.9667868477717336,
        "r": 0.0030233796607167813,
        "n_s_SR": 0.9673303682269812,
        "r_SR": 0.0030966061268514786,
        "P_S_pivot": 7.08611111046851e-07,
        "P_T_pivot": 2.14240042049697e-09
    },
    "spectrum_scan": [
        {
            "label": "k_minus",
            "k_code": 0.0012607771758622538,
            "P_S": 7.086113457164359e-07,
            "P_T": 2.142400409041358e-09
        },
        {
            "label": "k_pivot",
            "k_code": 0.0012607897837600913,
            "P_S": 7.08611111046851e-07,
            "P_T": 2.14240042049697e-09
        },
        {
            "label": "k_plus",
            "k_code": 0.001260802391657929,
            "P_S": 7.086108750122617e-07,
            "P_T": 2.1424004243009924e-09
        }
    ]
}