{
    "metadata": {
        "run_id": "ef9fa8ab",
        "timestamp": "2026-03-23T01:04:45.543947",
        "description": "Batch automated calculation of ns and r from exact MS equations."
    },
    "model_parameters": {
        "name": "Higgs Inflation",
        "xi": 1000,
        "lambda": 0.13,
        "phi0": 5.5473684210526315,
        "yi": -0.17894736842105263,
        "S": 5e-05
    },
    "numerical_settings": {
        "delta_finite_difference": 1e-05,
        "k_start_factor": 100.0
    },
    "background_info": {
        "total_efolds": 65.45762998663248,
        "exit_N_simulation": 5.14555362393282
    },
    "observables": {
        "n_s": 0.9680124213713087,
        "r": 0.0029856170036196444,
        "n_s_SR": 0.9674860409366994,
        "r_SR": 0.0030573954240967175,
        "P_S_pivot": 7.176838880417999e-07,
        "P_T_pivot": 2.142729219361455e-09
    },
    "spectrum_scan": [
        {
            "label": "k_minus",
            "k_code": 0.003531102397688726,
            "P_S": 7.176841187694736e-07,
            "P_T": 2.1427291930854346e-09
        },
        {
            "label": "k_pivot",
            "k_code": 0.0035311377090658166,
            "P_S": 7.176838880417999e-07,
            "P_T": 2.142729219361455e-09
        },
        {
            "label": "k_plus",
            "k_code": 0.0035311730204429076,
            "P_S": 7.176836596300775e-07,
            "P_T": 2.142729253951895e-09
        }
    ]
}