{
    "metadata": {
        "run_id": "95510936",
        "timestamp": "2026-03-23T01:09:18.228758",
        "description": "Batch automated calculation of ns and r from exact MS equations."
    },
    "model_parameters": {
        "name": "Higgs Inflation",
        "xi": 1000,
        "lambda": 0.13,
        "phi0": 5.6421052631578945,
        "yi": -0.14210526315789473,
        "S": 5e-05
    },
    "numerical_settings": {
        "delta_finite_difference": 1e-05,
        "k_start_factor": 100.0
    },
    "background_info": {
        "total_efolds": 71.3942599654483,
        "exit_N_simulation": 11.324841560598733
    },
    "observables": {
        "n_s": 0.9666133346576743,
        "r": 0.003023407684018489,
        "n_s_SR": 0.9672706331222057,
        "r_SR": 0.0030965713087652597,
        "P_S_pivot": 7.086044088235251e-07,
        "P_T_pivot": 2.1424000145664247e-09
    },
    "spectrum_scan": [
        {
            "label": "k_minus",
            "k_code": 1.70415062229382,
            "P_S": 7.086046456831915e-07,
            "P_T": 2.1424000087383918e-09
        },
        {
            "label": "k_pivot",
            "k_code": 1.7041676639704597,
            "P_S": 7.086044088235251e-07,
            "P_T": 2.1424000145664247e-09
        },
        {
            "label": "k_plus",
            "k_code": 1.7041847056470996,
            "P_S": 7.086041725244262e-07,
            "P_T": 2.142400018999015e-09
        }
    ]
}