{
    "metadata": {
        "run_id": "10438f69",
        "timestamp": "2026-03-23T02:10:13.679179",
        "description": "Batch automated calculation of ns and r from exact MS equations."
    },
    "model_parameters": {
        "name": "Higgs Inflation",
        "xi": 1000,
        "lambda": 0.13,
        "phi0": 5.5,
        "yi": -0.17142857142857143,
        "S": 5e-05
    },
    "numerical_settings": {
        "delta_finite_difference": 1e-05,
        "k_start_factor": 100.0
    },
    "background_info": {
        "total_efolds": 62.87810431749143,
        "exit_N_simulation": 2.880891940821492
    },
    "observables": {
        "n_s": 1.0719696037871647,
        "r": 0.00300818446927841,
        "n_s_SR": 0.9707194071832028,
        "r_SR": 0.003083719922283262,
        "P_S_pivot": 7.114935816268468e-07,
        "P_T_pivot": 2.1403039422411515e-09
    },
    "spectrum_scan": [
        {
            "label": "k_minus",
            "k_code": 0.0003667422584870314,
            "P_S": 7.114930689795888e-07,
            "P_T": 2.1403017132240056e-09
        },
        {
            "label": "k_pivot",
            "k_code": 0.00036674592594629086,
            "P_S": 7.114935816268468e-07,
            "P_T": 2.1403039422411515e-09
        },
        {
            "label": "k_plus",
            "k_code": 0.0003667495934055504,
            "P_S": 7.114940930978116e-07,
            "P_T": 2.140306172249804e-09
        }
    ]
}