{
    "metadata": {
        "run_id": "641f4b89",
        "timestamp": "2026-03-23T01:04:03.833907",
        "description": "Batch automated calculation of ns and r from exact MS equations."
    },
    "model_parameters": {
        "name": "Higgs Inflation",
        "xi": 1000,
        "lambda": 0.13,
        "phi0": 5.531578947368421,
        "yi": -0.1736842105263158,
        "S": 5e-05
    },
    "numerical_settings": {
        "delta_finite_difference": 1e-05,
        "k_start_factor": 100.0
    },
    "background_info": {
        "total_efolds": 64.90975562307318,
        "exit_N_simulation": 5.144792085536542
    },
    "observables": {
        "n_s": 0.9651188926659285,
        "r": 0.003064666929210349,
        "n_s_SR": 0.967044823955245,
        "r_SR": 0.003139361767332445,
        "P_S_pivot": 6.989482894725993e-07,
        "P_T_pivot": 2.142043707974817e-09
    },
    "spectrum_scan": [
        {
            "label": "k_minus",
            "k_code": 0.0035278556589016597,
            "P_S": 6.98948565244483e-07,
            "P_T": 2.14204382639561e-09
        },
        {
            "label": "k_pivot",
            "k_code": 0.0035278909378110377,
            "P_S": 6.989482894725993e-07,
            "P_T": 2.142043707974817e-09
        },
        {
            "label": "k_plus",
            "k_code": 0.003527926216720416,
            "P_S": 6.989480776426549e-07,
            "P_T": 2.14204378403013e-09
        }
    ]
}