{
    "metadata": {
        "run_id": "bd8dabe7",
        "timestamp": "2026-03-23T02:10:36.517400",
        "description": "Batch automated calculation of ns and r from exact MS equations."
    },
    "model_parameters": {
        "name": "Higgs Inflation",
        "xi": 1000,
        "lambda": 0.13,
        "phi0": 5.521428571428571,
        "yi": -0.18571428571428572,
        "S": 5e-05
    },
    "numerical_settings": {
        "delta_finite_difference": 1e-05,
        "k_start_factor": 100.0
    },
    "background_info": {
        "total_efolds": 63.904186549948086,
        "exit_N_simulation": 3.910096107168064
    },
    "observables": {
        "n_s": 0.997014920261071,
        "r": 0.0030083088584412,
        "n_s_SR": 0.9675229287868146,
        "r_SR": 0.003081073768651145,
        "P_S_pivot": 7.125991837481964e-07,
        "P_T_pivot": 2.1437184369876677e-09
    },
    "spectrum_scan": [
        {
            "label": "k_minus",
            "k_code": 0.0010264507354995065,
            "P_S": 7.125992044142364e-07,
            "P_T": 2.143717854600151e-09
        },
        {
            "label": "k_pivot",
            "k_code": 0.0010264610001095075,
            "P_S": 7.125991837481964e-07,
            "P_T": 2.1437184369876677e-09
        },
        {
            "label": "k_plus",
            "k_code": 0.0010264712647195086,
            "P_S": 7.125991618709284e-07,
            "P_T": 2.1437190167104196e-09
        }
    ]
}