{
    "metadata": {
        "run_id": "c1cd1d31",
        "timestamp": "2026-03-23T01:03:48.769120",
        "description": "Batch automated calculation of ns and r from exact MS equations."
    },
    "model_parameters": {
        "name": "Higgs Inflation",
        "xi": 1000,
        "lambda": 0.13,
        "phi0": 5.515789473684211,
        "yi": -0.10526315789473685,
        "S": 5e-05
    },
    "numerical_settings": {
        "delta_finite_difference": 1e-05,
        "k_start_factor": 100.0
    },
    "background_info": {
        "total_efolds": 64.40060711429874,
        "exit_N_simulation": 4.115958440096889
    },
    "observables": {
        "n_s": 0.9681407211406947,
        "r": 0.002990204387367687,
        "n_s_SR": 0.9674977536583641,
        "r_SR": 0.003062190246034019,
        "P_S_pivot": 7.165694883749567e-07,
        "P_T_pivot": 2.1426892279926145e-09
    },
    "spectrum_scan": [
        {
            "label": "k_minus",
            "k_code": 0.0012611268984757385,
            "P_S": 7.165697157415105e-07,
            "P_T": 2.1426891966484547e-09
        },
        {
            "label": "k_pivot",
            "k_code": 0.001261139509870837,
            "P_S": 7.165694883749567e-07,
            "P_T": 2.1426892279926145e-09
        },
        {
            "label": "k_plus",
            "k_code": 0.0012611521212659359,
            "P_S": 7.165692591537684e-07,
            "P_T": 2.142689257294421e-09
        }
    ]
}