{
    "metadata": {
        "run_id": "d212bd43",
        "timestamp": "2026-03-23T02:04:13.814621",
        "description": "Batch automated calculation of ns and r from exact MS equations."
    },
    "model_parameters": {
        "name": "Higgs Inflation",
        "xi": 1000,
        "lambda": 0.13,
        "phi0": 5.555555555555555,
        "yi": -0.15555555555555556,
        "S": 5e-05
    },
    "numerical_settings": {
        "delta_finite_difference": 1e-05,
        "k_start_factor": 100.0
    },
    "background_info": {
        "total_efolds": 66.26263709340229,
        "exit_N_simulation": 6.174724705893709
    },
    "observables": {
        "n_s": 0.9667899089689498,
        "r": 0.0030207226769423086,
        "n_s_SR": 0.9672857654118228,
        "r_SR": 0.0030937875016509293,
        "P_S_pivot": 7.092419727704096e-07,
        "P_T_pivot": 2.1424233105868757e-09
    },
    "spectrum_scan": [
        {
            "label": "k_minus",
            "k_code": 0.009881957536461582,
            "P_S": 7.092422090098872e-07,
            "P_T": 2.142423302790848e-09
        },
        {
            "label": "k_pivot",
            "k_code": 0.009882056357025151,
            "P_S": 7.092419727704096e-07,
            "P_T": 2.1424233105868757e-09
        },
        {
            "label": "k_plus",
            "k_code": 0.009882155177588722,
            "P_S": 7.092417379300779e-07,
            "P_T": 2.1424233169865538e-09
        }
    ]
}