{
    "metadata": {
        "run_id": "675b73a8",
        "timestamp": "2026-03-23T02:03:43.978250",
        "description": "Batch automated calculation of ns and r from exact MS equations."
    },
    "model_parameters": {
        "name": "Higgs Inflation",
        "xi": 1000,
        "lambda": 0.13,
        "phi0": 5.533333333333333,
        "yi": -0.2,
        "S": 5e-05
    },
    "numerical_settings": {
        "delta_finite_difference": 1e-05,
        "k_start_factor": 100.0
    },
    "background_info": {
        "total_efolds": 64.47007420190864,
        "exit_N_simulation": 4.116214184487367
    },
    "observables": {
        "n_s": 0.9686051527449774,
        "r": 0.002978434397149185,
        "n_s_SR": 0.9676220312726446,
        "r_SR": 0.0030500538870635654,
        "P_S_pivot": 7.194359108130577e-07,
        "P_T_pivot": 2.142792663309964e-09
    },
    "spectrum_scan": [
        {
            "label": "k_minus",
            "k_code": 0.0012614793923666117,
            "P_S": 7.194361382534654e-07,
            "P_T": 2.142792625472565e-09
        },
        {
            "label": "k_pivot",
            "k_code": 0.0012614920072866844,
            "P_S": 7.194359108130577e-07,
            "P_T": 2.142792663309964e-09
        },
        {
            "label": "k_plus",
            "k_code": 0.0012615046222067574,
            "P_S": 7.194356865218534e-07,
            "P_T": 2.142792709022112e-09
        }
    ]
}