{
    "metadata": {
        "run_id": "3b05b09a",
        "timestamp": "2026-03-23T01:15:24.471459",
        "description": "Batch automated calculation of ns and r from exact MS equations."
    },
    "model_parameters": {
        "name": "Higgs Inflation",
        "xi": 1000,
        "lambda": 0.13,
        "phi0": 5.784210526315789,
        "yi": -0.17894736842105263,
        "S": 5e-05
    },
    "numerical_settings": {
        "delta_finite_difference": 1e-05,
        "k_start_factor": 100.0
    },
    "background_info": {
        "total_efolds": 79.87575363590238,
        "exit_N_simulation": 19.57371135111239
    },
    "observables": {
        "n_s": 0.9679481119246551,
        "r": 0.0029873065471420867,
        "n_s_SR": 0.9674726572238005,
        "r_SR": 0.003059141812846889,
        "P_S_pivot": 7.172730350595902e-07,
        "P_T_pivot": 2.1427144337219894e-09
    },
    "spectrum_scan": [
        {
            "label": "k_minus",
            "k_code": 6515.955617597386,
            "P_S": 7.172732663321116e-07,
            "P_T": 2.142714405218058e-09
        },
        {
            "label": "k_pivot",
            "k_code": 6516.020777805164,
            "P_S": 7.172730350595902e-07,
            "P_T": 2.1427144337219894e-09
        },
        {
            "label": "k_plus",
            "k_code": 6516.085938012942,
            "P_S": 7.172728065330093e-07,
            "P_T": 2.1427144639114157e-09
        }
    ]
}