{
    "metadata": {
        "run_id": "0cad7874",
        "timestamp": "2026-03-23T01:15:01.330227",
        "description": "Batch automated calculation of ns and r from exact MS equations."
    },
    "model_parameters": {
        "name": "Higgs Inflation",
        "xi": 1000,
        "lambda": 0.13,
        "phi0": 5.768421052631579,
        "yi": -0.13157894736842107,
        "S": 5e-05
    },
    "numerical_settings": {
        "delta_finite_difference": 1e-05,
        "k_start_factor": 100.0
    },
    "background_info": {
        "total_efolds": 79.52652350854854,
        "exit_N_simulation": 19.572073468145412
    },
    "observables": {
        "n_s": 0.9661029010073542,
        "r": 0.003039553339652207,
        "n_s_SR": 0.9671806470280289,
        "r_SR": 0.0031133122504760245,
        "P_S_pivot": 7.047944190826238e-07,
        "P_T_pivot": 2.1422602302908264e-09
    },
    "spectrum_scan": [
        {
            "label": "k_minus",
            "k_code": 6504.609875295914,
            "P_S": 7.047946566597331e-07,
            "P_T": 2.1422602314942505e-09
        },
        {
            "label": "k_pivot",
            "k_code": 6504.674922045135,
            "P_S": 7.047944190826238e-07,
            "P_T": 2.1422602302908264e-09
        },
        {
            "label": "k_plus",
            "k_code": 6504.739968794355,
            "P_S": 7.047941788500111e-07,
            "P_T": 2.1422602236258694e-09
        }
    ]
}