{
    "metadata": {
        "run_id": "865a8d84",
        "timestamp": "2026-03-23T02:12:35.979799",
        "description": "Batch automated calculation of ns and r from exact MS equations."
    },
    "model_parameters": {
        "name": "Higgs Inflation",
        "xi": 1000,
        "lambda": 0.13,
        "phi0": 5.6,
        "yi": -0.16428571428571428,
        "S": 5e-05
    },
    "numerical_settings": {
        "delta_finite_difference": 1e-05,
        "k_start_factor": 100.0
    },
    "background_info": {
        "total_efolds": 68.55320984328588,
        "exit_N_simulation": 8.646290545687839
    },
    "observables": {
        "n_s": 0.9617105856072968,
        "r": 0.0030238965356576405,
        "n_s_SR": 0.9672678027148512,
        "r_SR": 0.0030970972660288604,
        "P_S_pivot": 7.086021996570888e-07,
        "P_T_pivot": 2.1427397367024545e-09
    },
    "spectrum_scan": [
        {
            "label": "k_minus",
            "k_code": 0.11701124784881849,
            "P_S": 7.086024401500788e-07,
            "P_T": 2.1427397515375376e-09
        },
        {
            "label": "k_pivot",
            "k_code": 0.11701241797299822,
            "P_S": 7.086021996570888e-07,
            "P_T": 2.1427397367024545e-09
        },
        {
            "label": "k_plus",
            "k_code": 0.11701358809717795,
            "P_S": 7.086018975108365e-07,
            "P_T": 2.142739536281525e-09
        }
    ]
}