{
    "metadata": {
        "run_id": "c2d480be",
        "timestamp": "2026-03-23T01:10:30.885928",
        "description": "Batch automated calculation of ns and r from exact MS equations."
    },
    "model_parameters": {
        "name": "Higgs Inflation",
        "xi": 1000,
        "lambda": 0.13,
        "phi0": 5.673684210526316,
        "yi": -0.1736842105263158,
        "S": 5e-05
    },
    "numerical_settings": {
        "delta_finite_difference": 1e-05,
        "k_start_factor": 100.0
    },
    "background_info": {
        "total_efolds": 72.7639239162898,
        "exit_N_simulation": 12.356517955765431
    },
    "observables": {
        "n_s": 0.9688254380471255,
        "r": 0.002968897611519954,
        "n_s_SR": 0.967576115998598,
        "r_SR": 0.0030400600421013743,
        "P_S_pivot": 7.217748973642519e-07,
        "P_T_pivot": 2.1428757688397873e-09
    },
    "spectrum_scan": [
        {
            "label": "k_minus",
            "k_code": 4.781971570408754,
            "P_S": 7.217751241237985e-07,
            "P_T": 2.1428757285741968e-09
        },
        {
            "label": "k_pivot",
            "k_code": 4.7820193906026605,
            "P_S": 7.217748973642519e-07,
            "P_T": 2.1428757688397873e-09
        },
        {
            "label": "k_plus",
            "k_code": 4.7820672107965665,
            "P_S": 7.217746741034723e-07,
            "P_T": 2.142875817442151e-09
        }
    ]
}