{
    "metadata": {
        "run_id": "8fa5daab",
        "timestamp": "2026-03-23T01:07:42.991854",
        "description": "Batch automated calculation of ns and r from exact MS equations."
    },
    "model_parameters": {
        "name": "Higgs Inflation",
        "xi": 1000,
        "lambda": 0.13,
        "phi0": 5.610526315789474,
        "yi": -0.16842105263157897,
        "S": 5e-05
    },
    "numerical_settings": {
        "delta_finite_difference": 1e-05,
        "k_start_factor": 100.0
    },
    "background_info": {
        "total_efolds": 69.2983545958825,
        "exit_N_simulation": 9.264265857161794
    },
    "observables": {
        "n_s": 0.9664750059312416,
        "r": 0.003028464631605235,
        "n_s_SR": 0.96724242477314,
        "r_SR": 0.0031018148803918216,
        "P_S_pivot": 7.074067018291272e-07,
        "P_T_pivot": 2.142356176650022e-09
    },
    "spectrum_scan": [
        {
            "label": "k_minus",
            "k_code": 0.21707355620745508,
            "P_S": 7.074069394574783e-07,
            "P_T": 2.14235617776347e-09
        },
        {
            "label": "k_pivot",
            "k_code": 0.2170757269647247,
            "P_S": 7.074067018291272e-07,
            "P_T": 2.142356176650022e-09
        },
        {
            "label": "k_plus",
            "k_code": 0.21707789772199437,
            "P_S": 7.074064651413679e-07,
            "P_T": 2.1423561811205327e-09
        }
    ]
}