{
    "metadata": {
        "run_id": "0bcd24cc",
        "timestamp": "2026-03-23T01:15:39.397832",
        "description": "Batch automated calculation of ns and r from exact MS equations."
    },
    "model_parameters": {
        "name": "Higgs Inflation",
        "xi": 1000,
        "lambda": 0.13,
        "phi0": 5.784210526315789,
        "yi": -0.14210526315789473,
        "S": 5e-05
    },
    "numerical_settings": {
        "delta_finite_difference": 1e-05,
        "k_start_factor": 100.0
    },
    "background_info": {
        "total_efolds": 80.49396767090404,
        "exit_N_simulation": 20.60333858644521
    },
    "observables": {
        "n_s": 0.9657691168070919,
        "r": 0.0030481784673348825,
        "n_s_SR": 0.9671326677647157,
        "r_SR": 0.0031222565656683944,
        "P_S_pivot": 7.027757002737784e-07,
        "P_T_pivot": 2.1421857569407248e-09
    },
    "spectrum_scan": [
        {
            "label": "k_minus",
            "k_code": 18242.59109250734,
            "P_S": 7.027759424469064e-07,
            "P_T": 2.1421857681818934e-09
        },
        {
            "label": "k_pivot",
            "k_code": 18242.773520242543,
            "P_S": 7.027757002737784e-07,
            "P_T": 2.1421857569407248e-09
        },
        {
            "label": "k_plus",
            "k_code": 18242.955947977745,
            "P_S": 7.02775461314247e-07,
            "P_T": 2.1421857511398804e-09
        }
    ]
}