{
    "metadata": {
        "run_id": "0613ac5f",
        "timestamp": "2026-03-23T01:05:27.857618",
        "description": "Batch automated calculation of ns and r from exact MS equations."
    },
    "model_parameters": {
        "name": "Higgs Inflation",
        "xi": 1000,
        "lambda": 0.13,
        "phi0": 5.563157894736842,
        "yi": -0.1842105263157895,
        "S": 5e-05
    },
    "numerical_settings": {
        "delta_finite_difference": 1e-05,
        "k_start_factor": 100.0
    },
    "background_info": {
        "total_efolds": 66.36907486748001,
        "exit_N_simulation": 6.174957173097117
    },
    "observables": {
        "n_s": 0.9672931748423436,
        "r": 0.003004732059579025,
        "n_s_SR": 0.9673751826516707,
        "r_SR": 0.0030772082159348656,
        "P_S_pivot": 7.130626981511857e-07,
        "P_T_pivot": 2.142562349624789e-09
    },
    "spectrum_scan": [
        {
            "label": "k_minus",
            "k_code": 0.009884572290266663,
            "P_S": 7.130629302883058e-07,
            "P_T": 2.14256233093933e-09
        },
        {
            "label": "k_pivot",
            "k_code": 0.009884671136978032,
            "P_S": 7.130626981511857e-07,
            "P_T": 2.142562349624789e-09
        },
        {
            "label": "k_plus",
            "k_code": 0.009884769983689402,
            "P_S": 7.13062463847966e-07,
            "P_T": 2.142562365392251e-09
        }
    ]
}