{
    "metadata": {
        "run_id": "563e979b",
        "timestamp": "2026-03-23T02:02:46.372527",
        "description": "Batch automated calculation of ns and r from exact MS equations."
    },
    "model_parameters": {
        "name": "Higgs Inflation",
        "xi": 1000,
        "lambda": 0.13,
        "phi0": 5.466666666666667,
        "yi": -0.17777777777777778,
        "S": 5e-05
    },
    "numerical_settings": {
        "delta_finite_difference": 1e-05,
        "k_start_factor": 100.0
    },
    "background_info": {
        "total_efolds": 61.237175147694046,
        "exit_N_simulation": 1.0288551093946179
    },
    "observables": {
        "n_s": 0.9332855518153342,
        "r": 0.0029990094889776327,
        "n_s_SR": 1.775454297050549,
        "r_SR": 0.004093260556603261,
        "P_S_pivot": 8.07195324419497e-07,
        "P_T_pivot": 2.42078643739245e-09
    },
    "spectrum_scan": [
        {
            "label": "k_minus",
            "k_code": 5.7549953046416255e-05,
            "P_S": 8.071958623500921e-07,
            "P_T": 2.4207878108309367e-09
        },
        {
            "label": "k_pivot",
            "k_code": 5.755052855170177e-05,
            "P_S": 8.07195324419497e-07,
            "P_T": 2.42078643739245e-09
        },
        {
            "label": "k_plus",
            "k_code": 5.7551104056987295e-05,
            "P_S": 8.071947853182787e-07,
            "P_T": 2.4207850636191883e-09
        }
    ]
}