{
    "metadata": {
        "run_id": "c5d2d958",
        "timestamp": "2026-03-23T01:09:52.106883",
        "description": "Batch automated calculation of ns and r from exact MS equations."
    },
    "model_parameters": {
        "name": "Higgs Inflation",
        "xi": 1000,
        "lambda": 0.13,
        "phi0": 5.657894736842105,
        "yi": -0.1631578947368421,
        "S": 5e-05
    },
    "numerical_settings": {
        "delta_finite_difference": 1e-05,
        "k_start_factor": 100.0
    },
    "background_info": {
        "total_efolds": 72.22427731413741,
        "exit_N_simulation": 12.35480000973289
    },
    "observables": {
        "n_s": 0.9655544511877239,
        "r": 0.003050994434741093,
        "n_s_SR": 0.9671170174492054,
        "r_SR": 0.0031251779955366013,
        "P_S_pivot": 7.021191040720984e-07,
        "P_T_pivot": 2.1421614790493742e-09
    },
    "spectrum_scan": [
        {
            "label": "k_minus",
            "k_code": 4.772976496467018,
            "P_S": 7.02119345490985e-07,
            "P_T": 2.142161493064535e-09
        },
        {
            "label": "k_pivot",
            "k_code": 4.773024226709285,
            "P_S": 7.021191040720984e-07,
            "P_T": 2.1421614790493742e-09
        },
        {
            "label": "k_plus",
            "k_code": 4.773071956951552,
            "P_S": 7.021188617934272e-07,
            "P_T": 2.1421614643120064e-09
        }
    ]
}