{
    "metadata": {
        "run_id": "5ff735c7",
        "timestamp": "2026-03-23T01:02:53.174909",
        "description": "Batch automated calculation of ns and r from exact MS equations."
    },
    "model_parameters": {
        "name": "Higgs Inflation",
        "xi": 1000,
        "lambda": 0.13,
        "phi0": 5.5,
        "yi": -0.1368421052631579,
        "S": 5e-05
    },
    "numerical_settings": {
        "delta_finite_difference": 1e-05,
        "k_start_factor": 100.0
    },
    "background_info": {
        "total_efolds": 63.31675381178304,
        "exit_N_simulation": 3.0867037107045494
    },
    "observables": {
        "n_s": 0.981241096947816,
        "r": 0.0029989884124094522,
        "n_s_SR": 0.9687480048708245,
        "r_SR": 0.003072702072985661,
        "P_S_pivot": 7.161110473447831e-07,
        "P_T_pivot": 2.1476087329854012e-09
    },
    "spectrum_scan": [
        {
            "label": "k_minus",
            "k_code": 0.0004505587178240457,
            "P_S": 7.161111855561412e-07,
            "P_T": 2.1476085389422125e-09
        },
        {
            "label": "k_pivot",
            "k_code": 0.00045056322345628024,
            "P_S": 7.161110473447831e-07,
            "P_T": 2.1476087329854012e-09
        },
        {
            "label": "k_plus",
            "k_code": 0.00045056772908851485,
            "P_S": 7.161109168869843e-07,
            "P_T": 2.147608925762291e-09
        }
    ]
}