{
    "metadata": {
        "run_id": "fff6e690",
        "timestamp": "2026-03-23T02:03:35.546082",
        "description": "Batch automated calculation of ns and r from exact MS equations."
    },
    "model_parameters": {
        "name": "Higgs Inflation",
        "xi": 1000,
        "lambda": 0.13,
        "phi0": 5.511111111111111,
        "yi": -0.13333333333333336,
        "S": 5e-05
    },
    "numerical_settings": {
        "delta_finite_difference": 1e-05,
        "k_start_factor": 100.0
    },
    "background_info": {
        "total_efolds": 64.08176588946152,
        "exit_N_simulation": 4.1156314271843994
    },
    "observables": {
        "n_s": 0.9661991489058893,
        "r": 0.0030379481661107037,
        "n_s_SR": 0.9672475323334534,
        "r_SR": 0.0031117111583704375,
        "P_S_pivot": 7.051714218738046e-07,
        "P_T_pivot": 2.142274227875202e-09
    },
    "spectrum_scan": [
        {
            "label": "k_minus",
            "k_code": 0.0012605937729899372,
            "P_S": 7.051716597838084e-07,
            "P_T": 2.1422742291836177e-09
        },
        {
            "label": "k_pivot",
            "k_code": 0.0012606063790537277,
            "P_S": 7.051714218738046e-07,
            "P_T": 2.142274227875202e-09
        },
        {
            "label": "k_plus",
            "k_code": 0.0012606189851175184,
            "P_S": 7.051711830759242e-07,
            "P_T": 2.1422742242443726e-09
        }
    ]
}