{
    "metadata": {
        "run_id": "ad361e73",
        "timestamp": "2026-03-23T01:05:01.022222",
        "description": "Batch automated calculation of ns and r from exact MS equations."
    },
    "model_parameters": {
        "name": "Higgs Inflation",
        "xi": 1000,
        "lambda": 0.13,
        "phi0": 5.5473684210526315,
        "yi": -0.14210526315789473,
        "S": 5e-05
    },
    "numerical_settings": {
        "delta_finite_difference": 1e-05,
        "k_start_factor": 100.0
    },
    "background_info": {
        "total_efolds": 66.02716530120624,
        "exit_N_simulation": 6.174337551864303
    },
    "observables": {
        "n_s": 0.9656902607727577,
        "r": 0.003053197916549256,
        "n_s_SR": 0.967104904054102,
        "r_SR": 0.003127463407314802,
        "P_S_pivot": 7.016061677341216e-07,
        "P_T_pivot": 2.1421424895639277e-09
    },
    "spectrum_scan": [
        {
            "label": "k_minus",
            "k_code": 0.009877491078535236,
            "P_S": 7.016064092334185e-07,
            "P_T": 2.1421425050227087e-09
        },
        {
            "label": "k_pivot",
            "k_code": 0.00987758985443378,
            "P_S": 7.016061677341216e-07,
            "P_T": 2.1421424895639277e-09
        },
        {
            "label": "k_plus",
            "k_code": 0.009877688630332325,
            "P_S": 7.016059277949243e-07,
            "P_T": 2.142142478975795e-09
        }
    ]
}