{
    "metadata": {
        "run_id": "dc074929",
        "timestamp": "2026-03-23T02:02:30.234138",
        "description": "Batch automated calculation of ns and r from exact MS equations."
    },
    "model_parameters": {
        "name": "Higgs Inflation",
        "xi": 1000,
        "lambda": 0.13,
        "phi0": 5.444444444444445,
        "yi": -0.15555555555555556,
        "S": 5e-05
    },
    "numerical_settings": {
        "delta_finite_difference": 1e-05,
        "k_start_factor": 100.0
    },
    "background_info": {
        "total_efolds": 60.25287910593255,
        "exit_N_simulation": 0.0
    },
    "observables": {
        "n_s": 2.701171250714134,
        "r": 0.0030877870584652216,
        "n_s_SR": 5.450936507817254,
        "r_SR": 0.04569582268799244,
        "P_S_pivot": 2.6577651895083473e-07,
        "P_T_pivot": 8.206612956603242e-10
    },
    "spectrum_scan": [
        {
            "label": "k_minus",
            "k_code": 2.0582016710892185e-05,
            "P_S": 2.6577199802460586e-07,
            "P_T": 8.206473386889942e-10
        },
        {
            "label": "k_pivot",
            "k_code": 2.0582222533117517e-05,
            "P_S": 2.6577651895083473e-07,
            "P_T": 8.206612956603242e-10
        },
        {
            "label": "k_plus",
            "k_code": 2.058242835534285e-05,
            "P_S": 2.657810406520818e-07,
            "P_T": 8.206752526981815e-10
        }
    ]
}