{
    "metadata": {
        "run_id": "53e9f2df",
        "timestamp": "2026-03-23T02:12:41.588343",
        "description": "Batch automated calculation of ns and r from exact MS equations."
    },
    "model_parameters": {
        "name": "Higgs Inflation",
        "xi": 1000,
        "lambda": 0.13,
        "phi0": 5.6,
        "yi": -0.1,
        "S": 5e-05
    },
    "numerical_settings": {
        "delta_finite_difference": 1e-05,
        "k_start_factor": 100.0
    },
    "background_info": {
        "total_efolds": 69.06527584607352,
        "exit_N_simulation": 9.058497457739158
    },
    "observables": {
        "n_s": 0.9580666165693914,
        "r": 0.0030059125779613094,
        "n_s_SR": 0.9673682918936839,
        "r_SR": 0.0030784510094235763,
        "P_S_pivot": 7.128925639682282e-07,
        "P_T_pivot": 2.1428927247671845e-09
    },
    "spectrum_scan": [
        {
            "label": "k_minus",
            "k_code": 0.17671054632869196,
            "P_S": 7.128929110283719e-07,
            "P_T": 2.1428930579016924e-09
        },
        {
            "label": "k_pivot",
            "k_code": 0.17671231345182647,
            "P_S": 7.128925639682282e-07,
            "P_T": 2.1428927247671845e-09
        },
        {
            "label": "k_plus",
            "k_code": 0.176714080574961,
            "P_S": 7.128923131483865e-07,
            "P_T": 2.1428926779239456e-09
        }
    ]
}