{
    "metadata": {
        "run_id": "3a168d06",
        "timestamp": "2026-03-23T02:11:08.615559",
        "description": "Batch automated calculation of ns and r from exact MS equations."
    },
    "model_parameters": {
        "name": "Higgs Inflation",
        "xi": 1000,
        "lambda": 0.13,
        "phi0": 5.542857142857143,
        "yi": -0.17857142857142858,
        "S": 5e-05
    },
    "numerical_settings": {
        "delta_finite_difference": 1e-05,
        "k_start_factor": 100.0
    },
    "background_info": {
        "total_efolds": 65.13593999130828,
        "exit_N_simulation": 5.145330052851358
    },
    "observables": {
        "n_s": 0.9558341063044278,
        "r": 0.003008922280212731,
        "n_s_SR": 0.9673553280384808,
        "r_SR": 0.003081575375366778,
        "P_S_pivot": 7.121709085941165e-07,
        "P_T_pivot": 2.1428669141881814e-09
    },
    "spectrum_scan": [
        {
            "label": "k_minus",
            "k_code": 0.0035301473462941556,
            "P_S": 7.121712673435001e-07,
            "P_T": 2.1428672858852543e-09
        },
        {
            "label": "k_pivot",
            "k_code": 0.003530182648120637,
            "P_S": 7.121709085941165e-07,
            "P_T": 2.1428669141881814e-09
        },
        {
            "label": "k_plus",
            "k_code": 0.0035302179499471184,
            "P_S": 7.121706382701679e-07,
            "P_T": 2.1428668101262465e-09
        }
    ]
}