{
    "metadata": {
        "run_id": "3b3c9d18",
        "timestamp": "2026-03-23T02:12:37.176810",
        "description": "Batch automated calculation of ns and r from exact MS equations."
    },
    "model_parameters": {
        "name": "Higgs Inflation",
        "xi": 1000,
        "lambda": 0.13,
        "phi0": 5.6,
        "yi": -0.15000000000000002,
        "S": 5e-05
    },
    "numerical_settings": {
        "delta_finite_difference": 1e-05,
        "k_start_factor": 100.0
    },
    "background_info": {
        "total_efolds": 68.62505276527496,
        "exit_N_simulation": 8.64646025445143
    },
    "observables": {
        "n_s": 0.9579456869035824,
        "r": 0.00301113389308988,
        "n_s_SR": 0.9673390881520985,
        "r_SR": 0.003083864373159854,
        "P_S_pivot": 7.11641667304199e-07,
        "P_T_pivot": 2.142848344154666e-09
    },
    "spectrum_scan": [
        {
            "label": "k_minus",
            "k_code": 0.11703410309115969,
            "P_S": 7.11641965012119e-07,
            "P_T": 2.1428485346789804e-09
        },
        {
            "label": "k_pivot",
            "k_code": 0.11703527344389413,
            "P_S": 7.11641667304199e-07,
            "P_T": 2.142848344154666e-09
        },
        {
            "label": "k_plus",
            "k_code": 0.11703644379662857,
            "P_S": 7.116413664600906e-07,
            "P_T": 2.142848150195992e-09
        }
    ]
}