{
    "metadata": {
        "run_id": "22177f07",
        "timestamp": "2026-03-23T02:11:26.368856",
        "description": "Batch automated calculation of ns and r from exact MS equations."
    },
    "model_parameters": {
        "name": "Higgs Inflation",
        "xi": 1000,
        "lambda": 0.13,
        "phi0": 5.55,
        "yi": -0.10714285714285715,
        "S": 5e-05
    },
    "numerical_settings": {
        "delta_finite_difference": 1e-05,
        "k_start_factor": 100.0
    },
    "background_info": {
        "total_efolds": 66.16650409753824,
        "exit_N_simulation": 6.174783456968373
    },
    "observables": {
        "n_s": 0.9620134429020797,
        "r": 0.003008716841926162,
        "n_s_SR": 0.9673526908130946,
        "r_SR": 0.0030813585484003774,
        "P_S_pivot": 7.122202103684963e-07,
        "P_T_pivot": 2.1428689420958886e-09
    },
    "spectrum_scan": [
        {
            "label": "k_minus",
            "k_code": 0.009882775842298935,
            "P_S": 7.122204551263871e-07,
            "P_T": 2.142868973281223e-09
        },
        {
            "label": "k_pivot",
            "k_code": 0.009882874671045646,
            "P_S": 7.122202103684963e-07,
            "P_T": 2.1428689420958886e-09
        },
        {
            "label": "k_plus",
            "k_code": 0.009882973499792357,
            "P_S": 7.122199140305325e-07,
            "P_T": 2.1428687607904694e-09
        }
    ]
}