{
    "metadata": {
        "run_id": "ad3e56d0",
        "timestamp": "2026-03-22T22:44:37.690596",
        "description": "Batch automated calculation of ns and r from exact MS equations."
    },
    "model_parameters": {
        "name": "Higgs Inflation",
        "xi": 1000,
        "lambda": 0.13,
        "phi0": 5.875,
        "yi": -0.125,
        "S": 5e-05
    },
    "numerical_settings": {
        "delta_finite_difference": 1e-05,
        "k_start_factor": 100.0
    },
    "background_info": {
        "total_efolds": 86.92643616599122,
        "exit_N_simulation": 26.79596616235962
    },
    "observables": {
        "n_s": 0.9672019429343465,
        "r": 0.0030144372786441343,
        "P_S_pivot": 7.107389191883012e-07,
        "P_T_pivot": 2.142477893384456e-09
    },
    "spectrum_scan": [
        {
            "label": "k_minus",
            "k_code": 8923594.61369651,
            "P_S": 7.107391522083512e-07,
            "P_T": 2.142477880040583e-09
        },
        {
            "label": "k_pivot",
            "k_code": 8923683.850535015,
            "P_S": 7.107389191883012e-07,
            "P_T": 2.142477893384456e-09
        },
        {
            "label": "k_plus",
            "k_code": 8923773.087373521,
            "P_S": 7.107386859912387e-07,
            "P_T": 2.1424779099522872e-09
        }
    ]
}