{
    "metadata": {
        "run_id": "60be265a",
        "timestamp": "2026-03-22T23:40:06.155046",
        "description": "Batch automated calculation of ns and r from exact MS equations."
    },
    "model_parameters": {
        "name": "Higgs Inflation",
        "xi": 1000,
        "lambda": 0.13,
        "phi0": 6.0,
        "yi": -0.17500000000000002,
        "S": 5e-05
    },
    "numerical_settings": {
        "delta_finite_difference": 1e-05,
        "k_start_factor": 100.0
    },
    "background_info": {
        "total_efolds": 95.95901900247183,
        "exit_N_simulation": 36.08842573011729
    },
    "observables": {
        "n_s": 0.9656598846251898,
        "r": 0.0030508463274295104,
        "P_S_pivot": 7.021535516546448e-07,
        "P_T_pivot": 2.14216258435716e-09
    },
    "spectrum_scan": [
        {
            "label": "k_minus",
            "k_code": 96866165876.0348,
            "P_S": 7.021537925772705e-07,
            "P_T": 2.1421625976324536e-09
        },
        {
            "label": "k_pivot",
            "k_code": 96867134547.38028,
            "P_S": 7.021535516546448e-07,
            "P_T": 2.14216258435716e-09
        },
        {
            "label": "k_plus",
            "k_code": 96868103218.72575,
            "P_S": 7.021533103365912e-07,
            "P_T": 2.14216257196224e-09
        }
    ]
}