{
    "metadata": {
        "run_id": "5d382607",
        "timestamp": "2026-03-23T01:04:49.941767",
        "description": "Batch automated calculation of ns and r from exact MS equations."
    },
    "model_parameters": {
        "name": "Higgs Inflation",
        "xi": 1000,
        "lambda": 0.13,
        "phi0": 5.5473684210526315,
        "yi": -0.16842105263157897,
        "S": 5e-05
    },
    "numerical_settings": {
        "delta_finite_difference": 1e-05,
        "k_start_factor": 100.0
    },
    "background_info": {
        "total_efolds": 65.50893103701601,
        "exit_N_simulation": 5.145618696231518
    },
    "observables": {
        "n_s": 0.9684935517956743,
        "r": 0.002976786453842581,
        "n_s_SR": 0.9675353613218585,
        "r_SR": 0.0030482413155725275,
        "P_S_pivot": 7.198388566805282e-07,
        "P_T_pivot": 2.1428065575161275e-09
    },
    "spectrum_scan": [
        {
            "label": "k_minus",
            "k_code": 0.003531395098661153,
            "P_S": 7.198390841901893e-07,
            "P_T": 2.1428065208333884e-09
        },
        {
            "label": "k_pivot",
            "k_code": 0.0035314304129652825,
            "P_S": 7.198388566805282e-07,
            "P_T": 2.1428065575161275e-09
        },
        {
            "label": "k_plus",
            "k_code": 0.0035314657272694124,
            "P_S": 7.198386305988748e-07,
            "P_T": 2.1428065942319225e-09
        }
    ]
}