{
    "metadata": {
        "run_id": "47535675",
        "timestamp": "2026-03-23T02:12:25.512298",
        "description": "Batch automated calculation of ns and r from exact MS equations."
    },
    "model_parameters": {
        "name": "Higgs Inflation",
        "xi": 1000,
        "lambda": 0.13,
        "phi0": 5.5928571428571425,
        "yi": -0.17142857142857143,
        "S": 5e-05
    },
    "numerical_settings": {
        "delta_finite_difference": 1e-05,
        "k_start_factor": 100.0
    },
    "background_info": {
        "total_efolds": 68.01166075292608,
        "exit_N_simulation": 8.028512698930507
    },
    "observables": {
        "n_s": 0.9608164918296792,
        "r": 0.0030102980687871433,
        "n_s_SR": 0.967343762044406,
        "r_SR": 0.0030829977924916765,
        "P_S_pivot": 7.118415817271947e-07,
        "P_T_pivot": 2.1428553387557596e-09
    },
    "spectrum_scan": [
        {
            "label": "k_minus",
            "k_code": 0.06308730081886631,
            "P_S": 7.118418826492031e-07,
            "P_T": 2.142855537089852e-09
        },
        {
            "label": "k_pivot",
            "k_code": 0.06308793169818329,
            "P_S": 7.118415817271947e-07,
            "P_T": 2.1428553387557596e-09
        },
        {
            "label": "k_plus",
            "k_code": 0.06308856257750027,
            "P_S": 7.118413248001764e-07,
            "P_T": 2.1428552750646255e-09
        }
    ]
}