{
    "metadata": {
        "run_id": "74c1e31c",
        "timestamp": "2026-03-23T02:10:28.665256",
        "description": "Batch automated calculation of ns and r from exact MS equations."
    },
    "model_parameters": {
        "name": "Higgs Inflation",
        "xi": 1000,
        "lambda": 0.13,
        "phi0": 5.514285714285714,
        "yi": -0.17857142857142858,
        "S": 5e-05
    },
    "numerical_settings": {
        "delta_finite_difference": 1e-05,
        "k_start_factor": 100.0
    },
    "background_info": {
        "total_efolds": 63.63642935680107,
        "exit_N_simulation": 3.7041533483541036
    },
    "observables": {
        "n_s": 0.9918433660540097,
        "r": 0.003019481963405255,
        "n_s_SR": 0.9675888367750474,
        "r_SR": 0.003092801796585035,
        "P_S_pivot": 7.101083790605294e-07,
        "P_T_pivot": 2.1441594426362103e-09
    },
    "spectrum_scan": [
        {
            "label": "k_minus",
            "k_code": 0.0008353886294122849,
            "P_S": 7.101084369564991e-07,
            "P_T": 2.1441589873134865e-09
        },
        {
            "label": "k_pivot",
            "k_code": 0.0008353969833821188,
            "P_S": 7.101083790605294e-07,
            "P_T": 2.1441594426362103e-09
        },
        {
            "label": "k_plus",
            "k_code": 0.0008354053373519526,
            "P_S": 7.101083211146166e-07,
            "P_T": 2.1441598976357256e-09
        }
    ]
}