{
    "metadata": {
        "run_id": "0dbf4c51",
        "timestamp": "2026-03-23T01:08:12.552109",
        "description": "Batch automated calculation of ns and r from exact MS equations."
    },
    "model_parameters": {
        "name": "Higgs Inflation",
        "xi": 1000,
        "lambda": 0.13,
        "phi0": 5.626315789473684,
        "yi": -0.2,
        "S": 5e-05
    },
    "numerical_settings": {
        "delta_finite_difference": 1e-05,
        "k_start_factor": 100.0
    },
    "background_info": {
        "total_efolds": 69.6726358408589,
        "exit_N_simulation": 9.265291424697391
    },
    "observables": {
        "n_s": 0.9687137003169504,
        "r": 0.0029689088186687996,
        "n_s_SR": 0.9675760530647018,
        "r_SR": 0.0030400720041161224,
        "P_S_pivot": 7.217721403279036e-07,
        "P_T_pivot": 2.1428756724889673e-09
    },
    "spectrum_scan": [
        {
            "label": "k_minus",
            "k_code": 0.2173223313060402,
            "P_S": 7.217723658833624e-07,
            "P_T": 2.142875631892234e-09
        },
        {
            "label": "k_pivot",
            "k_code": 0.2173245045510857,
            "P_S": 7.217721403279036e-07,
            "P_T": 2.1428756724889673e-09
        },
        {
            "label": "k_plus",
            "k_code": 0.21732667779613124,
            "P_S": 7.217719142517732e-07,
            "P_T": 2.1428757160280693e-09
        }
    ]
}