{
    "metadata": {
        "run_id": "c2966b21",
        "timestamp": "2026-03-23T02:10:32.538691",
        "description": "Batch automated calculation of ns and r from exact MS equations."
    },
    "model_parameters": {
        "name": "Higgs Inflation",
        "xi": 1000,
        "lambda": 0.13,
        "phi0": 5.514285714285714,
        "yi": -0.12857142857142856,
        "S": 5e-05
    },
    "numerical_settings": {
        "delta_finite_difference": 1e-05,
        "k_start_factor": 100.0
    },
    "background_info": {
        "total_efolds": 64.05979352507251,
        "exit_N_simulation": 4.1157825541419175
    },
    "observables": {
        "n_s": 0.9669809352748246,
        "r": 0.003017396701077095,
        "n_s_SR": 0.96735949169444,
        "r_SR": 0.0030903977262205194,
        "P_S_pivot": 7.100333659515446e-07,
        "P_T_pivot": 2.1424523360768567e-09
    },
    "spectrum_scan": [
        {
            "label": "k_minus",
            "k_code": 0.0012608361814943714,
            "P_S": 7.100336021091745e-07,
            "P_T": 2.1424523280645124e-09
        },
        {
            "label": "k_pivot",
            "k_code": 0.0012608487899822712,
            "P_S": 7.100333659515446e-07,
            "P_T": 2.1424523360768567e-09
        },
        {
            "label": "k_plus",
            "k_code": 0.0012608613984701712,
            "P_S": 7.100331332164195e-07,
            "P_T": 2.1424523496094075e-09
        }
    ]
}