{
    "metadata": {
        "run_id": "0e91a273",
        "timestamp": "2026-03-23T02:10:28.142301",
        "description": "Batch automated calculation of ns and r from exact MS equations."
    },
    "model_parameters": {
        "name": "Higgs Inflation",
        "xi": 1000,
        "lambda": 0.13,
        "phi0": 5.514285714285714,
        "yi": -0.18571428571428572,
        "S": 5e-05
    },
    "numerical_settings": {
        "delta_finite_difference": 1e-05,
        "k_start_factor": 100.0
    },
    "background_info": {
        "total_efolds": 63.602272697828184,
        "exit_N_simulation": 3.7041255549675443
    },
    "observables": {
        "n_s": 0.9920219409869817,
        "r": 0.0030254322474703235,
        "n_s_SR": 0.967570340214631,
        "r_SR": 0.003098985300073489,
        "P_S_pivot": 7.086940884406685e-07,
        "P_T_pivot": 2.1441059487599838e-09
    },
    "spectrum_scan": [
        {
            "label": "k_minus",
            "k_code": 0.0008353554533406149,
            "P_S": 7.086941436772048e-07,
            "P_T": 2.144105487340041e-09
        },
        {
            "label": "k_pivot",
            "k_code": 0.0008353638069786847,
            "P_S": 7.086940884406685e-07,
            "P_T": 2.1441059487599838e-09
        },
        {
            "label": "k_plus",
            "k_code": 0.0008353721606167545,
            "P_S": 7.086940305971403e-07,
            "P_T": 2.144106406744929e-09
        }
    ]
}