{
    "metadata": {
        "run_id": "d545296d",
        "timestamp": "2026-03-23T02:10:16.150572",
        "description": "Batch automated calculation of ns and r from exact MS equations."
    },
    "model_parameters": {
        "name": "Higgs Inflation",
        "xi": 1000,
        "lambda": 0.13,
        "phi0": 5.5,
        "yi": -0.13571428571428573,
        "S": 5e-05
    },
    "numerical_settings": {
        "delta_finite_difference": 1e-05,
        "k_start_factor": 100.0
    },
    "background_info": {
        "total_efolds": 63.23379192413417,
        "exit_N_simulation": 3.2924161764712565
    },
    "observables": {
        "n_s": 0.9976097161180789,
        "r": 0.003018004898117963,
        "n_s_SR": 0.9680124328010042,
        "r_SR": 0.003091552552007301,
        "P_S_pivot": 7.091810993605816e-07,
        "P_T_pivot": 2.140312031522917e-09
    },
    "spectrum_scan": [
        {
            "label": "k_minus",
            "k_code": 0.000553445405027925,
            "P_S": 7.091811163445208e-07,
            "P_T": 2.140311340434267e-09
        },
        {
            "label": "k_pivot",
            "k_code": 0.0005534509395373204,
            "P_S": 7.091810993605816e-07,
            "P_T": 2.140312031522917e-09
        },
        {
            "label": "k_plus",
            "k_code": 0.0005534564740467157,
            "P_S": 7.091810824416374e-07,
            "P_T": 2.1403127213643593e-09
        }
    ]
}