{
    "metadata": {
        "run_id": "92401c0d",
        "timestamp": "2026-03-23T01:05:07.738427",
        "description": "Batch automated calculation of ns and r from exact MS equations."
    },
    "model_parameters": {
        "name": "Higgs Inflation",
        "xi": 1000,
        "lambda": 0.13,
        "phi0": 5.5473684210526315,
        "yi": -0.12631578947368421,
        "S": 5e-05
    },
    "numerical_settings": {
        "delta_finite_difference": 1e-05,
        "k_start_factor": 100.0
    },
    "background_info": {
        "total_efolds": 66.12972704511157,
        "exit_N_simulation": 6.174466425234689
    },
    "observables": {
        "n_s": 0.9641460754614083,
        "r": 0.00303944243727022,
        "n_s_SR": 0.967181374203195,
        "r_SR": 0.003113198519771935,
        "P_S_pivot": 7.04820421250884e-07,
        "P_T_pivot": 2.14226109900461e-09
    },
    "spectrum_scan": [
        {
            "label": "k_minus",
            "k_code": 0.009879035384676965,
            "P_S": 7.048206897530376e-07,
            "P_T": 2.1422611908552515e-09
        },
        {
            "label": "k_pivot",
            "k_code": 0.009879134176018725,
            "P_S": 7.04820421250884e-07,
            "P_T": 2.14226109900461e-09
        },
        {
            "label": "k_plus",
            "k_code": 0.009879232967360487,
            "P_S": 7.048201843414628e-07,
            "P_T": 2.1422610972296943e-09
        }
    ]
}