{
    "metadata": {
        "run_id": "8840d4af",
        "timestamp": "2026-03-22T22:09:47.324033",
        "description": "Batch automated calculation of ns and r from exact MS equations."
    },
    "model_parameters": {
        "name": "Higgs Inflation",
        "xi": 17000,
        "lambda": 0.13,
        "phi0": 5.75,
        "yi": -0.057499999999999996,
        "S": 5e-05
    },
    "numerical_settings": {
        "delta_finite_difference": 1e-05,
        "k_start_factor": 100.0
    },
    "background_info": {
        "total_efolds": 69.66187455209999,
        "exit_N_simulation": 9.631729324816684
    },
    "observables": {
        "n_s": 0.984134416131907,
        "r": 0.0030059327889325905,
        "P_S_pivot": 2.466861219896904e-09,
        "P_T_pivot": 7.415219026634353e-12
    },
    "spectrum_scan": [
        {
            "label": "k_minus",
            "k_code": 0.01844017259832247,
            "P_S": 2.4668616864691363e-09,
            "P_T": 7.41521804257938e-12
        },
        {
            "label": "k_pivot",
            "k_code": 0.018440357001892487,
            "P_S": 2.466861219896904e-09,
            "P_T": 7.415219026634353e-12
        },
        {
            "label": "k_plus",
            "k_code": 0.01844054140546251,
            "P_S": 2.466860903705239e-09,
            "P_T": 7.415220456394527e-12
        }
    ]
}