{
    "metadata": {
        "run_id": "6edf4e75",
        "timestamp": "2026-03-23T01:05:45.278276",
        "description": "Batch automated calculation of ns and r from exact MS equations."
    },
    "model_parameters": {
        "name": "Higgs Inflation",
        "xi": 1000,
        "lambda": 0.13,
        "phi0": 5.563157894736842,
        "yi": -0.14210526315789473,
        "S": 5e-05
    },
    "numerical_settings": {
        "delta_finite_difference": 1e-05,
        "k_start_factor": 100.0
    },
    "background_info": {
        "total_efolds": 66.5832022364648,
        "exit_N_simulation": 6.175288995932004
    },
    "observables": {
        "n_s": 0.9687071995618086,
        "r": 0.0029688052143203953,
        "n_s_SR": 0.9675767667442517,
        "r_SR": 0.0030399648521676446,
        "P_S_pivot": 7.217976344696351e-07,
        "P_T_pivot": 2.1428765808975795e-09
    },
    "spectrum_scan": [
        {
            "label": "k_minus",
            "k_code": 0.00988856886445346,
            "P_S": 7.217978596915038e-07,
            "P_T": 2.1428765403715967e-09
        },
        {
            "label": "k_pivot",
            "k_code": 0.009888667751130972,
            "P_S": 7.217976344696351e-07,
            "P_T": 2.1428765808975795e-09
        },
        {
            "label": "k_plus",
            "k_code": 0.009888766637808483,
            "P_S": 7.217974079501177e-07,
            "P_T": 2.1428766223349913e-09
        }
    ]
}