{
    "metadata": {
        "run_id": "09ab4348",
        "timestamp": "2026-03-23T02:03:39.750393",
        "description": "Batch automated calculation of ns and r from exact MS equations."
    },
    "model_parameters": {
        "name": "Higgs Inflation",
        "xi": 1000,
        "lambda": 0.13,
        "phi0": 5.511111111111111,
        "yi": -0.11111111111111112,
        "S": 5e-05
    },
    "numerical_settings": {
        "delta_finite_difference": 1e-05,
        "k_start_factor": 100.0
    },
    "background_info": {
        "total_efolds": 64.21349433730542,
        "exit_N_simulation": 4.115741341140304
    },
    "observables": {
        "n_s": 0.9668513784636343,
        "r": 0.003019281216483053,
        "n_s_SR": 0.9673383007561834,
        "r_SR": 0.0030923399977779787,
        "P_S_pivot": 7.095847557684331e-07,
        "P_T_pivot": 2.1424359245943447e-09
    },
    "spectrum_scan": [
        {
            "label": "k_minus",
            "k_code": 0.0012607794568230393,
            "P_S": 7.095849906802495e-07,
            "P_T": 2.1424359162711868e-09
        },
        {
            "label": "k_pivot",
            "k_code": 0.0012607920647436867,
            "P_S": 7.095847557684331e-07,
            "P_T": 2.1424359245943447e-09
        },
        {
            "label": "k_plus",
            "k_code": 0.0012608046726643343,
            "P_S": 7.095845202451185e-07,
            "P_T": 2.1424359343909445e-09
        }
    ]
}