{
    "metadata": {
        "run_id": "5727387b",
        "timestamp": "2026-03-23T02:10:40.943867",
        "description": "Batch automated calculation of ns and r from exact MS equations."
    },
    "model_parameters": {
        "name": "Higgs Inflation",
        "xi": 1000,
        "lambda": 0.13,
        "phi0": 5.521428571428571,
        "yi": -0.13571428571428573,
        "S": 5e-05
    },
    "numerical_settings": {
        "delta_finite_difference": 1e-05,
        "k_start_factor": 100.0
    },
    "background_info": {
        "total_efolds": 64.32801293282962,
        "exit_N_simulation": 4.321748044885585
    },
    "observables": {
        "n_s": 0.9753720698160656,
        "r": 0.00300600636618236,
        "n_s_SR": 0.9673999455457729,
        "r_SR": 0.0030785834525090925,
        "P_S_pivot": 7.130685723712734e-07,
        "P_T_pivot": 2.1434886680726147e-09
    },
    "spectrum_scan": [
        {
            "label": "k_minus",
            "k_code": 0.0015492384025762673,
            "P_S": 7.130687493043094e-07,
            "P_T": 2.1434885443552008e-09
        },
        {
            "label": "k_pivot",
            "k_code": 0.0015492538951152185,
            "P_S": 7.130685723712734e-07,
            "P_T": 2.1434886680726147e-09
        },
        {
            "label": "k_plus",
            "k_code": 0.0015492693876541697,
            "P_S": 7.130683980762488e-07,
            "P_T": 2.1434887946905117e-09
        }
    ]
}