{
    "metadata": {
        "run_id": "83186488",
        "timestamp": "2026-03-23T01:07:57.752823",
        "description": "Batch automated calculation of ns and r from exact MS equations."
    },
    "model_parameters": {
        "name": "Higgs Inflation",
        "xi": 1000,
        "lambda": 0.13,
        "phi0": 5.610526315789474,
        "yi": -0.13157894736842107,
        "S": 5e-05
    },
    "numerical_settings": {
        "delta_finite_difference": 1e-05,
        "k_start_factor": 100.0
    },
    "background_info": {
        "total_efolds": 69.51809936327092,
        "exit_N_simulation": 9.264740819991111
    },
    "observables": {
        "n_s": 0.9677405423183597,
        "r": 0.00299533016684934,
        "n_s_SR": 0.9674276583980844,
        "r_SR": 0.0030674607979307832,
        "P_S_pivot": 7.15328264777565e-07,
        "P_T_pivot": 2.1426443306882325e-09
    },
    "spectrum_scan": [
        {
            "label": "k_minus",
            "k_code": 0.21719112901402168,
            "P_S": 7.15328495440696e-07,
            "P_T": 2.1426443054524835e-09
        },
        {
            "label": "k_pivot",
            "k_code": 0.21719330094703115,
            "P_S": 7.15328264777565e-07,
            "P_T": 2.1426443306882325e-09
        },
        {
            "label": "k_plus",
            "k_code": 0.21719547288004065,
            "P_S": 7.153280339186587e-07,
            "P_T": 2.142644353458553e-09
        }
    ]
}