{
    "metadata": {
        "run_id": "145f3cc6",
        "timestamp": "2026-03-23T02:12:01.802264",
        "description": "Batch automated calculation of ns and r from exact MS equations."
    },
    "model_parameters": {
        "name": "Higgs Inflation",
        "xi": 1000,
        "lambda": 0.13,
        "phi0": 5.578571428571428,
        "yi": -0.19285714285714287,
        "S": 5e-05
    },
    "numerical_settings": {
        "delta_finite_difference": 1e-05,
        "k_start_factor": 100.0
    },
    "background_info": {
        "total_efolds": 66.99301972443432,
        "exit_N_simulation": 6.998712071084135
    },
    "observables": {
        "n_s": 0.958154759040023,
        "r": 0.0030082375031268223,
        "n_s_SR": 0.9673553014048613,
        "r_SR": 0.0030808614117750622,
        "P_S_pivot": 7.123350224651272e-07,
        "P_T_pivot": 2.142872929370283e-09
    },
    "spectrum_scan": [
        {
            "label": "k_minus",
            "k_code": 0.022527189568370076,
            "P_S": 7.123353559796218e-07,
            "P_T": 2.142873224855387e-09
        },
        {
            "label": "k_pivot",
            "k_code": 0.022527414842518502,
            "P_S": 7.123350224651272e-07,
            "P_T": 2.142872929370283e-09
        },
        {
            "label": "k_plus",
            "k_code": 0.022527640116666928,
            "P_S": 7.123347598229786e-07,
            "P_T": 2.1428728483422094e-09
        }
    ]
}