{
    "metadata": {
        "run_id": "1ef95cfd",
        "timestamp": "2026-03-23T01:10:11.318288",
        "description": "Batch automated calculation of ns and r from exact MS equations."
    },
    "model_parameters": {
        "name": "Higgs Inflation",
        "xi": 1000,
        "lambda": 0.13,
        "phi0": 5.657894736842105,
        "yi": -0.11578947368421054,
        "S": 5e-05
    },
    "numerical_settings": {
        "delta_finite_difference": 1e-05,
        "k_start_factor": 100.0
    },
    "background_info": {
        "total_efolds": 72.53966850503971,
        "exit_N_simulation": 12.355647784712668
    },
    "observables": {
        "n_s": 0.9673449571537501,
        "r": 0.003006297792250707,
        "n_s_SR": 0.9673662392959006,
        "r_SR": 0.0030788309786502818,
        "P_S_pivot": 7.126867847884647e-07,
        "P_T_pivot": 2.1425487076758165e-09
    },
    "spectrum_scan": [
        {
            "label": "k_minus",
            "k_code": 4.777452111326667,
            "P_S": 7.126870174543157e-07,
            "P_T": 2.142548693424774e-09
        },
        {
            "label": "k_pivot",
            "k_code": 4.77749988632553,
            "P_S": 7.126867847884647e-07,
            "P_T": 2.1425487076758165e-09
        },
        {
            "label": "k_plus",
            "k_code": 4.777547661324394,
            "P_S": 7.126865519979657e-07,
            "P_T": 2.1425487279057844e-09
        }
    ]
}