{
    "metadata": {
        "run_id": "c2ce6f89",
        "timestamp": "2026-03-23T02:11:35.827044",
        "description": "Batch automated calculation of ns and r from exact MS equations."
    },
    "model_parameters": {
        "name": "Higgs Inflation",
        "xi": 1000,
        "lambda": 0.13,
        "phi0": 5.557142857142857,
        "yi": -0.1142857142857143,
        "S": 5e-05
    },
    "numerical_settings": {
        "delta_finite_difference": 1e-05,
        "k_start_factor": 100.0
    },
    "background_info": {
        "total_efolds": 66.53778922750179,
        "exit_N_simulation": 6.586581147088775
    },
    "observables": {
        "n_s": 0.9577924254981477,
        "r": 0.0030160946872001683,
        "n_s_SR": 0.9673113904667254,
        "r_SR": 0.003089007927794604,
        "P_S_pivot": 7.104571676625705e-07,
        "P_T_pivot": 2.142806088870358e-09
    },
    "spectrum_scan": [
        {
            "label": "k_minus",
            "k_code": 0.014918115927334778,
            "P_S": 7.104574680907064e-07,
            "P_T": 2.142806283082479e-09
        },
        {
            "label": "k_pivot",
            "k_code": 0.014918265109985876,
            "P_S": 7.104571676625705e-07,
            "P_T": 2.142806088870358e-09
        },
        {
            "label": "k_plus",
            "k_code": 0.014918414292636977,
            "P_S": 7.104568683572289e-07,
            "P_T": 2.142805895998252e-09
        }
    ]
}