{
    "metadata": {
        "run_id": "6c5cf04c",
        "timestamp": "2026-03-23T02:02:26.176386",
        "description": "Batch automated calculation of ns and r from exact MS equations."
    },
    "model_parameters": {
        "name": "Higgs Inflation",
        "xi": 1000,
        "lambda": 0.13,
        "phi0": 5.444444444444445,
        "yi": -0.17777777777777778,
        "S": 5e-05
    },
    "numerical_settings": {
        "delta_finite_difference": 1e-05,
        "k_start_factor": 100.0
    },
    "background_info": {
        "total_efolds": 60.14155829677446,
        "exit_N_simulation": 0.0
    },
    "observables": {
        "n_s": 2.701173696491048,
        "r": 0.003107740683573337,
        "n_s_SR": 5.6398446731806775,
        "r_SR": 0.05966695125048663,
        "P_S_pivot": 2.641073797788611e-07,
        "P_T_pivot": 8.207772489707208e-10
    },
    "spectrum_scan": [
        {
            "label": "k_minus",
            "k_code": 2.058501557464665e-05,
            "P_S": 2.6410288687325394e-07,
            "P_T": 8.207632906866294e-10
        },
        {
            "label": "k_pivot",
            "k_code": 2.058522142686092e-05,
            "P_S": 2.641073797788611e-07,
            "P_T": 8.207772489707208e-10
        },
        {
            "label": "k_plus",
            "k_code": 2.058542727907519e-05,
            "P_S": 2.641118727238047e-07,
            "P_T": 8.207912072823429e-10
        }
    ]
}