{
    "metadata": {
        "run_id": "c5445371",
        "timestamp": "2026-03-23T01:07:28.185688",
        "description": "Batch automated calculation of ns and r from exact MS equations."
    },
    "model_parameters": {
        "name": "Higgs Inflation",
        "xi": 1000,
        "lambda": 0.13,
        "phi0": 5.594736842105263,
        "yi": -0.1,
        "S": 5e-05
    },
    "numerical_settings": {
        "delta_finite_difference": 1e-05,
        "k_start_factor": 100.0
    },
    "background_info": {
        "total_efolds": 69.09961181216859,
        "exit_N_simulation": 9.26372471502148
    },
    "observables": {
        "n_s": 0.9653830077064796,
        "r": 0.003055428944894903,
        "n_s_SR": 0.9670923848702923,
        "r_SR": 0.0031297770010093257,
        "P_S_pivot": 7.010875769036942e-07,
        "P_T_pivot": 2.1421232753777786e-09
    },
    "spectrum_scan": [
        {
            "label": "k_minus",
            "k_code": 0.2169444337564728,
            "P_S": 7.010878197434935e-07,
            "P_T": 2.1421232919307454e-09
        },
        {
            "label": "k_pivot",
            "k_code": 0.216946603222505,
            "P_S": 7.010875769036942e-07,
            "P_T": 2.1421232753777786e-09
        },
        {
            "label": "k_plus",
            "k_code": 0.21694877268853724,
            "P_S": 7.010873343526283e-07,
            "P_T": 2.14212325937667e-09
        }
    ]
}