{
    "metadata": {
        "run_id": "0f7d27d6",
        "timestamp": "2026-03-23T01:08:14.658393",
        "description": "Batch automated calculation of ns and r from exact MS equations."
    },
    "model_parameters": {
        "name": "Higgs Inflation",
        "xi": 1000,
        "lambda": 0.13,
        "phi0": 5.626315789473684,
        "yi": -0.19473684210526318,
        "S": 5e-05
    },
    "numerical_settings": {
        "delta_finite_difference": 1e-05,
        "k_start_factor": 100.0
    },
    "background_info": {
        "total_efolds": 70.07096783308674,
        "exit_N_simulation": 10.293890569746559
    },
    "observables": {
        "n_s": 0.9651769647900389,
        "r": 0.003063099366388223,
        "n_s_SR": 0.967049817289723,
        "r_SR": 0.003137732052806044,
        "P_S_pivot": 6.993104117380663e-07,
        "P_T_pivot": 2.142057279103558e-09
    },
    "spectrum_scan": [
        {
            "label": "k_minus",
            "k_code": 0.6077671483999443,
            "P_S": 6.993106549123456e-07,
            "P_T": 2.142057298639003e-09
        },
        {
            "label": "k_pivot",
            "k_code": 0.6077732261322055,
            "P_S": 6.993104117380663e-07,
            "P_T": 2.142057279103558e-09
        },
        {
            "label": "k_plus",
            "k_code": 0.6077793038644669,
            "P_S": 6.993101678701237e-07,
            "P_T": 2.1420572613388552e-09
        }
    ]
}