{
    "metadata": {
        "run_id": "afc768ba",
        "timestamp": "2026-03-23T01:12:46.012473",
        "description": "Batch automated calculation of ns and r from exact MS equations."
    },
    "model_parameters": {
        "name": "Higgs Inflation",
        "xi": 1000,
        "lambda": 0.13,
        "phi0": 5.721052631578948,
        "yi": -0.15263157894736842,
        "S": 5e-05
    },
    "numerical_settings": {
        "delta_finite_difference": 1e-05,
        "k_start_factor": 100.0
    },
    "background_info": {
        "total_efolds": 76.27670785347692,
        "exit_N_simulation": 16.47774939933288
    },
    "observables": {
        "n_s": 0.965248379485644,
        "r": 0.0030602578304870162,
        "n_s_SR": 0.9670655808138306,
        "r_SR": 0.0031347847006659756,
        "P_S_pivot": 6.999677254890812e-07,
        "P_T_pivot": 2.1420817130161467e-09
    },
    "spectrum_scan": [
        {
            "label": "k_minus",
            "k_code": 294.68324634142857,
            "P_S": 6.999679687346251e-07,
            "P_T": 2.1420817321594288e-09
        },
        {
            "label": "k_pivot",
            "k_code": 294.6861932033606,
            "P_S": 6.999677254890812e-07,
            "P_T": 2.1420817130161467e-09
        },
        {
            "label": "k_plus",
            "k_code": 294.68914006529263,
            "P_S": 6.999674822343689e-07,
            "P_T": 2.1420816937422077e-09
        }
    ]
}