{
    "metadata": {
        "run_id": "a6a92469",
        "timestamp": "2026-03-23T02:10:23.859219",
        "description": "Batch automated calculation of ns and r from exact MS equations."
    },
    "model_parameters": {
        "name": "Higgs Inflation",
        "xi": 1000,
        "lambda": 0.13,
        "phi0": 5.507142857142857,
        "yi": -0.13571428571428573,
        "S": 5e-05
    },
    "numerical_settings": {
        "delta_finite_difference": 1e-05,
        "k_start_factor": 100.0
    },
    "background_info": {
        "total_efolds": 63.62924673017117,
        "exit_N_simulation": 3.704068662203408
    },
    "observables": {
        "n_s": 0.9919756664472285,
        "r": 0.003020725937112619,
        "n_s_SR": 0.9674914095960192,
        "r_SR": 0.003094005644143009,
        "P_S_pivot": 7.098120848341242e-07,
        "P_T_pivot": 2.144147775134422e-09
    },
    "spectrum_scan": [
        {
            "label": "k_minus",
            "k_code": 0.0008353157917999563,
            "P_S": 7.098121414075027e-07,
            "P_T": 2.1441473180099837e-09
        },
        {
            "label": "k_pivot",
            "k_code": 0.0008353241450414066,
            "P_S": 7.098120848341242e-07,
            "P_T": 2.144147775134422e-09
        },
        {
            "label": "k_plus",
            "k_code": 0.0008353324982828571,
            "P_S": 7.098120274921253e-07,
            "P_T": 2.144148232909464e-09
        }
    ]
}