{
    "metadata": {
        "run_id": "f548b683",
        "timestamp": "2026-03-23T01:03:29.312198",
        "description": "Batch automated calculation of ns and r from exact MS equations."
    },
    "model_parameters": {
        "name": "Higgs Inflation",
        "xi": 1000,
        "lambda": 0.13,
        "phi0": 5.515789473684211,
        "yi": -0.15263157894736842,
        "S": 5e-05
    },
    "numerical_settings": {
        "delta_finite_difference": 1e-05,
        "k_start_factor": 100.0
    },
    "background_info": {
        "total_efolds": 64.14077510911385,
        "exit_N_simulation": 4.115727100842736
    },
    "observables": {
        "n_s": 0.96660757189019,
        "r": 0.0030297403439442125,
        "n_s_SR": 0.9673051027121079,
        "r_SR": 0.003103213210019102,
        "P_S_pivot": 7.071052574451806e-07,
        "P_T_pivot": 2.1423453258967224e-09
    },
    "spectrum_scan": [
        {
            "label": "k_minus",
            "k_code": 0.0012607350809055097,
            "P_S": 7.071054921588974e-07,
            "P_T": 2.142345319321166e-09
        },
        {
            "label": "k_pivot",
            "k_code": 0.0012607476883823936,
            "P_S": 7.071052574451806e-07,
            "P_T": 2.1423453258967224e-09
        },
        {
            "label": "k_plus",
            "k_code": 0.0012607602958592775,
            "P_S": 7.071050199196687e-07,
            "P_T": 2.142345327286135e-09
        }
    ]
}