{
    "metadata": {
        "run_id": "8b6d8321",
        "timestamp": "2026-03-23T01:10:17.726053",
        "description": "Batch automated calculation of ns and r from exact MS equations."
    },
    "model_parameters": {
        "name": "Higgs Inflation",
        "xi": 1000,
        "lambda": 0.13,
        "phi0": 5.657894736842105,
        "yi": -0.1,
        "S": 5e-05
    },
    "numerical_settings": {
        "delta_finite_difference": 1e-05,
        "k_start_factor": 100.0
    },
    "background_info": {
        "total_efolds": 72.63241848683408,
        "exit_N_simulation": 12.355932233952329
    },
    "observables": {
        "n_s": 0.9678830209694536,
        "r": 0.002991553621556447,
        "n_s_SR": 0.9674488314548344,
        "r_SR": 0.0030635453696741333,
        "P_S_pivot": 7.162423217980656e-07,
        "P_T_pivot": 2.142677311687001e-09
    },
    "spectrum_scan": [
        {
            "label": "k_minus",
            "k_code": 4.778952995706403,
            "P_S": 7.162425501312705e-07,
            "P_T": 2.1426772821469694e-09
        },
        {
            "label": "k_pivot",
            "k_code": 4.77900078571426,
            "P_S": 7.162423217980656e-07,
            "P_T": 2.142677311687001e-09
        },
        {
            "label": "k_plus",
            "k_code": 4.7790485757221175,
            "P_S": 7.16242090060479e-07,
            "P_T": 2.142677338487341e-09
        }
    ]
}