{
    "metadata": {
        "run_id": "7ee40296",
        "timestamp": "2026-03-23T02:11:52.116532",
        "description": "Batch automated calculation of ns and r from exact MS equations."
    },
    "model_parameters": {
        "name": "Higgs Inflation",
        "xi": 1000,
        "lambda": 0.13,
        "phi0": 5.571428571428571,
        "yi": -0.17142857142857143,
        "S": 5e-05
    },
    "numerical_settings": {
        "delta_finite_difference": 1e-05,
        "k_start_factor": 100.0
    },
    "background_info": {
        "total_efolds": 66.78586257473252,
        "exit_N_simulation": 6.792714328421323
    },
    "observables": {
        "n_s": 0.958056671013436,
        "r": 0.0030084524512753413,
        "n_s_SR": 0.9673541088001266,
        "r_SR": 0.0030810843028525447,
        "P_S_pivot": 7.122835532244548e-07,
        "P_T_pivot": 2.142871201701221e-09
    },
    "spectrum_scan": [
        {
            "label": "k_minus",
            "k_code": 0.018333405455570904,
            "P_S": 7.12283850735836e-07,
            "P_T": 2.142871388626084e-09
        },
        {
            "label": "k_pivot",
            "k_code": 0.018333588791458817,
            "P_S": 7.122835532244548e-07,
            "P_T": 2.142871201701221e-09
        },
        {
            "label": "k_plus",
            "k_code": 0.018333772127346732,
            "P_S": 7.12283253224968e-07,
            "P_T": 2.1428710084676825e-09
        }
    ]
}