{
    "metadata": {
        "run_id": "399d365c",
        "timestamp": "2026-03-23T02:12:27.382596",
        "description": "Batch automated calculation of ns and r from exact MS equations."
    },
    "model_parameters": {
        "name": "Higgs Inflation",
        "xi": 1000,
        "lambda": 0.13,
        "phi0": 5.5928571428571425,
        "yi": -0.15000000000000002,
        "S": 5e-05
    },
    "numerical_settings": {
        "delta_finite_difference": 1e-05,
        "k_start_factor": 100.0
    },
    "background_info": {
        "total_efolds": 68.21333554446264,
        "exit_N_simulation": 8.234456725846485
    },
    "observables": {
        "n_s": 0.9580432359825707,
        "r": 0.003011081457508091,
        "n_s_SR": 0.9673393814680802,
        "r_SR": 0.0030838100239210992,
        "P_S_pivot": 7.116542070073764e-07,
        "P_T_pivot": 2.1428487868775356e-09
    },
    "spectrum_scan": [
        {
            "label": "k_minus",
            "k_code": 0.07751426224633001,
            "P_S": 7.116545053554594e-07,
            "P_T": 2.142848978582295e-09
        },
        {
            "label": "k_pivot",
            "k_code": 0.07751503739670397,
            "P_S": 7.116542070073764e-07,
            "P_T": 2.1428487868775356e-09
        },
        {
            "label": "k_plus",
            "k_code": 0.07751581254707794,
            "P_S": 7.116539081813068e-07,
            "P_T": 2.142848595366488e-09
        }
    ]
}