{
    "metadata": {
        "run_id": "52147e4d",
        "timestamp": "2026-03-23T02:02:54.443142",
        "description": "Batch automated calculation of ns and r from exact MS equations."
    },
    "model_parameters": {
        "name": "Higgs Inflation",
        "xi": 1000,
        "lambda": 0.13,
        "phi0": 5.466666666666667,
        "yi": -0.13333333333333336,
        "S": 5e-05
    },
    "numerical_settings": {
        "delta_finite_difference": 1e-05,
        "k_start_factor": 100.0
    },
    "background_info": {
        "total_efolds": 61.444304561271025,
        "exit_N_simulation": 1.0288490453353862
    },
    "observables": {
        "n_s": 0.9315262419620687,
        "r": 0.002962886555566367,
        "n_s_SR": 1.5445318090829487,
        "r_SR": 0.0037112596748993245,
        "P_S_pivot": 8.171693948313609e-07,
        "P_T_pivot": 2.421180213566143e-09
    },
    "spectrum_scan": [
        {
            "label": "k_minus",
            "k_code": 5.755328463850136e-05,
            "P_S": 8.171699546817435e-07,
            "P_T": 2.4211815931884123e-09
        },
        {
            "label": "k_pivot",
            "k_code": 5.7553860177103126e-05,
            "P_S": 8.171693948313609e-07,
            "P_T": 2.421180213566143e-09
        },
        {
            "label": "k_plus",
            "k_code": 5.75544357157049e-05,
            "P_S": 8.171688355885555e-07,
            "P_T": 2.4211788340698035e-09
        }
    ]
}