{
    "metadata": {
        "run_id": "6489ccd7",
        "timestamp": "2026-03-23T01:04:52.100677",
        "description": "Batch automated calculation of ns and r from exact MS equations."
    },
    "model_parameters": {
        "name": "Higgs Inflation",
        "xi": 1000,
        "lambda": 0.13,
        "phi0": 5.5473684210526315,
        "yi": -0.1631578947368421,
        "S": 5e-05
    },
    "numerical_settings": {
        "delta_finite_difference": 1e-05,
        "k_start_factor": 100.0
    },
    "background_info": {
        "total_efolds": 65.53377908447747,
        "exit_N_simulation": 5.145651464439941
    },
    "observables": {
        "n_s": 0.9686549611690289,
        "r": 0.002972381045895909,
        "n_s_SR": 0.9675599915771398,
        "r_SR": 0.0030436746862088165,
        "P_S_pivot": 7.209187395892171e-07,
        "P_T_pivot": 2.142845197186158e-09
    },
    "spectrum_scan": [
        {
            "label": "k_minus",
            "k_code": 0.003531542241667129,
            "P_S": 7.209189653018775e-07,
            "P_T": 2.142845154303696e-09
        },
        {
            "label": "k_pivot",
            "k_code": 0.0035315775574427033,
            "P_S": 7.209187395892171e-07,
            "P_T": 2.142845197186158e-09
        },
        {
            "label": "k_plus",
            "k_code": 0.003531612873218278,
            "P_S": 7.209185133573595e-07,
            "P_T": 2.1428452375365285e-09
        }
    ]
}