{
    "metadata": {
        "run_id": "6c6110a2",
        "timestamp": "2026-03-23T01:09:41.536740",
        "description": "Batch automated calculation of ns and r from exact MS equations."
    },
    "model_parameters": {
        "name": "Higgs Inflation",
        "xi": 1000,
        "lambda": 0.13,
        "phi0": 5.657894736842105,
        "yi": -0.18947368421052632,
        "S": 5e-05
    },
    "numerical_settings": {
        "delta_finite_difference": 1e-05,
        "k_start_factor": 100.0
    },
    "background_info": {
        "total_efolds": 71.68987348063288,
        "exit_N_simulation": 11.32582534734418
    },
    "observables": {
        "n_s": 0.9684838084778858,
        "r": 0.0029766570864295525,
        "n_s_SR": 0.9675324711013755,
        "r_SR": 0.0030481034812619677,
        "P_S_pivot": 7.198705189932614e-07,
        "P_T_pivot": 2.1428076816730112e-09
    },
    "spectrum_scan": [
        {
            "label": "k_minus",
            "k_code": 1.7059883807580354,
            "P_S": 7.198707468682658e-07,
            "P_T": 2.142807643952927e-09
        },
        {
            "label": "k_pivot",
            "k_code": 1.7060054408124434,
            "P_S": 7.198705189932614e-07,
            "P_T": 2.1428076816730112e-09
        },
        {
            "label": "k_plus",
            "k_code": 1.7060225008668517,
            "P_S": 7.198702931167224e-07,
            "P_T": 2.1428077204477774e-09
        }
    ]
}