{
    "metadata": {
        "run_id": "dface5ec",
        "timestamp": "2026-03-23T02:11:44.224623",
        "description": "Batch automated calculation of ns and r from exact MS equations."
    },
    "model_parameters": {
        "name": "Higgs Inflation",
        "xi": 1000,
        "lambda": 0.13,
        "phi0": 5.564285714285714,
        "yi": -0.13571428571428573,
        "S": 5e-05
    },
    "numerical_settings": {
        "delta_finite_difference": 1e-05,
        "k_start_factor": 100.0
    },
    "background_info": {
        "total_efolds": 66.74445843434523,
        "exit_N_simulation": 6.792560762623311
    },
    "observables": {
        "n_s": 0.9577779568061748,
        "r": 0.0030159710760813557,
        "n_s_SR": 0.9673120724126484,
        "r_SR": 0.0030888797357314034,
        "P_S_pivot": 7.10486634989911e-07,
        "P_T_pivot": 2.1428071410719434e-09
    },
    "spectrum_scan": [
        {
            "label": "k_minus",
            "k_code": 0.01833031363140422,
            "P_S": 7.104869344455839e-07,
            "P_T": 2.1428073371685853e-09
        },
        {
            "label": "k_pivot",
            "k_code": 0.018330496936373585,
            "P_S": 7.10486634989911e-07,
            "P_T": 2.1428071410719434e-09
        },
        {
            "label": "k_plus",
            "k_code": 0.01833068024134295,
            "P_S": 7.104863344816356e-07,
            "P_T": 2.1428069468963594e-09
        }
    ]
}