{
    "metadata": {
        "run_id": "867a10f3",
        "timestamp": "2026-03-23T01:15:11.865887",
        "description": "Batch automated calculation of ns and r from exact MS equations."
    },
    "model_parameters": {
        "name": "Higgs Inflation",
        "xi": 1000,
        "lambda": 0.13,
        "phi0": 5.768421052631579,
        "yi": -0.10526315789473685,
        "S": 5e-05
    },
    "numerical_settings": {
        "delta_finite_difference": 1e-05,
        "k_start_factor": 100.0
    },
    "background_info": {
        "total_efolds": 79.71716917460505,
        "exit_N_simulation": 19.572848269363078
    },
    "observables": {
        "n_s": 0.9670739639706777,
        "r": 0.0030123576405980752,
        "n_s_SR": 0.9673323489226104,
        "r_SR": 0.0030851131622089702,
        "P_S_pivot": 7.112355971128154e-07,
        "P_T_pivot": 2.142495985228124e-09
    },
    "spectrum_scan": [
        {
            "label": "k_minus",
            "k_code": 6510.006201287953,
            "P_S": 7.112358307268589e-07,
            "P_T": 2.142495971017654e-09
        },
        {
            "label": "k_pivot",
            "k_code": 6510.071302000973,
            "P_S": 7.112355971128154e-07,
            "P_T": 2.142495985228124e-09
        },
        {
            "label": "k_plus",
            "k_code": 6510.136402713993,
            "P_S": 7.112353623634815e-07,
            "P_T": 2.1424959970628983e-09
        }
    ]
}