{
    "metadata": {
        "run_id": "621c9a39",
        "timestamp": "2026-03-23T02:10:31.428414",
        "description": "Batch automated calculation of ns and r from exact MS equations."
    },
    "model_parameters": {
        "name": "Higgs Inflation",
        "xi": 1000,
        "lambda": 0.13,
        "phi0": 5.514285714285714,
        "yi": -0.14285714285714285,
        "S": 5e-05
    },
    "numerical_settings": {
        "delta_finite_difference": 1e-05,
        "k_start_factor": 100.0
    },
    "background_info": {
        "total_efolds": 63.89732874254957,
        "exit_N_simulation": 3.910009113414664
    },
    "observables": {
        "n_s": 0.9972760429401043,
        "r": 0.0030095578085956266,
        "n_s_SR": 0.9674672210857043,
        "r_SR": 0.003082322639692739,
        "P_S_pivot": 7.122994108343254e-07,
        "P_T_pivot": 2.143706253934508e-09
    },
    "spectrum_scan": [
        {
            "label": "k_minus",
            "k_code": 0.0010263588622358654,
            "P_S": 7.122994306957732e-07,
            "P_T": 2.1437056710435522e-09
        },
        {
            "label": "k_pivot",
            "k_code": 0.0010263691259271247,
            "P_S": 7.122994108343254e-07,
            "P_T": 2.143706253934508e-09
        },
        {
            "label": "k_plus",
            "k_code": 0.001026379389618384,
            "P_S": 7.122993918903128e-07,
            "P_T": 2.143706838603909e-09
        }
    ]
}