{
    "metadata": {
        "run_id": "f87858c2",
        "timestamp": "2026-03-23T01:03:12.062429",
        "description": "Batch automated calculation of ns and r from exact MS equations."
    },
    "model_parameters": {
        "name": "Higgs Inflation",
        "xi": 1000,
        "lambda": 0.13,
        "phi0": 5.515789473684211,
        "yi": -0.19473684210526318,
        "S": 5e-05
    },
    "numerical_settings": {
        "delta_finite_difference": 1e-05,
        "k_start_factor": 100.0
    },
    "background_info": {
        "total_efolds": 63.87536743742568,
        "exit_N_simulation": 4.115532411772784
    },
    "observables": {
        "n_s": 0.9652013551472122,
        "r": 0.003065322266337688,
        "n_s_SR": 0.9671322482371056,
        "r_SR": 0.003140143260302976,
        "P_S_pivot": 6.98797132024057e-07,
        "P_T_pivot": 2.142038408446259e-09
    },
    "spectrum_scan": [
        {
            "label": "k_minus",
            "k_code": 0.0012604001296728474,
            "P_S": 6.987973753207595e-07,
            "P_T": 2.142038427488881e-09
        },
        {
            "label": "k_pivot",
            "k_code": 0.0012604127338001854,
            "P_S": 6.98797132024057e-07,
            "P_T": 2.142038408446259e-09
        },
        {
            "label": "k_plus",
            "k_code": 0.0012604253379275236,
            "P_S": 6.987968889768948e-07,
            "P_T": 2.1420383884641968e-09
        }
    ]
}