{
    "metadata": {
        "run_id": "28f3c564",
        "timestamp": "2026-03-23T01:06:37.088569",
        "description": "Batch automated calculation of ns and r from exact MS equations."
    },
    "model_parameters": {
        "name": "Higgs Inflation",
        "xi": 1000,
        "lambda": 0.13,
        "phi0": 5.578947368421052,
        "yi": -0.12105263157894738,
        "S": 5e-05
    },
    "numerical_settings": {
        "delta_finite_difference": 1e-05,
        "k_start_factor": 100.0
    },
    "background_info": {
        "total_efolds": 68.01549876714436,
        "exit_N_simulation": 8.233664297804367
    },
    "observables": {
        "n_s": 0.9652351530886611,
        "r": 0.0030624827148976594,
        "n_s_SR": 0.9670532373435186,
        "r_SR": 0.003137092588018461,
        "P_S_pivot": 6.994529527032108e-07,
        "P_T_pivot": 2.142062577537713e-09
    },
    "spectrum_scan": [
        {
            "label": "k_minus",
            "k_code": 0.07744490535105063,
            "P_S": 6.994531970606471e-07,
            "P_T": 2.1420626001586515e-09
        },
        {
            "label": "k_pivot",
            "k_code": 0.07744567980784871,
            "P_S": 6.994529527032108e-07,
            "P_T": 2.142062577537713e-09
        },
        {
            "label": "k_plus",
            "k_code": 0.07744645426464679,
            "P_S": 6.994527107331507e-07,
            "P_T": 2.1420625594937553e-09
        }
    ]
}