{
    "metadata": {
        "run_id": "1c22b2de",
        "timestamp": "2026-03-22T22:09:48.217161",
        "description": "Batch automated calculation of ns and r from exact MS equations."
    },
    "model_parameters": {
        "name": "Higgs Inflation",
        "xi": 17000,
        "lambda": 0.13,
        "phi0": 5.800000000000001,
        "yi": -0.10500000000000001,
        "S": 5e-05
    },
    "numerical_settings": {
        "delta_finite_difference": 1e-05,
        "k_start_factor": 100.0
    },
    "background_info": {
        "total_efolds": 65.3823282127298,
        "exit_N_simulation": 5.398455679614289
    },
    "observables": {
        "n_s": 0.983992867492438,
        "r": 0.0030091034909876893,
        "P_S_pivot": 2.46423125992902e-09,
        "P_T_pivot": 7.415126886853407e-12
    },
    "spectrum_scan": [
        {
            "label": "k_minus",
            "k_code": 0.0002674698472827751,
            "P_S": 2.4642316549085307e-09,
            "P_T": 7.415125693897702e-12
        },
        {
            "label": "k_pivot",
            "k_code": 0.00026747252200799514,
            "P_S": 2.46423125992902e-09,
            "P_T": 7.415126886853407e-12
        },
        {
            "label": "k_plus",
            "k_code": 0.00026747519673321526,
            "P_S": 2.464230866003006e-09,
            "P_T": 7.415128103604565e-12
        }
    ]
}