{
    "metadata": {
        "run_id": "53c1b548",
        "timestamp": "2026-03-23T02:10:53.611523",
        "description": "Batch automated calculation of ns and r from exact MS equations."
    },
    "model_parameters": {
        "name": "Higgs Inflation",
        "xi": 1000,
        "lambda": 0.13,
        "phi0": 5.5285714285714285,
        "yi": -0.1142857142857143,
        "S": 5e-05
    },
    "numerical_settings": {
        "delta_finite_difference": 1e-05,
        "k_start_factor": 100.0
    },
    "background_info": {
        "total_efolds": 64.92482158987247,
        "exit_N_simulation": 4.939319875807059
    },
    "observables": {
        "n_s": 0.960866758108836,
        "r": 0.0030098649672519002,
        "n_s_SR": 0.9673501039526612,
        "r_SR": 0.003082552866179625,
        "P_S_pivot": 7.119452470056056e-07,
        "P_T_pivot": 2.1428590575636732e-09
    },
    "spectrum_scan": [
        {
            "label": "k_minus",
            "k_code": 0.002872915997561606,
            "P_S": 7.119455049910429e-07,
            "P_T": 2.142859125626789e-09
        },
        {
            "label": "k_pivot",
            "k_code": 0.002872944727008876,
            "P_S": 7.119452470056056e-07,
            "P_T": 2.1428590575636732e-09
        },
        {
            "label": "k_plus",
            "k_code": 0.0028729734564561463,
            "P_S": 7.119449477765473e-07,
            "P_T": 2.142858866420312e-09
        }
    ]
}