{
    "metadata": {
        "run_id": "e26c3bf9",
        "timestamp": "2026-03-23T02:11:17.573273",
        "description": "Batch automated calculation of ns and r from exact MS equations."
    },
    "model_parameters": {
        "name": "Higgs Inflation",
        "xi": 1000,
        "lambda": 0.13,
        "phi0": 5.55,
        "yi": -0.19285714285714287,
        "S": 5e-05
    },
    "numerical_settings": {
        "delta_finite_difference": 1e-05,
        "k_start_factor": 100.0
    },
    "background_info": {
        "total_efolds": 65.46974412163347,
        "exit_N_simulation": 5.557021883955232
    },
    "observables": {
        "n_s": 0.9609301109890694,
        "r": 0.0030228892859164953,
        "n_s_SR": 0.9672746544128991,
        "r_SR": 0.0030960541225612008,
        "P_S_pivot": 7.088411322920914e-07,
        "P_T_pivot": 2.14274826422268e-09
    },
    "spectrum_scan": [
        {
            "label": "k_minus",
            "k_code": 0.00532814646307582,
            "P_S": 7.088413843219792e-07,
            "P_T": 2.1427483172471204e-09
        },
        {
            "label": "k_pivot",
            "k_code": 0.00532819974507327,
            "P_S": 7.088411322920914e-07,
            "P_T": 2.14274826422268e-09
        },
        {
            "label": "k_plus",
            "k_code": 0.005328253027070721,
            "P_S": 7.088408304351114e-07,
            "P_T": 2.1427480639506708e-09
        }
    ]
}