{
    "metadata": {
        "run_id": "a7aa9c98",
        "timestamp": "2026-03-23T01:11:06.721236",
        "description": "Batch automated calculation of ns and r from exact MS equations."
    },
    "model_parameters": {
        "name": "Higgs Inflation",
        "xi": 1000,
        "lambda": 0.13,
        "phi0": 5.689473684210526,
        "yi": -0.18947368421052632,
        "S": 5e-05
    },
    "numerical_settings": {
        "delta_finite_difference": 1e-05,
        "k_start_factor": 100.0
    },
    "background_info": {
        "total_efolds": 73.6773818868958,
        "exit_N_simulation": 13.38680654122616
    },
    "observables": {
        "n_s": 0.9680350753381884,
        "r": 0.002989222027106436,
        "n_s_SR": 0.9674619098474128,
        "r_SR": 0.003061128199707471,
        "P_S_pivot": 7.168078074402263e-07,
        "P_T_pivot": 2.1426976872021934e-09
    },
    "spectrum_scan": [
        {
            "label": "k_minus",
            "k_code": 13.397933629996466,
            "P_S": 7.168080361533378e-07,
            "P_T": 2.1426976578276963e-09
        },
        {
            "label": "k_pivot",
            "k_code": 13.398067610672571,
            "P_S": 7.168078074402263e-07,
            "P_T": 2.1426976872021934e-09
        },
        {
            "label": "k_plus",
            "k_code": 13.398201591348679,
            "P_S": 7.168075778991871e-07,
            "P_T": 2.142697718492112e-09
        }
    ]
}