{
    "metadata": {
        "run_id": "3350ab61",
        "timestamp": "2026-03-23T01:03:59.520852",
        "description": "Batch automated calculation of ns and r from exact MS equations."
    },
    "model_parameters": {
        "name": "Higgs Inflation",
        "xi": 1000,
        "lambda": 0.13,
        "phi0": 5.531578947368421,
        "yi": -0.1842105263157895,
        "S": 5e-05
    },
    "numerical_settings": {
        "delta_finite_difference": 1e-05,
        "k_start_factor": 100.0
    },
    "background_info": {
        "total_efolds": 64.49298109238177,
        "exit_N_simulation": 4.116214206702173
    },
    "observables": {
        "n_s": 0.9686861705166377,
        "r": 0.002974402531976325,
        "n_s_SR": 0.9676350947091914,
        "r_SR": 0.003045863335811572,
        "P_S_pivot": 7.204229807356706e-07,
        "P_T_pivot": 2.14282793799411e-09
    },
    "spectrum_scan": [
        {
            "label": "k_minus",
            "k_code": 0.0012614896935246832,
            "P_S": 7.204232066378399e-07,
            "P_T": 2.1428278939148118e-09
        },
        {
            "label": "k_pivot",
            "k_code": 0.0012615023085477686,
            "P_S": 7.204229807356706e-07,
            "P_T": 2.14282793799411e-09
        },
        {
            "label": "k_plus",
            "k_code": 0.0012615149235708542,
            "P_S": 7.204227554537927e-07,
            "P_T": 2.142827980052847e-09
        }
    ]
}