{
    "metadata": {
        "run_id": "e4716a15",
        "timestamp": "2026-03-23T01:08:10.434082",
        "description": "Batch automated calculation of ns and r from exact MS equations."
    },
    "model_parameters": {
        "name": "Higgs Inflation",
        "xi": 1000,
        "lambda": 0.13,
        "phi0": 5.610526315789474,
        "yi": -0.1,
        "S": 5e-05
    },
    "numerical_settings": {
        "delta_finite_difference": 1e-05,
        "k_start_factor": 100.0
    },
    "background_info": {
        "total_efolds": 69.68168504906494,
        "exit_N_simulation": 9.265152866348988
    },
    "observables": {
        "n_s": 0.96878210835174,
        "r": 0.0029672294276295555,
        "n_s_SR": 0.9675855061797433,
        "r_SR": 0.0030383313737196243,
        "P_S_pivot": 7.22185620414154e-07,
        "P_T_pivot": 2.1428904251037855e-09
    },
    "spectrum_scan": [
        {
            "label": "k_minus",
            "k_code": 0.21729295942623117,
            "P_S": 7.221858454013582e-07,
            "P_T": 2.1428903824477832e-09
        },
        {
            "label": "k_pivot",
            "k_code": 0.21729513237755493,
            "P_S": 7.22185620414154e-07,
            "P_T": 2.1428904251037855e-09
        },
        {
            "label": "k_plus",
            "k_code": 0.21729730532887873,
            "P_S": 7.221853944991099e-07,
            "P_T": 2.1428904690567015e-09
        }
    ]
}