{
    "metadata": {
        "run_id": "57d28b6e",
        "timestamp": "2026-03-23T01:03:03.653728",
        "description": "Batch automated calculation of ns and r from exact MS equations."
    },
    "model_parameters": {
        "name": "Higgs Inflation",
        "xi": 1000,
        "lambda": 0.13,
        "phi0": 5.5,
        "yi": -0.1105263157894737,
        "S": 5e-05
    },
    "numerical_settings": {
        "delta_finite_difference": 1e-05,
        "k_start_factor": 100.0
    },
    "background_info": {
        "total_efolds": 63.44544215198886,
        "exit_N_simulation": 3.0867898686306745
    },
    "observables": {
        "n_s": 0.9814359594730967,
        "r": 0.0029775060021111667,
        "n_s_SR": 0.9685151307212974,
        "r_SR": 0.003050079265090738,
        "P_S_pivot": 7.213416619727947e-07,
        "P_T_pivot": 2.1477991280968407e-09
    },
    "spectrum_scan": [
        {
            "label": "k_minus",
            "k_code": 0.00045061703214650795,
            "P_S": 7.213417960723524e-07,
            "P_T": 2.1477989438999186e-09
        },
        {
            "label": "k_pivot",
            "k_code": 0.00045062153836189153,
            "P_S": 7.213416619727947e-07,
            "P_T": 2.1477991280968407e-09
        },
        {
            "label": "k_plus",
            "k_code": 0.00045062604457727517,
            "P_S": 7.213415282520346e-07,
            "P_T": 2.1477993107070392e-09
        }
    ]
}