{
    "metadata": {
        "run_id": "15b08dca",
        "timestamp": "2026-03-23T01:15:45.687475",
        "description": "Batch automated calculation of ns and r from exact MS equations."
    },
    "model_parameters": {
        "name": "Higgs Inflation",
        "xi": 1000,
        "lambda": 0.13,
        "phi0": 5.784210526315789,
        "yi": -0.12631578947368421,
        "S": 5e-05
    },
    "numerical_settings": {
        "delta_finite_difference": 1e-05,
        "k_start_factor": 100.0
    },
    "background_info": {
        "total_efolds": 80.61588739563419,
        "exit_N_simulation": 20.603828682351484
    },
    "observables": {
        "n_s": 0.966297856436922,
        "r": 0.003031572842348342,
        "n_s_SR": 0.9672250972713373,
        "r_SR": 0.003105036790301421,
        "P_S_pivot": 7.066725312772288e-07,
        "P_T_pivot": 2.142329254253606e-09
    },
    "spectrum_scan": [
        {
            "label": "k_minus",
            "k_code": 18252.13958422896,
            "P_S": 7.066727704879084e-07,
            "P_T": 2.1423292587123416e-09
        },
        {
            "label": "k_pivot",
            "k_code": 18252.322107450032,
            "P_S": 7.066725312772288e-07,
            "P_T": 2.142329254253606e-09
        },
        {
            "label": "k_plus",
            "k_code": 18252.50463067111,
            "P_S": 7.06672294160326e-07,
            "P_T": 2.1423292549576356e-09
        }
    ]
}