{
    "metadata": {
        "run_id": "b4bdef01",
        "timestamp": "2026-03-23T02:10:37.075298",
        "description": "Batch automated calculation of ns and r from exact MS equations."
    },
    "model_parameters": {
        "name": "Higgs Inflation",
        "xi": 1000,
        "lambda": 0.13,
        "phi0": 5.521428571428571,
        "yi": -0.17857142857142858,
        "S": 5e-05
    },
    "numerical_settings": {
        "delta_finite_difference": 1e-05,
        "k_start_factor": 100.0
    },
    "background_info": {
        "total_efolds": 64.03306207276646,
        "exit_N_simulation": 4.1158332296901134
    },
    "observables": {
        "n_s": 0.9670067636809039,
        "r": 0.0030221165928790913,
        "n_s_SR": 0.9673635300367532,
        "r_SR": 0.003095326148899579,
        "P_S_pivot": 7.089109440239759e-07,
        "P_T_pivot": 2.1424115268084384e-09
    },
    "spectrum_scan": [
        {
            "label": "k_minus",
            "k_code": 0.0012608881371975805,
            "P_S": 7.089111769775679e-07,
            "P_T": 2.142411513078782e-09
        },
        {
            "label": "k_pivot",
            "k_code": 0.0012609007462050425,
            "P_S": 7.089109440239759e-07,
            "P_T": 2.1424115268084384e-09
        },
        {
            "label": "k_plus",
            "k_code": 0.0012609133552125046,
            "P_S": 7.089107091922431e-07,
            "P_T": 2.1424115376247286e-09
        }
    ]
}