{
    "metadata": {
        "run_id": "a34ab8a4",
        "timestamp": "2026-03-23T01:12:56.607221",
        "description": "Batch automated calculation of ns and r from exact MS equations."
    },
    "model_parameters": {
        "name": "Higgs Inflation",
        "xi": 1000,
        "lambda": 0.13,
        "phi0": 5.721052631578948,
        "yi": -0.12631578947368421,
        "S": 5e-05
    },
    "numerical_settings": {
        "delta_finite_difference": 1e-05,
        "k_start_factor": 100.0
    },
    "background_info": {
        "total_efolds": 76.4739047973492,
        "exit_N_simulation": 16.478394146694257
    },
    "observables": {
        "n_s": 0.9663651455445378,
        "r": 0.00303388629262998,
        "n_s_SR": 0.9672122066992965,
        "r_SR": 0.0031074363630476326,
        "P_S_pivot": 7.061270697196102e-07,
        "P_T_pivot": 2.1423092376772997e-09
    },
    "spectrum_scan": [
        {
            "label": "k_minus",
            "k_code": 294.88882634532973,
            "P_S": 7.061273059704053e-07,
            "P_T": 2.1423092352384404e-09
        },
        {
            "label": "k_pivot",
            "k_code": 294.89177526308237,
            "P_S": 7.061270697196102e-07,
            "P_T": 2.1423092376772997e-09
        },
        {
            "label": "k_plus",
            "k_code": 294.894724180835,
            "P_S": 7.061268309607821e-07,
            "P_T": 2.1423092336918455e-09
        }
    ]
}