{
    "metadata": {
        "run_id": "6d833df3",
        "timestamp": "2026-03-23T02:10:29.752979",
        "description": "Batch automated calculation of ns and r from exact MS equations."
    },
    "model_parameters": {
        "name": "Higgs Inflation",
        "xi": 1000,
        "lambda": 0.13,
        "phi0": 5.514285714285714,
        "yi": -0.16428571428571428,
        "S": 5e-05
    },
    "numerical_settings": {
        "delta_finite_difference": 1e-05,
        "k_start_factor": 100.0
    },
    "background_info": {
        "total_efolds": 63.70194843159195,
        "exit_N_simulation": 3.7042098388682803
    },
    "observables": {
        "n_s": 0.9916760952349627,
        "r": 0.003007616513013155,
        "n_s_SR": 0.9676256406762359,
        "r_SR": 0.0030804717913760393,
        "P_S_pivot": 7.129453601784929e-07,
        "P_T_pivot": 2.1442662381489467e-09
    },
    "spectrum_scan": [
        {
            "label": "k_minus",
            "k_code": 0.0008354557108371719,
            "P_S": 7.129454205251461e-07,
            "P_T": 2.144265790064766e-09
        },
        {
            "label": "k_pivot",
            "k_code": 0.0008354640654778267,
            "P_S": 7.129453601784929e-07,
            "P_T": 2.1442662381489467e-09
        },
        {
            "label": "k_plus",
            "k_code": 0.0008354724201184815,
            "P_S": 7.129453018353601e-07,
            "P_T": 2.1442666892012906e-09
        }
    ]
}