{
    "metadata": {
        "run_id": "2379f9a8",
        "timestamp": "2026-03-23T01:06:19.902303",
        "description": "Batch automated calculation of ns and r from exact MS equations."
    },
    "model_parameters": {
        "name": "Higgs Inflation",
        "xi": 1000,
        "lambda": 0.13,
        "phi0": 5.578947368421052,
        "yi": -0.1631578947368421,
        "S": 5e-05
    },
    "numerical_settings": {
        "delta_finite_difference": 1e-05,
        "k_start_factor": 100.0
    },
    "background_info": {
        "total_efolds": 67.42852126671808,
        "exit_N_simulation": 7.204723913785671
    },
    "observables": {
        "n_s": 0.967580543281764,
        "r": 0.003000068937158218,
        "n_s_SR": 0.9674011152593802,
        "r_SR": 0.003072373578550904,
        "P_S_pivot": 7.141845837605644e-07,
        "P_T_pivot": 2.142602985137341e-09
    },
    "spectrum_scan": [
        {
            "label": "k_minus",
            "k_code": 0.027681139684550098,
            "P_S": 7.141848176173772e-07,
            "P_T": 2.1426029657737806e-09
        },
        {
            "label": "k_pivot",
            "k_code": 0.027681416498715083,
            "P_S": 7.141845837605644e-07,
            "P_T": 2.142602985137341e-09
        },
        {
            "label": "k_plus",
            "k_code": 0.027681693312880073,
            "P_S": 7.141843545478515e-07,
            "P_T": 2.1426030090744494e-09
        }
    ]
}