{
    "metadata": {
        "run_id": "9f6f0848",
        "timestamp": "2026-03-23T01:08:16.764502",
        "description": "Batch automated calculation of ns and r from exact MS equations."
    },
    "model_parameters": {
        "name": "Higgs Inflation",
        "xi": 1000,
        "lambda": 0.13,
        "phi0": 5.626315789473684,
        "yi": -0.18947368421052632,
        "S": 5e-05
    },
    "numerical_settings": {
        "delta_finite_difference": 1e-05,
        "k_start_factor": 100.0
    },
    "background_info": {
        "total_efolds": 70.10857533805975,
        "exit_N_simulation": 10.293966173807785
    },
    "observables": {
        "n_s": 0.9653609301664918,
        "r": 0.0030582167397422686,
        "n_s_SR": 0.9670769079594503,
        "r_SR": 0.0031326681323049924,
        "P_S_pivot": 7.004406354480623e-07,
        "P_T_pivot": 2.142099276522976e-09
    },
    "spectrum_scan": [
        {
            "label": "k_minus",
            "k_code": 0.6078190107432123,
            "P_S": 7.004408784645229e-07,
            "P_T": 2.142099292511246e-09
        },
        {
            "label": "k_pivot",
            "k_code": 0.6078250889941023,
            "P_S": 7.004406354480623e-07,
            "P_T": 2.142099276522976e-09
        },
        {
            "label": "k_plus",
            "k_code": 0.6078311672449922,
            "P_S": 7.004403932122802e-07,
            "P_T": 2.142099257867248e-09
        }
    ]
}