{
    "metadata": {
        "run_id": "ff203234",
        "timestamp": "2026-03-22T22:11:14.075251",
        "description": "Batch automated calculation of ns and r from exact MS equations."
    },
    "model_parameters": {
        "name": "Higgs Inflation",
        "xi": 17000,
        "lambda": 0.13,
        "phi0": 6.0,
        "yi": -0.15000000000000002,
        "S": 5e-05
    },
    "numerical_settings": {
        "delta_finite_difference": 1e-05,
        "k_start_factor": 100.0
    },
    "background_info": {
        "total_efolds": 70.3670015156585,
        "exit_N_simulation": 10.376102412133982
    },
    "observables": {
        "n_s": 0.9840599572924625,
        "r": 0.0030077954835709144,
        "P_S_pivot": 2.4653143053013685e-09,
        "P_T_pivot": 7.415161233068222e-12
    },
    "spectrum_scan": [
        {
            "label": "k_minus",
            "k_code": 0.03881865472842202,
            "P_S": 2.46531469824935e-09,
            "P_T": 7.415160038430136e-12
        },
        {
            "label": "k_pivot",
            "k_code": 0.0388190429188512,
            "P_S": 2.4653143053013685e-09,
            "P_T": 7.415161233068222e-12
        },
        {
            "label": "k_plus",
            "k_code": 0.03881943110928039,
            "P_S": 2.465313912305039e-09,
            "P_T": 7.415162438295801e-12
        }
    ]
}