{
    "metadata": {
        "run_id": "c80c1d01",
        "timestamp": "2026-03-23T01:14:50.692336",
        "description": "Batch automated calculation of ns and r from exact MS equations."
    },
    "model_parameters": {
        "name": "Higgs Inflation",
        "xi": 1000,
        "lambda": 0.13,
        "phi0": 5.768421052631579,
        "yi": -0.15789473684210528,
        "S": 5e-05
    },
    "numerical_settings": {
        "delta_finite_difference": 1e-05,
        "k_start_factor": 100.0
    },
    "background_info": {
        "total_efolds": 78.95518529136088,
        "exit_N_simulation": 18.542774106704446
    },
    "observables": {
        "n_s": 0.9688380365016992,
        "r": 0.002967984244240498,
        "n_s_SR": 0.9675812567606255,
        "r_SR": 0.0030391128336584475,
        "P_S_pivot": 7.219997200567043e-07,
        "P_T_pivot": 2.1428837934743485e-09
    },
    "spectrum_scan": [
        {
            "label": "k_minus",
            "k_code": 2324.1529324471976,
            "P_S": 7.219999445554015e-07,
            "P_T": 2.1428837445158603e-09
        },
        {
            "label": "k_pivot",
            "k_code": 2324.1761742089398,
            "P_S": 7.219997200567043e-07,
            "P_T": 2.1428837934743485e-09
        },
        {
            "label": "k_plus",
            "k_code": 2324.199415970682,
            "P_S": 7.219994945768226e-07,
            "P_T": 2.1428838347228686e-09
        }
    ]
}