{
    "metadata": {
        "run_id": "f2dae7ff",
        "timestamp": "2026-03-23T01:14:31.747863",
        "description": "Batch automated calculation of ns and r from exact MS equations."
    },
    "model_parameters": {
        "name": "Higgs Inflation",
        "xi": 1000,
        "lambda": 0.13,
        "phi0": 5.752631578947368,
        "yi": -0.1,
        "S": 5e-05
    },
    "numerical_settings": {
        "delta_finite_difference": 1e-05,
        "k_start_factor": 100.0
    },
    "background_info": {
        "total_efolds": 78.71127962565538,
        "exit_N_simulation": 18.541522817647564
    },
    "observables": {
        "n_s": 0.9672221606256178,
        "r": 0.003008492444358308,
        "n_s_SR": 0.9673539616683563,
        "r_SR": 0.003081105756272055,
        "P_S_pivot": 7.121605414440151e-07,
        "P_T_pivot": 2.1425296081044413e-09
    },
    "spectrum_scan": [
        {
            "label": "k_minus",
            "k_code": 2321.057076333749,
            "P_S": 7.121607733031578e-07,
            "P_T": 2.142529590697662e-09
        },
        {
            "label": "k_pivot",
            "k_code": 2321.0802871366204,
            "P_S": 7.121605414440151e-07,
            "P_T": 2.1425296081044413e-09
        },
        {
            "label": "k_plus",
            "k_code": 2321.103497939492,
            "P_S": 7.121603064414819e-07,
            "P_T": 2.142529619810973e-09
        }
    ]
}