{
    "metadata": {
        "run_id": "62a02c43",
        "timestamp": "2026-03-22T22:15:14.290814",
        "description": "Batch automated calculation of ns and r from exact MS equations."
    },
    "model_parameters": {
        "name": "Higgs Inflation",
        "xi": 1000,
        "lambda": 0.13,
        "phi0": 5.5,
        "yi": -0.1,
        "S": 5e-05
    },
    "numerical_settings": {
        "delta_finite_difference": 1e-05,
        "k_start_factor": 100.0
    },
    "background_info": {
        "total_efolds": 63.493344513037655,
        "exit_N_simulation": 3.0868255035905996
    },
    "observables": {
        "n_s": 0.9812817604204032,
        "r": 0.0029689570406369083,
        "P_S_pivot": 7.234442899878351e-07,
        "P_T_pivot": 2.147875018267952e-09
    },
    "spectrum_scan": [
        {
            "label": "k_minus",
            "k_code": 0.000450640868091068,
            "P_S": 7.23444424811427e-07,
            "P_T": 2.147874838309493e-09
        },
        {
            "label": "k_pivot",
            "k_code": 0.0004506453745448134,
            "P_S": 7.234442899878351e-07,
            "P_T": 2.147875018267952e-09
        },
        {
            "label": "k_plus",
            "k_code": 0.0004506498809985589,
            "P_S": 7.234441539793563e-07,
            "P_T": 2.147875196575172e-09
        }
    ]
}