{
    "metadata": {
        "run_id": "52f11b96",
        "timestamp": "2026-03-23T01:14:14.899384",
        "description": "Batch automated calculation of ns and r from exact MS equations."
    },
    "model_parameters": {
        "name": "Higgs Inflation",
        "xi": 1000,
        "lambda": 0.13,
        "phi0": 5.752631578947368,
        "yi": -0.14210526315789473,
        "S": 5e-05
    },
    "numerical_settings": {
        "delta_finite_difference": 1e-05,
        "k_start_factor": 100.0
    },
    "background_info": {
        "total_efolds": 78.40584150934876,
        "exit_N_simulation": 18.540351697352932
    },
    "observables": {
        "n_s": 0.9654840476832444,
        "r": 0.0030515231630128337,
        "n_s_SR": 0.9671140792257129,
        "r_SR": 0.0031257253736276147,
        "P_S_pivot": 7.019959568780141e-07,
        "P_T_pivot": 2.1421569227546185e-09
    },
    "spectrum_scan": [
        {
            "label": "k_minus",
            "k_code": 2318.140759622152,
            "P_S": 7.019961987164565e-07,
            "P_T": 2.1421569372954767e-09
        },
        {
            "label": "k_pivot",
            "k_code": 2318.1639412615646,
            "P_S": 7.019959568780141e-07,
            "P_T": 2.1421569227546185e-09
        },
        {
            "label": "k_plus",
            "k_code": 2318.187122900977,
            "P_S": 7.01995714115277e-07,
            "P_T": 2.1421569077740157e-09
        }
    ]
}