{
    "metadata": {
        "run_id": "2ab60c31",
        "timestamp": "2026-03-23T02:12:15.076535",
        "description": "Batch automated calculation of ns and r from exact MS equations."
    },
    "model_parameters": {
        "name": "Higgs Inflation",
        "xi": 1000,
        "lambda": 0.13,
        "phi0": 5.585714285714285,
        "yi": -0.17142857142857143,
        "S": 5e-05
    },
    "numerical_settings": {
        "delta_finite_difference": 1e-05,
        "k_start_factor": 100.0
    },
    "background_info": {
        "total_efolds": 67.60181770078836,
        "exit_N_simulation": 7.616551612352708
    },
    "observables": {
        "n_s": 0.9608780774995745,
        "r": 0.003009908410851209,
        "n_s_SR": 0.9673459424117224,
        "r_SR": 0.003082593808422315,
        "P_S_pivot": 7.11934880595132e-07,
        "P_T_pivot": 2.142858785081639e-09
    },
    "spectrum_scan": [
        {
            "label": "k_minus",
            "k_code": 0.04178590953841899,
            "P_S": 7.119351347766198e-07,
            "P_T": 2.1428588434506075e-09
        },
        {
            "label": "k_pivot",
            "k_code": 0.04178632740169301,
            "P_S": 7.11934880595132e-07,
            "P_T": 2.142858785081639e-09
        },
        {
            "label": "k_plus",
            "k_code": 0.04178674526496703,
            "P_S": 7.119345777314139e-07,
            "P_T": 2.142858582718096e-09
        }
    ]
}