{
    "metadata": {
        "run_id": "c253a663",
        "timestamp": "2026-03-23T01:16:02.512974",
        "description": "Batch automated calculation of ns and r from exact MS equations."
    },
    "model_parameters": {
        "name": "Higgs Inflation",
        "xi": 1000,
        "lambda": 0.13,
        "phi0": 5.8,
        "yi": -0.18947368421052632,
        "S": 5e-05
    },
    "numerical_settings": {
        "delta_finite_difference": 1e-05,
        "k_start_factor": 100.0
    },
    "background_info": {
        "total_efolds": 80.8598032463868,
        "exit_N_simulation": 20.605064062850424
    },
    "observables": {
        "n_s": 0.9677138268000332,
        "r": 0.002995106450820382,
        "n_s_SR": 0.9674289122020345,
        "r_SR": 0.0030672285695297692,
        "P_S_pivot": 7.153823464103769e-07,
        "P_T_pivot": 2.1426462805367408e-09
    },
    "spectrum_scan": [
        {
            "label": "k_minus",
            "k_code": 18276.03940797261,
            "P_S": 7.153825779096978e-07,
            "P_T": 2.14264625739307e-09
        },
        {
            "label": "k_pivot",
            "k_code": 18276.222170194313,
            "P_S": 7.153823464103769e-07,
            "P_T": 2.1426462805367408e-09
        },
        {
            "label": "k_plus",
            "k_code": 18276.404932416015,
            "P_S": 7.153821159705314e-07,
            "P_T": 2.142646306630328e-09
        }
    ]
}