{
    "metadata": {
        "run_id": "f9691048",
        "timestamp": "2026-03-23T01:09:22.520132",
        "description": "Batch automated calculation of ns and r from exact MS equations."
    },
    "model_parameters": {
        "name": "Higgs Inflation",
        "xi": 1000,
        "lambda": 0.13,
        "phi0": 5.6421052631578945,
        "yi": -0.13157894736842107,
        "S": 5e-05
    },
    "numerical_settings": {
        "delta_finite_difference": 1e-05,
        "k_start_factor": 100.0
    },
    "background_info": {
        "total_efolds": 71.46076484174573,
        "exit_N_simulation": 11.325012659107694
    },
    "observables": {
        "n_s": 0.9668164514697416,
        "r": 0.0030136462356965266,
        "n_s_SR": 0.967325146580473,
        "r_SR": 0.0030864501315985616,
        "P_S_pivot": 7.109277624091861e-07,
        "P_T_pivot": 2.1424847750365983e-09
    },
    "spectrum_scan": [
        {
            "label": "k_minus",
            "k_code": 1.7044755893502546,
            "P_S": 7.109279983524593e-07,
            "P_T": 2.1424847666402262e-09
        },
        {
            "label": "k_pivot",
            "k_code": 1.7044926342765971,
            "P_S": 7.109277624091861e-07,
            "P_T": 2.1424847750365983e-09
        },
        {
            "label": "k_plus",
            "k_code": 1.70450967920294,
            "P_S": 7.109275265303408e-07,
            "P_T": 2.1424847840455423e-09
        }
    ]
}