{
    "metadata": {
        "run_id": "eaa1d2e5",
        "timestamp": "2026-03-23T01:06:41.302231",
        "description": "Batch automated calculation of ns and r from exact MS equations."
    },
    "model_parameters": {
        "name": "Higgs Inflation",
        "xi": 1000,
        "lambda": 0.13,
        "phi0": 5.578947368421052,
        "yi": -0.1105263157894737,
        "S": 5e-05
    },
    "numerical_settings": {
        "delta_finite_difference": 1e-05,
        "k_start_factor": 100.0
    },
    "background_info": {
        "total_efolds": 68.08812131248368,
        "exit_N_simulation": 8.233786236697421
    },
    "observables": {
        "n_s": 0.965589915263843,
        "r": 0.003052998883911989,
        "n_s_SR": 0.9671058813696244,
        "r_SR": 0.0031272568550347346,
        "P_S_pivot": 7.016524680037963e-07,
        "P_T_pivot": 2.142144201709683e-09
    },
    "spectrum_scan": [
        {
            "label": "k_minus",
            "k_code": 0.07745581322468556,
            "P_S": 7.016527104718781e-07,
            "P_T": 2.142144219288637e-09
        },
        {
            "label": "k_pivot",
            "k_code": 0.07745658779056347,
            "P_S": 7.016524680037963e-07,
            "P_T": 2.142144201709683e-09
        },
        {
            "label": "k_plus",
            "k_code": 0.07745736235644138,
            "P_S": 7.016522275934596e-07,
            "P_T": 2.142144191157972e-09
        }
    ]
}