{
    "metadata": {
        "run_id": "fa6a81e2",
        "timestamp": "2026-03-23T02:04:05.230584",
        "description": "Batch automated calculation of ns and r from exact MS equations."
    },
    "model_parameters": {
        "name": "Higgs Inflation",
        "xi": 1000,
        "lambda": 0.13,
        "phi0": 5.555555555555555,
        "yi": -0.2,
        "S": 5e-05
    },
    "numerical_settings": {
        "delta_finite_difference": 1e-05,
        "k_start_factor": 100.0
    },
    "background_info": {
        "total_efolds": 65.98033301974223,
        "exit_N_simulation": 6.174375208137282
    },
    "observables": {
        "n_s": 0.9653109624910882,
        "r": 0.003059345944122431,
        "n_s_SR": 0.9670708399039688,
        "r_SR": 0.00313383951910716,
        "P_S_pivot": 7.001789261339829e-07,
        "P_T_pivot": 2.142089557828e-09
    },
    "spectrum_scan": [
        {
            "label": "k_minus",
            "k_code": 0.009877741994090685,
            "P_S": 7.001791696970462e-07,
            "P_T": 2.142089577905442e-09
        },
        {
            "label": "k_pivot",
            "k_code": 0.00987784077249841,
            "P_S": 7.001789261339829e-07,
            "P_T": 2.142089557828e-09
        },
        {
            "label": "k_plus",
            "k_code": 0.009877939550906135,
            "P_S": 7.00178683926385e-07,
            "P_T": 2.1420895427755644e-09
        }
    ]
}