{
    "metadata": {
        "run_id": "328c8aff",
        "timestamp": "2026-03-23T02:12:32.762468",
        "description": "Batch automated calculation of ns and r from exact MS equations."
    },
    "model_parameters": {
        "name": "Higgs Inflation",
        "xi": 1000,
        "lambda": 0.13,
        "phi0": 5.6,
        "yi": -0.2,
        "S": 5e-05
    },
    "numerical_settings": {
        "delta_finite_difference": 1e-05,
        "k_start_factor": 100.0
    },
    "background_info": {
        "total_efolds": 68.18586136603346,
        "exit_N_simulation": 8.23447587865052
    },
    "observables": {
        "n_s": 0.9571873755334172,
        "r": 0.003016062887743913,
        "n_s_SR": 0.9673115408336194,
        "r_SR": 0.0030889747963565744,
        "P_S_pivot": 7.104647122962194e-07,
        "P_T_pivot": 2.142806251808284e-09
    },
    "spectrum_scan": [
        {
            "label": "k_minus",
            "k_code": 0.07751497192401814,
            "P_S": 7.104650173096412e-07,
            "P_T": 2.1428064629794792e-09
        },
        {
            "label": "k_pivot",
            "k_code": 0.07751574708148895,
            "P_S": 7.104647122962194e-07,
            "P_T": 2.142806251808284e-09
        },
        {
            "label": "k_plus",
            "k_code": 0.07751652223895977,
            "P_S": 7.104644089724622e-07,
            "P_T": 2.142806048846537e-09
        }
    ]
}