{
    "metadata": {
        "run_id": "10922836",
        "timestamp": "2026-03-23T01:12:39.647085",
        "description": "Batch automated calculation of ns and r from exact MS equations."
    },
    "model_parameters": {
        "name": "Higgs Inflation",
        "xi": 1000,
        "lambda": 0.13,
        "phi0": 5.721052631578948,
        "yi": -0.16842105263157897,
        "S": 5e-05
    },
    "numerical_settings": {
        "delta_finite_difference": 1e-05,
        "k_start_factor": 100.0
    },
    "background_info": {
        "total_efolds": 75.81252152212011,
        "exit_N_simulation": 15.448856235197686
    },
    "observables": {
        "n_s": 0.9684847888497503,
        "r": 0.0029767244090642595,
        "n_s_SR": 0.9675320930529699,
        "r_SR": 0.0030481728779636107,
        "P_S_pivot": 7.198540399732406e-07,
        "P_T_pivot": 2.1428070917518643e-09
    },
    "spectrum_scan": [
        {
            "label": "k_minus",
            "k_code": 105.33812244605252,
            "P_S": 7.198542687302214e-07,
            "P_T": 2.1428070591812257e-09
        },
        {
            "label": "k_pivot",
            "k_code": 105.3391758378109,
            "P_S": 7.198540399732406e-07,
            "P_T": 2.1428070917518643e-09
        },
        {
            "label": "k_plus",
            "k_code": 105.34022922956929,
            "P_S": 7.198538150031782e-07,
            "P_T": 2.142807134001531e-09
        }
    ]
}