{
    "metadata": {
        "run_id": "99037d1a",
        "timestamp": "2026-03-23T01:07:51.441340",
        "description": "Batch automated calculation of ns and r from exact MS equations."
    },
    "model_parameters": {
        "name": "Higgs Inflation",
        "xi": 1000,
        "lambda": 0.13,
        "phi0": 5.610526315789474,
        "yi": -0.1473684210526316,
        "S": 5e-05
    },
    "numerical_settings": {
        "delta_finite_difference": 1e-05,
        "k_start_factor": 100.0
    },
    "background_info": {
        "total_efolds": 69.42780436419724,
        "exit_N_simulation": 9.264536505005148
    },
    "observables": {
        "n_s": 0.9673258682451563,
        "r": 0.003009484313868454,
        "n_s_SR": 0.9673484146985434,
        "r_SR": 0.00308213505112241,
        "P_S_pivot": 7.119229575513353e-07,
        "P_T_pivot": 2.142520973433581e-09
    },
    "spectrum_scan": [
        {
            "label": "k_minus",
            "k_code": 0.21714057861558617,
            "P_S": 7.11923189822887e-07,
            "P_T": 2.1425209565074767e-09
        },
        {
            "label": "k_pivot",
            "k_code": 0.21714275004308659,
            "P_S": 7.119229575513353e-07,
            "P_T": 2.142520973433581e-09
        },
        {
            "label": "k_plus",
            "k_code": 0.21714492147058703,
            "P_S": 7.119227245935968e-07,
            "P_T": 2.142520989391446e-09
        }
    ]
}