{
    "metadata": {
        "run_id": "d763be3b",
        "timestamp": "2026-03-23T02:11:40.676471",
        "description": "Batch automated calculation of ns and r from exact MS equations."
    },
    "model_parameters": {
        "name": "Higgs Inflation",
        "xi": 1000,
        "lambda": 0.13,
        "phi0": 5.564285714285714,
        "yi": -0.17142857142857143,
        "S": 5e-05
    },
    "numerical_settings": {
        "delta_finite_difference": 1e-05,
        "k_start_factor": 100.0
    },
    "background_info": {
        "total_efolds": 66.37971011862513,
        "exit_N_simulation": 6.380837780367984
    },
    "observables": {
        "n_s": 0.9581746872759322,
        "r": 0.003007389256233101,
        "n_s_SR": 0.9673601194422203,
        "r_SR": 0.0030799820632304072,
        "P_S_pivot": 7.125383189790871e-07,
        "P_T_pivot": 2.142880085152101e-09
    },
    "spectrum_scan": [
        {
            "label": "k_minus",
            "k_code": 0.012144184560065533,
            "P_S": 7.125386769528431e-07,
            "P_T": 2.1428804536775247e-09
        },
        {
            "label": "k_pivot",
            "k_code": 0.012144306003125563,
            "P_S": 7.125383189790871e-07,
            "P_T": 2.142880085152101e-09
        },
        {
            "label": "k_plus",
            "k_code": 0.012144427446185595,
            "P_S": 7.125380809100334e-07,
            "P_T": 2.1428800767982364e-09
        }
    ]
}