{
    "metadata": {
        "run_id": "04e4d38b",
        "timestamp": "2026-03-23T02:11:04.304499",
        "description": "Batch automated calculation of ns and r from exact MS equations."
    },
    "model_parameters": {
        "name": "Higgs Inflation",
        "xi": 1000,
        "lambda": 0.13,
        "phi0": 5.535714285714286,
        "yi": -0.1142857142857143,
        "S": 5e-05
    },
    "numerical_settings": {
        "delta_finite_difference": 1e-05,
        "k_start_factor": 100.0
    },
    "background_info": {
        "total_efolds": 65.32631593173922,
        "exit_N_simulation": 5.351093961905264
    },
    "observables": {
        "n_s": 0.9579514364358969,
        "r": 0.0030117503371149264,
        "n_s_SR": 0.9673367773768614,
        "r_SR": 0.0030845047379281527,
        "P_S_pivot": 7.114942103339351e-07,
        "P_T_pivot": 2.142842927828547e-09
    },
    "spectrum_scan": [
        {
            "label": "k_minus",
            "k_code": 0.00433663126991835,
            "P_S": 7.114945531310279e-07,
            "P_T": 2.142843252031337e-09
        },
        {
            "label": "k_pivot",
            "k_code": 0.004336674636664717,
            "P_S": 7.114942103339351e-07,
            "P_T": 2.142842927828547e-09
        },
        {
            "label": "k_plus",
            "k_code": 0.004336718003411084,
            "P_S": 7.114939547848002e-07,
            "P_T": 2.1428428671473864e-09
        }
    ]
}