{
    "metadata": {
        "run_id": "fee6aa4d",
        "timestamp": "2026-03-22T22:15:43.256271",
        "description": "Batch automated calculation of ns and r from exact MS equations."
    },
    "model_parameters": {
        "name": "Higgs Inflation",
        "xi": 1000,
        "lambda": 0.13,
        "phi0": 5.875,
        "yi": -0.15000000000000002,
        "S": 5e-05
    },
    "numerical_settings": {
        "delta_finite_difference": 1e-05,
        "k_start_factor": 100.0
    },
    "background_info": {
        "total_efolds": 86.72729964050907,
        "exit_N_simulation": 26.79494782921126
    },
    "observables": {
        "n_s": 0.9658719183107634,
        "r": 0.0030425633456553575,
        "P_S_pivot": 7.040886163256698e-07,
        "P_T_pivot": 2.1422342161256814e-09
    },
    "spectrum_scan": [
        {
            "label": "k_minus",
            "k_code": 8914010.07832957,
            "P_S": 7.0408885728181e-07,
            "P_T": 2.142234223883389e-09
        },
        {
            "label": "k_pivot",
            "k_code": 8914099.219321763,
            "P_S": 7.040886163256698e-07,
            "P_T": 2.1422342161256814e-09
        },
        {
            "label": "k_plus",
            "k_code": 8914188.360313958,
            "P_S": 7.04088376697933e-07,
            "P_T": 2.1422342065082894e-09
        }
    ]
}