{
    "metadata": {
        "run_id": "e88bc6d8",
        "timestamp": "2026-03-23T02:10:47.331902",
        "description": "Batch automated calculation of ns and r from exact MS equations."
    },
    "model_parameters": {
        "name": "Higgs Inflation",
        "xi": 1000,
        "lambda": 0.13,
        "phi0": 5.5285714285714285,
        "yi": -0.17857142857142858,
        "S": 5e-05
    },
    "numerical_settings": {
        "delta_finite_difference": 1e-05,
        "k_start_factor": 100.0
    },
    "background_info": {
        "total_efolds": 64.43077845251874,
        "exit_N_simulation": 4.527539909910222
    },
    "observables": {
        "n_s": 0.9548172614719139,
        "r": 0.0030245309321654964,
        "n_s_SR": 0.9672890520848805,
        "r_SR": 0.0030977827102030425,
        "P_S_pivot": 7.084515463643008e-07,
        "P_T_pivot": 2.142733615919306e-09
    },
    "spectrum_scan": [
        {
            "label": "k_minus",
            "k_code": 0.0019031647434768766,
            "P_S": 7.084518447970727e-07,
            "P_T": 2.1427338079736254e-09
        },
        {
            "label": "k_pivot",
            "k_code": 0.0019031837753146297,
            "P_S": 7.084515463643008e-07,
            "P_T": 2.142733615919306e-09
        },
        {
            "label": "k_plus",
            "k_code": 0.001903202807152383,
            "P_S": 7.084512046014734e-07,
            "P_T": 2.14273329054583e-09
        }
    ]
}