{
    "metadata": {
        "run_id": "6fb5e57f",
        "timestamp": "2026-03-23T02:04:00.911301",
        "description": "Batch automated calculation of ns and r from exact MS equations."
    },
    "model_parameters": {
        "name": "Higgs Inflation",
        "xi": 1000,
        "lambda": 0.13,
        "phi0": 5.533333333333333,
        "yi": -0.11111111111111112,
        "S": 5e-05
    },
    "numerical_settings": {
        "delta_finite_difference": 1e-05,
        "k_start_factor": 100.0
    },
    "background_info": {
        "total_efolds": 65.357448059218,
        "exit_N_simulation": 5.145284260086222
    },
    "observables": {
        "n_s": 0.9675008102623016,
        "r": 0.003001907739949489,
        "n_s_SR": 0.9673928386225562,
        "r_SR": 0.003074282041617663,
        "P_S_pivot": 7.137417746872897e-07,
        "P_T_pivot": 2.142586957759059e-09
    },
    "spectrum_scan": [
        {
            "label": "k_minus",
            "k_code": 0.003530035585823817,
            "P_S": 7.137420076579078e-07,
            "P_T": 2.14258693915994e-09
        },
        {
            "label": "k_pivot",
            "k_code": 0.003530070886532682,
            "P_S": 7.137417746872897e-07,
            "P_T": 2.142586957759059e-09
        },
        {
            "label": "k_plus",
            "k_code": 0.0035301061872415477,
            "P_S": 7.137415437373198e-07,
            "P_T": 2.142586979980979e-09
        }
    ]
}