{
    "metadata": {
        "run_id": "96d524ae",
        "timestamp": "2026-03-23T01:15:18.169103",
        "description": "Batch automated calculation of ns and r from exact MS equations."
    },
    "model_parameters": {
        "name": "Higgs Inflation",
        "xi": 1000,
        "lambda": 0.13,
        "phi0": 5.784210526315789,
        "yi": -0.19473684210526318,
        "S": 5e-05
    },
    "numerical_settings": {
        "delta_finite_difference": 1e-05,
        "k_start_factor": 100.0
    },
    "background_info": {
        "total_efolds": 79.77570318872347,
        "exit_N_simulation": 19.573256182554957
    },
    "observables": {
        "n_s": 0.9674850824847764,
        "r": 0.003003432651619607,
        "n_s_SR": 0.967382274057742,
        "r_SR": 0.0030758605371013575,
        "P_S_pivot": 7.133749664137231e-07,
        "P_T_pivot": 2.1425736669750166e-09
    },
    "spectrum_scan": [
        {
            "label": "k_minus",
            "k_code": 6512.779023562511,
            "P_S": 7.133751982875755e-07,
            "P_T": 2.142573645685245e-09
        },
        {
            "label": "k_pivot",
            "k_code": 6512.844152004031,
            "P_S": 7.133749664137231e-07,
            "P_T": 2.1425736669750166e-09
        },
        {
            "label": "k_plus",
            "k_code": 6512.909280445551,
            "P_S": 7.133747343810115e-07,
            "P_T": 2.1425736862965214e-09
        }
    ]
}