{
    "metadata": {
        "run_id": "af778598",
        "timestamp": "2026-03-23T01:10:28.756552",
        "description": "Batch automated calculation of ns and r from exact MS equations."
    },
    "model_parameters": {
        "name": "Higgs Inflation",
        "xi": 1000,
        "lambda": 0.13,
        "phi0": 5.673684210526316,
        "yi": -0.17894736842105263,
        "S": 5e-05
    },
    "numerical_settings": {
        "delta_finite_difference": 1e-05,
        "k_start_factor": 100.0
    },
    "background_info": {
        "total_efolds": 72.73683079232487,
        "exit_N_simulation": 12.356425999281045
    },
    "observables": {
        "n_s": 0.9686079066316825,
        "r": 0.002973761412626015,
        "n_s_SR": 0.9675487520938253,
        "r_SR": 0.003045101601269828,
        "P_S_pivot": 7.205800262824985e-07,
        "P_T_pivot": 2.1428330768679338e-09
    },
    "spectrum_scan": [
        {
            "label": "k_minus",
            "k_code": 4.781484859079915,
            "P_S": 7.205802538210263e-07,
            "P_T": 2.1428330362505057e-09
        },
        {
            "label": "k_pivot",
            "k_code": 4.781532674406659,
            "P_S": 7.205800262824985e-07,
            "P_T": 2.1428330768679338e-09
        },
        {
            "label": "k_plus",
            "k_code": 4.781580489733403,
            "P_S": 7.205798014107157e-07,
            "P_T": 2.1428331166128976e-09
        }
    ]
}