{
    "metadata": {
        "run_id": "b6ef88a5",
        "timestamp": "2026-03-23T02:10:50.585082",
        "description": "Batch automated calculation of ns and r from exact MS equations."
    },
    "model_parameters": {
        "name": "Higgs Inflation",
        "xi": 1000,
        "lambda": 0.13,
        "phi0": 5.5285714285714285,
        "yi": -0.14285714285714285,
        "S": 5e-05
    },
    "numerical_settings": {
        "delta_finite_difference": 1e-05,
        "k_start_factor": 100.0
    },
    "background_info": {
        "total_efolds": 64.69500559771652,
        "exit_N_simulation": 4.7334404375266335
    },
    "observables": {
        "n_s": 0.9579833795081736,
        "r": 0.0030142307750491075,
        "n_s_SR": 0.9673317603707141,
        "r_SR": 0.0030870858486165545,
        "P_S_pivot": 7.109016389672188e-07,
        "P_T_pivot": 2.1428215982078408e-09
    },
    "spectrum_scan": [
        {
            "label": "k_minus",
            "k_code": 0.002338335468918891,
            "P_S": 7.109019676840238e-07,
            "P_T": 2.1428218811074848e-09
        },
        {
            "label": "k_pivot",
            "k_code": 0.0023383588525074162,
            "P_S": 7.109016389672188e-07,
            "P_T": 2.1428215982078408e-09
        },
        {
            "label": "k_plus",
            "k_code": 0.0023383822360959414,
            "P_S": 7.109013702903113e-07,
            "P_T": 2.1428214976176106e-09
        }
    ]
}