{
    "metadata": {
        "run_id": "5ab097b4",
        "timestamp": "2026-03-23T01:05:05.350480",
        "description": "Batch automated calculation of ns and r from exact MS equations."
    },
    "model_parameters": {
        "name": "Higgs Inflation",
        "xi": 1000,
        "lambda": 0.13,
        "phi0": 5.5473684210526315,
        "yi": -0.13157894736842107,
        "S": 5e-05
    },
    "numerical_settings": {
        "delta_finite_difference": 1e-05,
        "k_start_factor": 100.0
    },
    "background_info": {
        "total_efolds": 66.09600837326641,
        "exit_N_simulation": 6.174423319903367
    },
    "observables": {
        "n_s": 0.9658877146497435,
        "r": 0.0030440205562390988,
        "n_s_SR": 0.9671559053358703,
        "r_SR": 0.0031179460462389336,
        "P_S_pivot": 7.037474300993425e-07,
        "P_T_pivot": 2.1422216436228368e-09
    },
    "spectrum_scan": [
        {
            "label": "k_minus",
            "k_code": 0.009878519203733498,
            "P_S": 7.037476692678596e-07,
            "P_T": 2.142221648640195e-09
        },
        {
            "label": "k_pivot",
            "k_code": 0.009878617989913397,
            "P_S": 7.037474300993425e-07,
            "P_T": 2.1422216436228368e-09
        },
        {
            "label": "k_plus",
            "k_code": 0.009878716776093296,
            "P_S": 7.037471891391974e-07,
            "P_T": 2.142221631816991e-09
        }
    ]
}