{
    "metadata": {
        "run_id": "696ca175",
        "timestamp": "2026-03-23T02:10:12.703507",
        "description": "Batch automated calculation of ns and r from exact MS equations."
    },
    "model_parameters": {
        "name": "Higgs Inflation",
        "xi": 1000,
        "lambda": 0.13,
        "phi0": 5.5,
        "yi": -0.18571428571428572,
        "S": 5e-05
    },
    "numerical_settings": {
        "delta_finite_difference": 1e-05,
        "k_start_factor": 100.0
    },
    "background_info": {
        "total_efolds": 62.813411527958394,
        "exit_N_simulation": 2.8808547570693133
    },
    "observables": {
        "n_s": 1.0715701657901966,
        "r": 0.0030198977929783576,
        "n_s_SR": 0.9710062737903087,
        "r_SR": 0.00309623932366224,
        "P_S_pivot": 7.086958483172646e-07,
        "P_T_pivot": 2.140189028226232e-09
    },
    "spectrum_scan": [
        {
            "label": "k_minus",
            "k_code": 0.0003667200028341274,
            "P_S": 7.086953416120926e-07,
            "P_T": 2.1401868016551202e-09
        },
        {
            "label": "k_pivot",
            "k_code": 0.0003667236700708281,
            "P_S": 7.086958483172646e-07,
            "P_T": 2.140189028226232e-09
        },
        {
            "label": "k_plus",
            "k_code": 0.0003667273373075288,
            "P_S": 7.086963560416811e-07,
            "P_T": 2.140191255083716e-09
        }
    ]
}