{
    "metadata": {
        "run_id": "151750ea",
        "timestamp": "2026-03-23T02:10:17.706975",
        "description": "Batch automated calculation of ns and r from exact MS equations."
    },
    "model_parameters": {
        "name": "Higgs Inflation",
        "xi": 1000,
        "lambda": 0.13,
        "phi0": 5.5,
        "yi": -0.1142857142857143,
        "S": 5e-05
    },
    "numerical_settings": {
        "delta_finite_difference": 1e-05,
        "k_start_factor": 100.0
    },
    "background_info": {
        "total_efolds": 63.42785168572635,
        "exit_N_simulation": 3.4982014385685822
    },
    "observables": {
        "n_s": 0.9747570120347081,
        "r": 0.003019998498661956,
        "n_s_SR": 0.9675883428603609,
        "r_SR": 0.003093284297701962,
        "P_S_pivot": 7.089592488675951e-07,
        "P_T_pivot": 2.1410558671926454e-09
    },
    "spectrum_scan": [
        {
            "label": "k_minus",
            "k_code": 0.000679898962544061,
            "P_S": 7.089594283855321e-07,
            "P_T": 2.141055664507321e-09
        },
        {
            "label": "k_pivot",
            "k_code": 0.000679905761601677,
            "P_S": 7.089592488675951e-07,
            "P_T": 2.1410558671926454e-09
        },
        {
            "label": "k_plus",
            "k_code": 0.000679912560659293,
            "P_S": 7.089590704605359e-07,
            "P_T": 2.1410560699929443e-09
        }
    ]
}