{
    "metadata": {
        "run_id": "9b447f51",
        "timestamp": "2026-03-23T01:15:16.097552",
        "description": "Batch automated calculation of ns and r from exact MS equations."
    },
    "model_parameters": {
        "name": "Higgs Inflation",
        "xi": 1000,
        "lambda": 0.13,
        "phi0": 5.784210526315789,
        "yi": -0.2,
        "S": 5e-05
    },
    "numerical_settings": {
        "delta_finite_difference": 1e-05,
        "k_start_factor": 100.0
    },
    "background_info": {
        "total_efolds": 79.7406618166526,
        "exit_N_simulation": 19.57310454872467
    },
    "observables": {
        "n_s": 0.9672963869395982,
        "r": 0.0030088291111693595,
        "n_s_SR": 0.9673520786686043,
        "r_SR": 0.003081454613414758,
        "P_S_pivot": 7.120798812941602e-07,
        "P_T_pivot": 2.142526676315891e-09
    },
    "spectrum_scan": [
        {
            "label": "k_minus",
            "k_code": 6511.720930459184,
            "P_S": 7.120801144846864e-07,
            "P_T": 2.142526659863617e-09
        },
        {
            "label": "k_pivot",
            "k_code": 6511.786048319667,
            "P_S": 7.120798812941602e-07,
            "P_T": 2.142526676315891e-09
        },
        {
            "label": "k_plus",
            "k_code": 6511.851166180151,
            "P_S": 7.120796487329872e-07,
            "P_T": 2.142526694064564e-09
        }
    ]
}