{
    "metadata": {
        "run_id": "63ae6a7a",
        "timestamp": "2026-03-23T01:08:31.667725",
        "description": "Batch automated calculation of ns and r from exact MS equations."
    },
    "model_parameters": {
        "name": "Higgs Inflation",
        "xi": 1000,
        "lambda": 0.13,
        "phi0": 5.626315789473684,
        "yi": -0.15263157894736842,
        "S": 5e-05
    },
    "numerical_settings": {
        "delta_finite_difference": 1e-05,
        "k_start_factor": 100.0
    },
    "background_info": {
        "total_efolds": 70.35797677859935,
        "exit_N_simulation": 10.294498736193702
    },
    "observables": {
        "n_s": 0.9666312543677412,
        "r": 0.00302426447465072,
        "n_s_SR": 0.9672658524750609,
        "r_SR": 0.003097459716656563,
        "P_S_pivot": 7.084012007770042e-07,
        "P_T_pivot": 2.1423925853098055e-09
    },
    "spectrum_scan": [
        {
            "label": "k_minus",
            "k_code": 0.6081840535378028,
            "P_S": 7.084014377668999e-07,
            "P_T": 2.142392581202047e-09
        },
        {
            "label": "k_pivot",
            "k_code": 0.6081901354391571,
            "P_S": 7.084012007770042e-07,
            "P_T": 2.1423925853098055e-09
        },
        {
            "label": "k_plus",
            "k_code": 0.6081962173405115,
            "P_S": 7.084009649977097e-07,
            "P_T": 2.142392588120776e-09
        }
    ]
}