{
    "metadata": {
        "run_id": "e4dabdea",
        "timestamp": "2026-03-23T02:11:20.878646",
        "description": "Batch automated calculation of ns and r from exact MS equations."
    },
    "model_parameters": {
        "name": "Higgs Inflation",
        "xi": 1000,
        "lambda": 0.13,
        "phi0": 5.55,
        "yi": -0.15714285714285714,
        "S": 5e-05
    },
    "numerical_settings": {
        "delta_finite_difference": 1e-05,
        "k_start_factor": 100.0
    },
    "background_info": {
        "total_efolds": 65.73611122135456,
        "exit_N_simulation": 5.762977983568903
    },
    "observables": {
        "n_s": 0.9579819340847474,
        "r": 0.003012131520406131,
        "n_s_SR": 0.967334022096239,
        "r_SR": 0.0030848992710092176,
        "P_S_pivot": 7.114031413407849e-07,
        "P_T_pivot": 2.142839825748516e-09
    },
    "spectrum_scan": [
        {
            "label": "k_minus",
            "k_code": 0.006546830884058159,
            "P_S": 7.11403441866014e-07,
            "P_T": 2.14284002088716e-09
        },
        {
            "label": "k_pivot",
            "k_code": 0.006546896353021689,
            "P_S": 7.114031413407849e-07,
            "P_T": 2.142839825748516e-09
        },
        {
            "label": "k_plus",
            "k_code": 0.00654696182198522,
            "P_S": 7.114028440303313e-07,
            "P_T": 2.1428396384839922e-09
        }
    ]
}