{
    "metadata": {
        "run_id": "0bee5da0",
        "timestamp": "2026-03-23T01:06:02.664367",
        "description": "Batch automated calculation of ns and r from exact MS equations."
    },
    "model_parameters": {
        "name": "Higgs Inflation",
        "xi": 1000,
        "lambda": 0.13,
        "phi0": 5.563157894736842,
        "yi": -0.1,
        "S": 5e-05
    },
    "numerical_settings": {
        "delta_finite_difference": 1e-05,
        "k_start_factor": 100.0
    },
    "background_info": {
        "total_efolds": 67.22313834505431,
        "exit_N_simulation": 7.204229415986412
    },
    "observables": {
        "n_s": 0.9662946375006934,
        "r": 0.00303060989972094,
        "n_s_SR": 0.9672304682745198,
        "r_SR": 0.0031040394563912506,
        "P_S_pivot": 7.068998201040673e-07,
        "P_T_pivot": 2.142337592918338e-09
    },
    "spectrum_scan": [
        {
            "label": "k_minus",
            "k_code": 0.02766575949801078,
            "P_S": 7.069000589676489e-07,
            "P_T": 2.142337595233771e-09
        },
        {
            "label": "k_pivot",
            "k_code": 0.027666036158372362,
            "P_S": 7.068998201040673e-07,
            "P_T": 2.142337592918338e-09
        },
        {
            "label": "k_plus",
            "k_code": 0.027666312818733947,
            "P_S": 7.068995824413542e-07,
            "P_T": 2.1423375941381295e-09
        }
    ]
}