{
    "metadata": {
        "run_id": "59f7ed2f",
        "timestamp": "2026-03-23T01:11:40.479899",
        "description": "Batch automated calculation of ns and r from exact MS equations."
    },
    "model_parameters": {
        "name": "Higgs Inflation",
        "xi": 1000,
        "lambda": 0.13,
        "phi0": 5.689473684210526,
        "yi": -0.10526315789473685,
        "S": 5e-05
    },
    "numerical_settings": {
        "delta_finite_difference": 1e-05,
        "k_start_factor": 100.0
    },
    "background_info": {
        "total_efolds": 74.59577459743127,
        "exit_N_simulation": 14.417070797011206
    },
    "observables": {
        "n_s": 0.9671291420542689,
        "r": 0.0030071181986905714,
        "n_s_SR": 0.9673616495418969,
        "r_SR": 0.0030796815451331555,
        "P_S_pivot": 7.124899729268269e-07,
        "P_T_pivot": 2.142541563972814e-09
    },
    "spectrum_scan": [
        {
            "label": "k_minus",
            "k_code": 37.5370609616978,
            "P_S": 7.124902091188562e-07,
            "P_T": 2.142541554671022e-09
        },
        {
            "label": "k_pivot",
            "k_code": 37.537436336061155,
            "P_S": 7.124899729268269e-07,
            "P_T": 2.142541563972814e-09
        },
        {
            "label": "k_plus",
            "k_code": 37.53781171042452,
            "P_S": 7.124897407157214e-07,
            "P_T": 2.142541581263348e-09
        }
    ]
}