{
    "metadata": {
        "run_id": "31b1103a",
        "timestamp": "2026-03-23T02:11:18.177101",
        "description": "Batch automated calculation of ns and r from exact MS equations."
    },
    "model_parameters": {
        "name": "Higgs Inflation",
        "xi": 1000,
        "lambda": 0.13,
        "phi0": 5.55,
        "yi": -0.18571428571428572,
        "S": 5e-05
    },
    "numerical_settings": {
        "delta_finite_difference": 1e-05,
        "k_start_factor": 100.0
    },
    "background_info": {
        "total_efolds": 65.50444469125738,
        "exit_N_simulation": 5.557070302665629
    },
    "observables": {
        "n_s": 0.9578589426010841,
        "r": 0.0030167806423381633,
        "n_s_SR": 0.9673087065372596,
        "r_SR": 0.003089720253766835,
        "P_S_pivot": 7.102936787498177e-07,
        "P_T_pivot": 2.142800220427612e-09
    },
    "spectrum_scan": [
        {
            "label": "k_minus",
            "k_code": 0.005328469709485226,
            "P_S": 7.10293978181815e-07,
            "P_T": 2.1428004158688308e-09
        },
        {
            "label": "k_pivot",
            "k_code": 0.0053285229947151735,
            "P_S": 7.102936787498177e-07,
            "P_T": 2.142800220427612e-09
        },
        {
            "label": "k_plus",
            "k_code": 0.005328576279945121,
            "P_S": 7.102933795312799e-07,
            "P_T": 2.1428000288741323e-09
        }
    ]
}