{
    "metadata": {
        "run_id": "b23772d9",
        "timestamp": "2026-03-23T02:07:47.527698",
        "description": "Batch automated calculation of ns and r from exact MS equations."
    },
    "model_parameters": {
        "name": "Higgs Inflation",
        "xi": 1000,
        "lambda": 0.13,
        "phi0": 5.45,
        "yi": -0.1,
        "S": 5e-05
    },
    "numerical_settings": {
        "delta_finite_difference": 1e-05,
        "k_start_factor": 100.0
    },
    "background_info": {
        "total_efolds": 60.94098015796278,
        "exit_N_simulation": 1.028686340569811
    },
    "observables": {
        "n_s": 0.9307534526628888,
        "r": 0.0030177167260863696,
        "n_s_SR": 1.347089170292239,
        "r_SR": 0.0035237545253528524,
        "P_S_pivot": 8.021563576596551e-07,
        "P_T_pivot": 2.4206806574460613e-09
    },
    "spectrum_scan": [
        {
            "label": "k_minus",
            "k_code": 5.753720444433442e-05,
            "P_S": 8.021569116417829e-07,
            "P_T": 2.4206820292881533e-09
        },
        {
            "label": "k_pivot",
            "k_code": 5.753777982213264e-05,
            "P_S": 8.021563576596551e-07,
            "P_T": 2.4206806574460613e-09
        },
        {
            "label": "k_plus",
            "k_code": 5.753835519993086e-05,
            "P_S": 8.021558007106203e-07,
            "P_T": 2.4206792849910354e-09
        }
    ]
}