{
    "metadata": {
        "run_id": "330b8c88",
        "timestamp": "2026-03-23T02:12:26.113598",
        "description": "Batch automated calculation of ns and r from exact MS equations."
    },
    "model_parameters": {
        "name": "Higgs Inflation",
        "xi": 1000,
        "lambda": 0.13,
        "phi0": 5.5928571428571425,
        "yi": -0.16428571428571428,
        "S": 5e-05
    },
    "numerical_settings": {
        "delta_finite_difference": 1e-05,
        "k_start_factor": 100.0
    },
    "background_info": {
        "total_efolds": 68.1419455104115,
        "exit_N_simulation": 8.234296333520799
    },
    "observables": {
        "n_s": 0.9574087381949452,
        "r": 0.003023770092713272,
        "n_s_SR": 0.9672685088169738,
        "r_SR": 0.0030969661650671883,
        "P_S_pivot": 7.086321872235421e-07,
        "P_T_pivot": 2.1427408144605384e-09
    },
    "spectrum_scan": [
        {
            "label": "k_minus",
            "k_code": 0.07749985821055329,
            "P_S": 7.086324896190255e-07,
            "P_T": 2.1427410167879605e-09
        },
        {
            "label": "k_pivot",
            "k_code": 0.07750063321688545,
            "P_S": 7.086321872235421e-07,
            "P_T": 2.1427408144605384e-09
        },
        {
            "label": "k_plus",
            "k_code": 0.07750140822321763,
            "P_S": 7.08631885988244e-07,
            "P_T": 2.142740612265407e-09
        }
    ]
}