{
    "metadata": {
        "run_id": "5e1025fd",
        "timestamp": "2026-03-23T01:06:24.286900",
        "description": "Batch automated calculation of ns and r from exact MS equations."
    },
    "model_parameters": {
        "name": "Higgs Inflation",
        "xi": 1000,
        "lambda": 0.13,
        "phi0": 5.578947368421052,
        "yi": -0.15263157894736842,
        "S": 5e-05
    },
    "numerical_settings": {
        "delta_finite_difference": 1e-05,
        "k_start_factor": 100.0
    },
    "background_info": {
        "total_efolds": 67.48512177366929,
        "exit_N_simulation": 7.204824475980607
    },
    "observables": {
        "n_s": 0.9653931625164208,
        "r": 0.002990925287625467,
        "n_s_SR": 0.9674523618501789,
        "r_SR": 0.0030628943615297055,
        "P_S_pivot": 7.163946256026939e-07,
        "P_T_pivot": 2.1426828016340762e-09
    },
    "spectrum_scan": [
        {
            "label": "k_minus",
            "k_code": 0.027684433026433995,
            "P_S": 7.16394855892359e-07,
            "P_T": 2.1426827760630796e-09
        },
        {
            "label": "k_pivot",
            "k_code": 0.02768470987353273,
            "P_S": 7.163946256026939e-07,
            "P_T": 2.1426828016340762e-09
        },
        {
            "label": "k_plus",
            "k_code": 0.02768498672063147,
            "P_S": 7.163943600493225e-07,
            "P_T": 2.142682722812483e-09
        }
    ]
}