{
    "metadata": {
        "run_id": "777212da",
        "timestamp": "2026-03-23T01:16:29.696899",
        "description": "Batch automated calculation of ns and r from exact MS equations."
    },
    "model_parameters": {
        "name": "Higgs Inflation",
        "xi": 1000,
        "lambda": 0.13,
        "phi0": 5.8,
        "yi": -0.12105263157894738,
        "S": 5e-05
    },
    "numerical_settings": {
        "delta_finite_difference": 1e-05,
        "k_start_factor": 100.0
    },
    "background_info": {
        "total_efolds": 81.71377687565852,
        "exit_N_simulation": 21.635765303492846
    },
    "observables": {
        "n_s": 0.966692859400573,
        "r": 0.0030221634470417365,
        "n_s_SR": 0.9672775766962621,
        "r_SR": 0.003095279902986892,
        "P_S_pivot": 7.088997153112107e-07,
        "P_T_pivot": 2.1424108072318342e-09
    },
    "spectrum_scan": [
        {
            "label": "k_minus",
            "k_code": 51225.51640050473,
            "P_S": 7.088999516753795e-07,
            "P_T": 2.142410800705417e-09
        },
        {
            "label": "k_pivot",
            "k_code": 51226.02866079134,
            "P_S": 7.088997153112107e-07,
            "P_T": 2.1424108072318342e-09
        },
        {
            "label": "k_plus",
            "k_code": 51226.54092107795,
            "P_S": 7.0889947944693e-07,
            "P_T": 2.142410812841814e-09
        }
    ]
}