{
    "metadata": {
        "run_id": "8879bb3c",
        "timestamp": "2026-03-23T02:11:21.628934",
        "description": "Batch automated calculation of ns and r from exact MS equations."
    },
    "model_parameters": {
        "name": "Higgs Inflation",
        "xi": 1000,
        "lambda": 0.13,
        "phi0": 5.55,
        "yi": -0.15000000000000002,
        "S": 5e-05
    },
    "numerical_settings": {
        "delta_finite_difference": 1e-05,
        "k_start_factor": 100.0
    },
    "background_info": {
        "total_efolds": 65.76920618812474,
        "exit_N_simulation": 5.763030316164571
    },
    "observables": {
        "n_s": 0.9535479626745851,
        "r": 0.0030060254529404983,
        "n_s_SR": 0.9673681422410809,
        "r_SR": 0.0030785685237815393,
        "P_S_pivot": 7.128655182853916e-07,
        "P_T_pivot": 2.1428918924895074e-09
    },
    "spectrum_scan": [
        {
            "label": "k_minus",
            "k_code": 0.006547253797068246,
            "P_S": 7.128658176250368e-07,
            "P_T": 2.142892080959204e-09
        },
        {
            "label": "k_pivot",
            "k_code": 0.006547319270260948,
            "P_S": 7.128655182853916e-07,
            "P_T": 2.1428918924895074e-09
        },
        {
            "label": "k_plus",
            "k_code": 0.006547384743453652,
            "P_S": 7.128651553439531e-07,
            "P_T": 2.1428915079261157e-09
        }
    ]
}