{
    "metadata": {
        "run_id": "ceff809f",
        "timestamp": "2026-03-23T02:10:19.714777",
        "description": "Batch automated calculation of ns and r from exact MS equations."
    },
    "model_parameters": {
        "name": "Higgs Inflation",
        "xi": 1000,
        "lambda": 0.13,
        "phi0": 5.507142857142857,
        "yi": -0.19285714285714287,
        "S": 5e-05
    },
    "numerical_settings": {
        "delta_finite_difference": 1e-05,
        "k_start_factor": 100.0
    },
    "background_info": {
        "total_efolds": 63.07903057791149,
        "exit_N_simulation": 3.0867496367081735
    },
    "observables": {
        "n_s": 0.9819217554995252,
        "r": 0.0030085784747274423,
        "n_s_SR": 0.9694530057286099,
        "r_SR": 0.0030833860284269618,
        "P_S_pivot": 7.137999365826489e-07,
        "P_T_pivot": 2.147523124464371e-09
    },
    "spectrum_scan": [
        {
            "label": "k_minus",
            "k_code": 0.00045057076220730955,
            "P_S": 7.138000650012592e-07,
            "P_T": 2.1475229274760983e-09
        },
        {
            "label": "k_pivot",
            "k_code": 0.00045057526795998915,
            "P_S": 7.137999365826489e-07,
            "P_T": 2.147523124464371e-09
        },
        {
            "label": "k_plus",
            "k_code": 0.0004505797737126688,
            "P_S": 7.137998069162644e-07,
            "P_T": 2.1475233207584464e-09
        }
    ]
}