{
    "metadata": {
        "run_id": "0b018e4f",
        "timestamp": "2026-03-23T02:03:23.062796",
        "description": "Batch automated calculation of ns and r from exact MS equations."
    },
    "model_parameters": {
        "name": "Higgs Inflation",
        "xi": 1000,
        "lambda": 0.13,
        "phi0": 5.511111111111111,
        "yi": -0.2,
        "S": 5e-05
    },
    "numerical_settings": {
        "delta_finite_difference": 1e-05,
        "k_start_factor": 100.0
    },
    "background_info": {
        "total_efolds": 63.346613476376255,
        "exit_N_simulation": 3.0868487653440067
    },
    "observables": {
        "n_s": 0.9816768995418059,
        "r": 0.0029942412134750266,
        "n_s_SR": 0.9696364121864902,
        "r_SR": 0.0030686121043256463,
        "P_S_pivot": 7.172600594459559e-07,
        "P_T_pivot": 2.147649630772629e-09
    },
    "spectrum_scan": [
        {
            "label": "k_minus",
            "k_code": 0.0004506284251313127,
            "P_S": 7.172601902976019e-07,
            "P_T": 2.147649440291849e-09
        },
        {
            "label": "k_pivot",
            "k_code": 0.0004506329314606273,
            "P_S": 7.172600594459559e-07,
            "P_T": 2.147649630772629e-09
        },
        {
            "label": "k_plus",
            "k_code": 0.00045063743778994193,
            "P_S": 7.172599274490391e-07,
            "P_T": 2.147649819088887e-09
        }
    ]
}