{
    "metadata": {
        "run_id": "05decc53",
        "timestamp": "2026-03-23T02:10:52.897359",
        "description": "Batch automated calculation of ns and r from exact MS equations."
    },
    "model_parameters": {
        "name": "Higgs Inflation",
        "xi": 1000,
        "lambda": 0.13,
        "phi0": 5.5285714285714285,
        "yi": -0.12142857142857143,
        "S": 5e-05
    },
    "numerical_settings": {
        "delta_finite_difference": 1e-05,
        "k_start_factor": 100.0
    },
    "background_info": {
        "total_efolds": 64.89152976683012,
        "exit_N_simulation": 4.939275130736995
    },
    "observables": {
        "n_s": 0.9609656912371917,
        "r": 0.003015907005023307,
        "n_s_SR": 0.9673166906837578,
        "r_SR": 0.0030888177252712695,
        "P_S_pivot": 7.105018415433809e-07,
        "P_T_pivot": 2.142807480992642e-09
    },
    "spectrum_scan": [
        {
            "label": "k_minus",
            "k_code": 0.0028727526126017615,
            "P_S": 7.105021267919812e-07,
            "P_T": 2.142807629496409e-09
        },
        {
            "label": "k_pivot",
            "k_code": 0.0028727813404151657,
            "P_S": 7.105018415433809e-07,
            "P_T": 2.142807480992642e-09
        },
        {
            "label": "k_plus",
            "k_code": 0.00287281006822857,
            "P_S": 7.105015721130099e-07,
            "P_T": 2.142807376373267e-09
        }
    ]
}