{
    "metadata": {
        "run_id": "c26dd2b2",
        "timestamp": "2026-03-23T01:12:48.159529",
        "description": "Batch automated calculation of ns and r from exact MS equations."
    },
    "model_parameters": {
        "name": "Higgs Inflation",
        "xi": 1000,
        "lambda": 0.13,
        "phi0": 5.721052631578948,
        "yi": -0.1473684210526316,
        "S": 5e-05
    },
    "numerical_settings": {
        "delta_finite_difference": 1e-05,
        "k_start_factor": 100.0
    },
    "background_info": {
        "total_efolds": 76.3173042354028,
        "exit_N_simulation": 16.47787820990604
    },
    "observables": {
        "n_s": 0.9654764035756757,
        "r": 0.0030549637548789544,
        "n_s_SR": 0.9670949691377341,
        "r_SR": 0.0031292940235438113,
        "P_S_pivot": 7.011956447712578e-07,
        "P_T_pivot": 2.1421272798551712e-09
    },
    "spectrum_scan": [
        {
            "label": "k_minus",
            "k_code": 294.72431628790895,
            "P_S": 7.011958864258558e-07,
            "P_T": 2.14212729382862e-09
        },
        {
            "label": "k_pivot",
            "k_code": 294.72726356054454,
            "P_S": 7.011956447712578e-07,
            "P_T": 2.1421272798551712e-09
        },
        {
            "label": "k_plus",
            "k_code": 294.7302108331802,
            "P_S": 7.011954022699465e-07,
            "P_T": 2.142127262982451e-09
        }
    ]
}