{
    "metadata": {
        "run_id": "a52f64a4",
        "timestamp": "2026-03-23T02:11:11.823695",
        "description": "Batch automated calculation of ns and r from exact MS equations."
    },
    "model_parameters": {
        "name": "Higgs Inflation",
        "xi": 1000,
        "lambda": 0.13,
        "phi0": 5.542857142857143,
        "yi": -0.14285714285714285,
        "S": 5e-05
    },
    "numerical_settings": {
        "delta_finite_difference": 1e-05,
        "k_start_factor": 100.0
    },
    "background_info": {
        "total_efolds": 65.497101409489,
        "exit_N_simulation": 5.556980104478544
    },
    "observables": {
        "n_s": 0.9577020134666111,
        "r": 0.003018072817621281,
        "n_s_SR": 0.9673011499518002,
        "r_SR": 0.0030910597394827864,
        "P_S_pivot": 7.099859287105537e-07,
        "P_T_pivot": 2.1427892323349227e-09
    },
    "spectrum_scan": [
        {
            "label": "k_minus",
            "k_code": 0.0053279753044193,
            "P_S": 7.099862283578381e-07,
            "P_T": 2.1427894294682043e-09
        },
        {
            "label": "k_pivot",
            "k_code": 0.0053280285847051466,
            "P_S": 7.099859287105537e-07,
            "P_T": 2.1427892323349227e-09
        },
        {
            "label": "k_plus",
            "k_code": 0.005328081864990994,
            "P_S": 7.099856277383338e-07,
            "P_T": 2.1427890345338835e-09
        }
    ]
}