{
    "metadata": {
        "run_id": "d2662032",
        "timestamp": "2026-03-23T02:11:32.384251",
        "description": "Batch automated calculation of ns and r from exact MS equations."
    },
    "model_parameters": {
        "name": "Higgs Inflation",
        "xi": 1000,
        "lambda": 0.13,
        "phi0": 5.557142857142857,
        "yi": -0.15000000000000002,
        "S": 5e-05
    },
    "numerical_settings": {
        "delta_finite_difference": 1e-05,
        "k_start_factor": 100.0
    },
    "background_info": {
        "total_efolds": 66.17354624713053,
        "exit_N_simulation": 6.174864789695789
    },
    "observables": {
        "n_s": 0.9579513646710806,
        "r": 0.0030074247879884252,
        "n_s_SR": 0.9673599708790824,
        "r_SR": 0.0030800189789854304,
        "P_S_pivot": 7.125298594780775e-07,
        "P_T_pivot": 2.1428799615762797e-09
    },
    "spectrum_scan": [
        {
            "label": "k_minus",
            "k_code": 0.00988360531987557,
            "P_S": 7.125301581034229e-07,
            "P_T": 2.1428801527732926e-09
        },
        {
            "label": "k_pivot",
            "k_code": 0.009883704156917139,
            "P_S": 7.125298594780775e-07,
            "P_T": 2.1428799615762797e-09
        },
        {
            "label": "k_plus",
            "k_code": 0.00988380299395871,
            "P_S": 7.125295588852604e-07,
            "P_T": 2.1428797708710766e-09
        }
    ]
}