{
    "metadata": {
        "run_id": "149f54f0",
        "timestamp": "2026-03-23T01:06:43.424636",
        "description": "Batch automated calculation of ns and r from exact MS equations."
    },
    "model_parameters": {
        "name": "Higgs Inflation",
        "xi": 1000,
        "lambda": 0.13,
        "phi0": 5.578947368421052,
        "yi": -0.10526315789473685,
        "S": 5e-05
    },
    "numerical_settings": {
        "delta_finite_difference": 1e-05,
        "k_start_factor": 100.0
    },
    "background_info": {
        "total_efolds": 68.12380330768417,
        "exit_N_simulation": 8.23384740586392
    },
    "observables": {
        "n_s": 0.9657711637023179,
        "r": 0.0030482683963594342,
        "n_s_SR": 0.9671321679953674,
        "r_SR": 0.0031223510585166618,
        "P_S_pivot": 7.027547137874338e-07,
        "P_T_pivot": 2.142184984430854e-09
    },
    "spectrum_scan": [
        {
            "label": "k_minus",
            "k_code": 0.07746128227821558,
            "P_S": 7.027549550432679e-07,
            "P_T": 2.1421849946158844e-09
        },
        {
            "label": "k_pivot",
            "k_code": 0.07746205689878456,
            "P_S": 7.027547137874338e-07,
            "P_T": 2.142184984430854e-09
        },
        {
            "label": "k_plus",
            "k_code": 0.07746283151935356,
            "P_S": 7.027544739537461e-07,
            "P_T": 2.142184975427832e-09
        }
    ]
}