{
    "metadata": {
        "run_id": "26a17731",
        "timestamp": "2026-03-23T02:10:52.066474",
        "description": "Batch automated calculation of ns and r from exact MS equations."
    },
    "model_parameters": {
        "name": "Higgs Inflation",
        "xi": 1000,
        "lambda": 0.13,
        "phi0": 5.5285714285714285,
        "yi": -0.12857142857142856,
        "S": 5e-05
    },
    "numerical_settings": {
        "delta_finite_difference": 1e-05,
        "k_start_factor": 100.0
    },
    "background_info": {
        "total_efolds": 64.85727619335117,
        "exit_N_simulation": 4.939230672482439
    },
    "observables": {
        "n_s": 0.955151717312712,
        "r": 0.003021961328148154,
        "n_s_SR": 0.9672832399606699,
        "r_SR": 0.003095095562699953,
        "P_S_pivot": 7.090613764926827e-07,
        "P_T_pivot": 2.142756059044386e-09
    },
    "spectrum_scan": [
        {
            "label": "k_minus",
            "k_code": 0.002872590024319812,
            "P_S": 7.09061679497098e-07,
            "P_T": 2.14275626140034e-09
        },
        {
            "label": "k_pivot",
            "k_code": 0.0028726187505073173,
            "P_S": 7.090613764926827e-07,
            "P_T": 2.142756059044386e-09
        },
        {
            "label": "k_plus",
            "k_code": 0.0028726474766948224,
            "P_S": 7.090610434934115e-07,
            "P_T": 2.142755762596644e-09
        }
    ]
}