{
    "metadata": {
        "run_id": "57318aa2",
        "timestamp": "2026-03-23T02:12:24.063467",
        "description": "Batch automated calculation of ns and r from exact MS equations."
    },
    "model_parameters": {
        "name": "Higgs Inflation",
        "xi": 1000,
        "lambda": 0.13,
        "phi0": 5.5928571428571425,
        "yi": -0.18571428571428572,
        "S": 5e-05
    },
    "numerical_settings": {
        "delta_finite_difference": 1e-05,
        "k_start_factor": 100.0
    },
    "background_info": {
        "total_efolds": 67.94076502806168,
        "exit_N_simulation": 8.028359021453811
    },
    "observables": {
        "n_s": 0.9574963336369536,
        "r": 0.0030229442879694405,
        "n_s_SR": 0.9672731174231901,
        "r_SR": 0.003096109864769328,
        "P_S_pivot": 7.0882809173109e-07,
        "P_T_pivot": 2.142747831050777e-09
    },
    "spectrum_scan": [
        {
            "label": "k_minus",
            "k_code": 0.06307600636383694,
            "P_S": 7.088283923113741e-07,
            "P_T": 2.142748031280545e-09
        },
        {
            "label": "k_pivot",
            "k_code": 0.06307663713020824,
            "P_S": 7.0882809173109e-07,
            "P_T": 2.142747831050777e-09
        },
        {
            "label": "k_plus",
            "k_code": 0.06307726789657954,
            "P_S": 7.088277897555203e-07,
            "P_T": 2.1427476312716523e-09
        }
    ]
}