{
    "metadata": {
        "run_id": "6d4dd99e",
        "timestamp": "2026-03-23T02:02:34.267432",
        "description": "Batch automated calculation of ns and r from exact MS equations."
    },
    "model_parameters": {
        "name": "Higgs Inflation",
        "xi": 1000,
        "lambda": 0.13,
        "phi0": 5.444444444444445,
        "yi": -0.13333333333333336,
        "S": 5e-05
    },
    "numerical_settings": {
        "delta_finite_difference": 1e-05,
        "k_start_factor": 100.0
    },
    "background_info": {
        "total_efolds": 60.355594491490145,
        "exit_N_simulation": 0.0
    },
    "observables": {
        "n_s": 2.7011393480558428,
        "r": 0.00306824756304937,
        "n_s_SR": 5.197465389125092,
        "r_SR": 0.03358092270722989,
        "P_S_pivot": 2.6743699980008174e-07,
        "P_T_pivot": 8.205629229058355e-10
    },
    "spectrum_scan": [
        {
            "label": "k_minus",
            "k_code": 2.0579417342154722e-05,
            "P_S": 2.674324504995731e-07,
            "P_T": 8.205489670123572e-10
        },
        {
            "label": "k_pivot",
            "k_code": 2.0579623138386103e-05,
            "P_S": 2.6743699980008174e-07,
            "P_T": 8.205629229058355e-10
        },
        {
            "label": "k_plus",
            "k_code": 2.0579828934617488e-05,
            "P_S": 2.674415494516482e-07,
            "P_T": 8.205768788334584e-10
        }
    ]
}