{
    "metadata": {
        "run_id": "7110b94c",
        "timestamp": "2026-03-23T01:03:57.391112",
        "description": "Batch automated calculation of ns and r from exact MS equations."
    },
    "model_parameters": {
        "name": "Higgs Inflation",
        "xi": 1000,
        "lambda": 0.13,
        "phi0": 5.531578947368421,
        "yi": -0.18947368421052632,
        "S": 5e-05
    },
    "numerical_settings": {
        "delta_finite_difference": 1e-05,
        "k_start_factor": 100.0
    },
    "background_info": {
        "total_efolds": 64.46828397200471,
        "exit_N_simulation": 4.116190684368707
    },
    "observables": {
        "n_s": 0.9685059365541593,
        "r": 0.0029787434087714558,
        "n_s_SR": 0.9676138414860884,
        "r_SR": 0.003050366756648435,
        "P_S_pivot": 7.193603472252708e-07,
        "P_T_pivot": 2.142789892828821e-09
    },
    "spectrum_scan": [
        {
            "label": "k_minus",
            "k_code": 0.001261448963219421,
            "P_S": 7.193605755221104e-07,
            "P_T": 2.1427898566114492e-09
        },
        {
            "label": "k_pivot",
            "k_code": 0.0012614615778351994,
            "P_S": 7.193603472252708e-07,
            "P_T": 2.142789892828821e-09
        },
        {
            "label": "k_plus",
            "k_code": 0.0012614741924509777,
            "P_S": 7.193601224105008e-07,
            "P_T": 2.1427899368626896e-09
        }
    ]
}