{
    "metadata": {
        "run_id": "2aa8410a",
        "timestamp": "2026-03-22T22:44:33.308308",
        "description": "Batch automated calculation of ns and r from exact MS equations."
    },
    "model_parameters": {
        "name": "Higgs Inflation",
        "xi": 1000,
        "lambda": 0.13,
        "phi0": 5.875,
        "yi": -0.17500000000000002,
        "S": 5e-05
    },
    "numerical_settings": {
        "delta_finite_difference": 1e-05,
        "k_start_factor": 100.0
    },
    "background_info": {
        "total_efolds": 86.15699248926205,
        "exit_N_simulation": 25.76541124964168
    },
    "observables": {
        "n_s": 0.9687354207205504,
        "r": 0.002971760995569154,
        "P_S_pivot": 7.210709831067693e-07,
        "P_T_pivot": 2.142850622633401e-09
    },
    "spectrum_scan": [
        {
            "label": "k_minus",
            "k_code": 3184291.681459277,
            "P_S": 7.210712093760704e-07,
            "P_T": 2.1428505822645806e-09
        },
        {
            "label": "k_pivot",
            "k_code": 3184323.524694524,
            "P_S": 7.210709831067693e-07,
            "P_T": 2.142850622633401e-09
        },
        {
            "label": "k_plus",
            "k_code": 3184355.367929771,
            "P_S": 7.210707584964516e-07,
            "P_T": 2.1428506690263792e-09
        }
    ]
}