{
    "metadata": {
        "run_id": "ad31996a",
        "timestamp": "2026-03-23T01:10:07.046977",
        "description": "Batch automated calculation of ns and r from exact MS equations."
    },
    "model_parameters": {
        "name": "Higgs Inflation",
        "xi": 1000,
        "lambda": 0.13,
        "phi0": 5.657894736842105,
        "yi": -0.12631578947368421,
        "S": 5e-05
    },
    "numerical_settings": {
        "delta_finite_difference": 1e-05,
        "k_start_factor": 100.0
    },
    "background_info": {
        "total_efolds": 72.47429997343693,
        "exit_N_simulation": 12.355458667686419
    },
    "observables": {
        "n_s": 0.9669879160015653,
        "r": 0.003016170088697923,
        "n_s_SR": 0.9673110440497407,
        "r_SR": 0.0030890666203302834,
        "P_S_pivot": 7.103256047427522e-07,
        "P_T_pivot": 2.142462842261353e-09
    },
    "spectrum_scan": [
        {
            "label": "k_minus",
            "k_code": 4.776454026046762,
            "P_S": 7.10325839312488e-07,
            "P_T": 2.142462830384238e-09
        },
        {
            "label": "k_pivot",
            "k_code": 4.776501791064673,
            "P_S": 7.103256047427522e-07,
            "P_T": 2.142462842261353e-09
        },
        {
            "label": "k_plus",
            "k_code": 4.776549556082584,
            "P_S": 7.103253703259179e-07,
            "P_T": 2.142462852217583e-09
        }
    ]
}