{
    "metadata": {
        "run_id": "8bee813b",
        "timestamp": "2026-03-23T02:11:25.613889",
        "description": "Batch automated calculation of ns and r from exact MS equations."
    },
    "model_parameters": {
        "name": "Higgs Inflation",
        "xi": 1000,
        "lambda": 0.13,
        "phi0": 5.55,
        "yi": -0.1142857142857143,
        "S": 5e-05
    },
    "numerical_settings": {
        "delta_finite_difference": 1e-05,
        "k_start_factor": 100.0
    },
    "background_info": {
        "total_efolds": 66.13276530399962,
        "exit_N_simulation": 6.174724414371374
    },
    "observables": {
        "n_s": 0.9586257567687976,
        "r": 0.003014866967458095,
        "n_s_SR": 0.9673183176592833,
        "r_SR": 0.0030877350582472086,
        "P_S_pivot": 7.107499045871164e-07,
        "P_T_pivot": 2.14281640946369e-09
    },
    "spectrum_scan": [
        {
            "label": "k_minus",
            "k_code": 0.009882070345408065,
            "P_S": 7.107501840144553e-07,
            "P_T": 2.1428165451084484e-09
        },
        {
            "label": "k_pivot",
            "k_code": 0.009882169167099735,
            "P_S": 7.107499045871164e-07,
            "P_T": 2.14281640946369e-09
        },
        {
            "label": "k_plus",
            "k_code": 0.009882267988791407,
            "P_S": 7.107495958796792e-07,
            "P_T": 2.1428161899385666e-09
        }
    ]
}