{
    "metadata": {
        "run_id": "af217b53",
        "timestamp": "2026-03-23T01:09:01.308296",
        "description": "Batch automated calculation of ns and r from exact MS equations."
    },
    "model_parameters": {
        "name": "Higgs Inflation",
        "xi": 1000,
        "lambda": 0.13,
        "phi0": 5.6421052631578945,
        "yi": -0.1842105263157895,
        "S": 5e-05
    },
    "numerical_settings": {
        "delta_finite_difference": 1e-05,
        "k_start_factor": 100.0
    },
    "background_info": {
        "total_efolds": 71.10364894072865,
        "exit_N_simulation": 11.32416161626854
    },
    "observables": {
        "n_s": 0.9651689114986721,
        "r": 0.003062787034673578,
        "n_s_SR": 0.9670515495344211,
        "r_SR": 0.0031374080244427963,
        "P_S_pivot": 6.993826006916425e-07,
        "P_T_pivot": 2.142059961674651e-09
    },
    "spectrum_scan": [
        {
            "label": "k_minus",
            "k_code": 1.7028583447526544,
            "P_S": 6.993828447910444e-07,
            "P_T": 2.1420599861965504e-09
        },
        {
            "label": "k_pivot",
            "k_code": 1.7028753735063893,
            "P_S": 6.993826006916425e-07,
            "P_T": 2.142059961674651e-09
        },
        {
            "label": "k_plus",
            "k_code": 1.7028924022601244,
            "P_S": 6.993823575858981e-07,
            "P_T": 2.1420599433729767e-09
        }
    ]
}