{
    "metadata": {
        "run_id": "e0917ab1",
        "timestamp": "2026-03-23T02:10:23.334870",
        "description": "Batch automated calculation of ns and r from exact MS equations."
    },
    "model_parameters": {
        "name": "Higgs Inflation",
        "xi": 1000,
        "lambda": 0.13,
        "phi0": 5.507142857142857,
        "yi": -0.14285714285714285,
        "S": 5e-05
    },
    "numerical_settings": {
        "delta_finite_difference": 1e-05,
        "k_start_factor": 100.0
    },
    "background_info": {
        "total_efolds": 63.50003415218511,
        "exit_N_simulation": 3.498333604734958
    },
    "observables": {
        "n_s": 0.9751438915397935,
        "r": 0.0030069298187544173,
        "n_s_SR": 0.9677746162522233,
        "r_SR": 0.0030798536209757695,
        "P_S_pivot": 7.120789765215001e-07,
        "P_T_pivot": 2.1411715078106252e-09
    },
    "spectrum_scan": [
        {
            "label": "k_minus",
            "k_code": 0.0006800066579955281,
            "P_S": 7.120791556135869e-07,
            "P_T": 2.1411712994037107e-09
        },
        {
            "label": "k_pivot",
            "k_code": 0.0006800134581301094,
            "P_S": 7.120789765215001e-07,
            "P_T": 2.1411715078106252e-09
        },
        {
            "label": "k_plus",
            "k_code": 0.0006800202582646907,
            "P_S": 7.120788016233401e-07,
            "P_T": 2.141171719114431e-09
        }
    ]
}