{
    "metadata": {
        "run_id": "5eeab9ae",
        "timestamp": "2026-03-23T01:11:48.942129",
        "description": "Batch automated calculation of ns and r from exact MS equations."
    },
    "model_parameters": {
        "name": "Higgs Inflation",
        "xi": 1000,
        "lambda": 0.13,
        "phi0": 5.705263157894737,
        "yi": -0.18947368421052632,
        "S": 5e-05
    },
    "numerical_settings": {
        "delta_finite_difference": 1e-05,
        "k_start_factor": 100.0
    },
    "background_info": {
        "total_efolds": 74.68056918279046,
        "exit_N_simulation": 14.417520124441259
    },
    "observables": {
        "n_s": 0.967763971132445,
        "r": 0.0029937553506330823,
        "n_s_SR": 0.9674364861735147,
        "r_SR": 0.0030658277696847835,
        "P_S_pivot": 7.15709142512264e-07,
        "P_T_pivot": 2.142658074893106e-09
    },
    "spectrum_scan": [
        {
            "label": "k_minus",
            "k_code": 37.554940492458584,
            "P_S": 7.157093758178849e-07,
            "P_T": 2.142658058157841e-09
        },
        {
            "label": "k_pivot",
            "k_code": 37.55531604561904,
            "P_S": 7.15709142512264e-07,
            "P_T": 2.142658074893106e-09
        },
        {
            "label": "k_plus",
            "k_code": 37.5556915987795,
            "P_S": 7.157089143854713e-07,
            "P_T": 2.1426581085043133e-09
        }
    ]
}