{
    "metadata": {
        "run_id": "1cf5731a",
        "timestamp": "2026-03-23T02:10:18.227545",
        "description": "Batch automated calculation of ns and r from exact MS equations."
    },
    "model_parameters": {
        "name": "Higgs Inflation",
        "xi": 1000,
        "lambda": 0.13,
        "phi0": 5.5,
        "yi": -0.10714285714285715,
        "S": 5e-05
    },
    "numerical_settings": {
        "delta_finite_difference": 1e-05,
        "k_start_factor": 100.0
    },
    "background_info": {
        "total_efolds": 63.46105449586436,
        "exit_N_simulation": 3.498230238661483
    },
    "observables": {
        "n_s": 0.974863207530427,
        "r": 0.003014077511063934,
        "n_s_SR": 0.9675937689347597,
        "r_SR": 0.0030871153979901075,
        "P_S_pivot": 7.10369236836777e-07,
        "P_T_pivot": 2.141107941301379e-09
    },
    "spectrum_scan": [
        {
            "label": "k_minus",
            "k_code": 0.0006799266199769472,
            "P_S": 7.103694169073091e-07,
            "P_T": 2.141107738607686e-09
        },
        {
            "label": "k_pivot",
            "k_code": 0.0006799334193111404,
            "P_S": 7.10369236836777e-07,
            "P_T": 2.141107941301379e-09
        },
        {
            "label": "k_plus",
            "k_code": 0.0006799402186453335,
            "P_S": 7.103690597792267e-07,
            "P_T": 2.1411081485924733e-09
        }
    ]
}