{
    "metadata": {
        "run_id": "142ec430",
        "timestamp": "2026-03-23T01:08:33.783259",
        "description": "Batch automated calculation of ns and r from exact MS equations."
    },
    "model_parameters": {
        "name": "Higgs Inflation",
        "xi": 1000,
        "lambda": 0.13,
        "phi0": 5.626315789473684,
        "yi": -0.1473684210526316,
        "S": 5e-05
    },
    "numerical_settings": {
        "delta_finite_difference": 1e-05,
        "k_start_factor": 100.0
    },
    "background_info": {
        "total_efolds": 70.39121337059775,
        "exit_N_simulation": 10.294575292683117
    },
    "observables": {
        "n_s": 0.9667493615807284,
        "r": 0.003019446350906552,
        "n_s_SR": 0.9672927456755829,
        "r_SR": 0.003092463926373236,
        "P_S_pivot": 7.095454396169644e-07,
        "P_T_pivot": 2.1424343884538285e-09
    },
    "spectrum_scan": [
        {
            "label": "k_minus",
            "k_code": 0.6082364892555897,
            "P_S": 7.095456771360995e-07,
            "P_T": 2.142434384175845e-09
        },
        {
            "label": "k_pivot",
            "k_code": 0.6082425716813065,
            "P_S": 7.095454396169644e-07,
            "P_T": 2.1424343884538285e-09
        },
        {
            "label": "k_plus",
            "k_code": 0.6082486541070233,
            "P_S": 7.095452052793207e-07,
            "P_T": 2.142434397650135e-09
        }
    ]
}