{
    "metadata": {
        "run_id": "4985c09c",
        "timestamp": "2026-03-23T01:08:46.467204",
        "description": "Batch automated calculation of ns and r from exact MS equations."
    },
    "model_parameters": {
        "name": "Higgs Inflation",
        "xi": 1000,
        "lambda": 0.13,
        "phi0": 5.626315789473684,
        "yi": -0.11578947368421054,
        "S": 5e-05
    },
    "numerical_settings": {
        "delta_finite_difference": 1e-05,
        "k_start_factor": 100.0
    },
    "background_info": {
        "total_efolds": 70.57666342576421,
        "exit_N_simulation": 10.295037130427755
    },
    "observables": {
        "n_s": 0.9678542470971024,
        "r": 0.002990705763416169,
        "n_s_SR": 0.96745358670573,
        "r_SR": 0.003062666755249062,
        "P_S_pivot": 7.164478512601073e-07,
        "P_T_pivot": 2.142684717950733e-09
    },
    "spectrum_scan": [
        {
            "label": "k_minus",
            "k_code": 0.608552610048827,
            "P_S": 7.164480824005069e-07,
            "P_T": 2.1426846948564898e-09
        },
        {
            "label": "k_pivot",
            "k_code": 0.6085586956357834,
            "P_S": 7.164478512601073e-07,
            "P_T": 2.142684717950733e-09
        },
        {
            "label": "k_plus",
            "k_code": 0.6085647812227397,
            "P_S": 7.16447621785394e-07,
            "P_T": 2.142684750688831e-09
        }
    ]
}