{
    "metadata": {
        "run_id": "cf9aa85d",
        "timestamp": "2026-03-23T01:11:04.617538",
        "description": "Batch automated calculation of ns and r from exact MS equations."
    },
    "model_parameters": {
        "name": "Higgs Inflation",
        "xi": 1000,
        "lambda": 0.13,
        "phi0": 5.689473684210526,
        "yi": -0.19473684210526318,
        "S": 5e-05
    },
    "numerical_settings": {
        "delta_finite_difference": 1e-05,
        "k_start_factor": 100.0
    },
    "background_info": {
        "total_efolds": 73.64709889870018,
        "exit_N_simulation": 13.386706271004105
    },
    "observables": {
        "n_s": 0.9678647463428408,
        "r": 0.0029941881277993293,
        "n_s_SR": 0.9674340599247104,
        "r_SR": 0.003066276423410661,
        "P_S_pivot": 7.156044342298299e-07,
        "P_T_pivot": 2.1426543011715127e-09
    },
    "spectrum_scan": [
        {
            "label": "k_minus",
            "k_code": 13.396456287333852,
            "P_S": 7.156046637883266e-07,
            "P_T": 2.1426542736052014e-09
        },
        {
            "label": "k_pivot",
            "k_code": 13.396590253236383,
            "P_S": 7.156044342298299e-07,
            "P_T": 2.1426543011715127e-09
        },
        {
            "label": "k_plus",
            "k_code": 13.396724219138916,
            "P_S": 7.156042038657257e-07,
            "P_T": 2.142654327244378e-09
        }
    ]
}