{
    "metadata": {
        "run_id": "7deb9826",
        "timestamp": "2026-03-23T01:05:30.019646",
        "description": "Batch automated calculation of ns and r from exact MS equations."
    },
    "model_parameters": {
        "name": "Higgs Inflation",
        "xi": 1000,
        "lambda": 0.13,
        "phi0": 5.563157894736842,
        "yi": -0.17894736842105263,
        "S": 5e-05
    },
    "numerical_settings": {
        "delta_finite_difference": 1e-05,
        "k_start_factor": 100.0
    },
    "background_info": {
        "total_efolds": 66.3978609407042,
        "exit_N_simulation": 6.174998132918164
    },
    "observables": {
        "n_s": 0.9675919275079385,
        "r": 0.0030002171789212566,
        "n_s_SR": 0.9674004531750019,
        "r_SR": 0.003072527423574641,
        "P_S_pivot": 7.141488655732796e-07,
        "P_T_pivot": 2.1426016948000806e-09
    },
    "spectrum_scan": [
        {
            "label": "k_minus",
            "k_code": 0.009885066900093449,
            "P_S": 7.141490974511714e-07,
            "P_T": 2.142601673726972e-09
        },
        {
            "label": "k_pivot",
            "k_code": 0.009885165751750967,
            "P_S": 7.141488655732796e-07,
            "P_T": 2.1426016948000806e-09
        },
        {
            "label": "k_plus",
            "k_code": 0.009885264603408484,
            "P_S": 7.141486345674079e-07,
            "P_T": 2.1426017189197975e-09
        }
    ]
}